snapshot_date,event_id,event_name,event_date,event_time,timezone,event_status,segment,genre,subgenre,promoter,price_min,price_max,currency,venue_id,venue_name,city,state,latitude,longitude,attraction_id,attraction_name
2026-09-18,vv1AFZkfAGkdLNlIH,Monster Jam,2027-03-20,12:00:00,America/New_York,offsale,Sports,Motorsports/Racing,Motorsports/Racing,FELD MOTORSPORTS,,,,KovZpZAJA6FA,Huntington Center,Toledo,OH,41.6510380,-83.5375710,K8vZ917uyff,Monster Jam
2026-09-18,vv1AFZkfAGkdL0Dtv,Monster Jam,2027-03-20,18:00:00,America/New_York,offsale,Sports,Motorsports/Racing,Motorsports/Racing,FELD MOTORSPORTS,,,,KovZpZAJA6FA,Huntington Center,Toledo,OH,41.6510380,-83.5375710,K8vZ917uyff,Monster Jam
2026-09-18,vv1AFZkfAGkdLJ5t1,Monster Jam,2027-03-21,12:00:00,America/New_York,offsale,Sports,Motorsports/Racing,Motorsports/Racing,FELD MOTORSPORTS,,,,KovZpZAJA6FA,Huntington Center,Toledo,OH,41.6510380,-83.5375710,K8vZ917uyff,Monster Jam
2026-09-18,vv1AFZkfAGkdLxhIz,Monster Jam,2027-03-19,19:00:00,America/New_York,offsale,Sports,Motorsports/Racing,Motorsports/Racing,FELD MOTORSPORTS,,,,KovZpZAJA6FA,Huntington Center,Toledo,OH,41.6510380,-83.5375710,K8vZ917uyff,Monster Jam
2026-09-18,vv1AFZkfAGkdLEht3,Monster Jam,2027-03-21,18:00:00,America/New_York,offsale,Sports,Motorsports/Racing,Motorsports/Racing,FELD MOTORSPORTS,,,,KovZpZAJA6FA,Huntington Center,Toledo,OH,41.6510380,-83.5375710,K8vZ917uyff,Monster Jam
2026-09-18,17AOv0G6CrWkEUS,Monster Jam,2026-11-28,12:00:00,America/New_York,onsale,Sports,Motorsports/Racing,Motorsports/Racing,FELD MOTORSPORTS,,,,KovZpZA1lIdA,Wright State University Nutter Center,Dayton,OH,39.7765695,-84.0692765,K8vZ917uyff,Monster Jam
2026-09-18,17AOv0G6CEqHIqe,Monster Jam,2026-11-28,18:00:00,America/New_York,onsale,Sports,Motorsports/Racing,Motorsports/Racing,FELD MOTORSPORTS,,,,KovZpZA1lIdA,Wright State University Nutter Center,Dayton,OH,39.7765695,-84.0692765,K8vZ917uyff,Monster Jam
2026-09-18,1ApZkotGkeDX_8g,Cincinnati Bengals vs. Kansas City Chiefs,2026-12-13,16:25:00,America/New_York,onsale,Sports,Football,NFL,NFL REGULAR SEASON,,,,KovZpZAFkelA,Paycor Stadium,Cincinnati,OH,39.0955556,-84.5161111,K8vZ9171ovV,Cincinnati Bengals
2026-09-18,17AOv0G6CxAEdZF,Monster Jam,2026-11-29,12:00:00,America/New_York,onsale,Sports,Motorsports/Racing,Motorsports/Racing,FELD MOTORSPORTS,,,,KovZpZA1lIdA,Wright State University Nutter Center,Dayton,OH,39.7765695,-84.0692765,K8vZ917uyff,Monster Jam
2026-09-18,vv17fZ_kGkUqRIjA,Cleveland Browns vs. Pittsburgh Steelers,2026-10-01,20:15:00,America/New_York,onsale,Sports,Football,NFL,NFL REGULAR SEASON,,,,KovZpZAFdEJA,Huntington Bank Field,Cleveland,OH,41.5060355,-81.6995696,K8vZ9171oV7,Cleveland Browns
2026-09-18,1ApZkotGkeDBa8a,Cincinnati Bengals vs. Pittsburgh Steelers,2026-11-15,20:20:00,America/New_York,onsale,Sports,Football,NFL,NFL REGULAR SEASON,,,,KovZpZAFkelA,Paycor Stadium,Cincinnati,OH,39.0955556,-84.5161111,K8vZ9171ovV,Cincinnati Bengals
2026-09-18,vv17fZ_kGkUr4FNs,Cleveland Browns vs. Las Vegas Raiders,2026-11-29,13:00:00,America/New_York,onsale,Sports,Football,NFL,NFL REGULAR SEASON,,,,KovZpZAFdEJA,Huntington Bank Field,Cleveland,OH,41.5060355,-81.6995696,K8vZ9171oV7,Cleveland Browns
2026-09-18,1ApZkotGkeDW_8N,Cincinnati Bengals vs. Jacksonville Jaguars,2026-10-04,13:00:00,America/New_York,onsale,Sports,Football,NFL,NFL REGULAR SEASON,,,,KovZpZAFkelA,Paycor Stadium,Cincinnati,OH,39.0955556,-84.5161111,K8vZ9171ovV,Cincinnati Bengals
2026-09-18,vv17fZ_kGkUrCzN1,Cleveland Browns vs. Carolina Panthers,2026-09-27,13:00:00,America/New_York,onsale,Sports,Football,NFL,NFL REGULAR SEASON,,,,KovZpZAFdEJA,Huntington Bank Field,Cleveland,OH,41.5060355,-81.6995696,K8vZ9171oV7,Cleveland Browns
2026-09-18,Z7r9jZ1A7J97a,Cleveland Guardians vs. New York Yankees,2027-04-01,,,offsale,Sports,Baseball,MLB,,,,,Z6r9jZaeee,Progressive Field,Cleveland,OH,41.4924010,-81.6712040,K8vZ91718DV,Cleveland Guardians
2026-09-18,Z7r9jZ1A7J978,Cleveland Guardians vs. New York Yankees,2027-04-02,,,offsale,Sports,Baseball,MLB,,,,,Z6r9jZaeee,Progressive Field,Cleveland,OH,41.4924010,-81.6712040,K8vZ91718DV,Cleveland Guardians
2026-09-18,Z7r9jZ1A7J97o,Cleveland Guardians vs. New York Yankees,2027-04-03,,,offsale,Sports,Baseball,MLB,,,,,Z6r9jZaeee,Progressive Field,Cleveland,OH,41.4924010,-81.6712040,K8vZ91718DV,Cleveland Guardians
2026-09-18,Z7r9jZ1A7J973,Cleveland Guardians vs. New York Yankees,2027-04-04,,,offsale,Sports,Baseball,MLB,,,,,Z6r9jZaeee,Progressive Field,Cleveland,OH,41.4924010,-81.6712040,K8vZ91718DV,Cleveland Guardians
2026-09-18,1ApZkotGkeDUa2w,Cincinnati Bengals vs. Tennessee Titans,2026-11-01,13:00:00,America/New_York,onsale,Sports,Football,NFL,NFL REGULAR SEASON,,,,KovZpZAFkelA,Paycor Stadium,Cincinnati,OH,39.0955556,-84.5161111,K8vZ9171ovV,Cincinnati Bengals
2026-09-18,Z7r9jZ1A7Jp0P,Cincinnati Reds vs. New York Yankees,2027-08-13,,,offsale,Sports,Baseball,MLB,,,,,Z6r9jZ77ae,Great American Ballpark,Cincinnati,OH,39.1064000,-84.5014040,K8vZ9171ok7,Cincinnati Reds
2026-09-18,Z7r9jZ1A7Jp0J,Cincinnati Reds vs. New York Yankees,2027-08-14,,,offsale,Sports,Baseball,MLB,,,,,Z6r9jZ77ae,Great American Ballpark,Cincinnati,OH,39.1064000,-84.5014040,K8vZ9171ok7,Cincinnati Reds
2026-09-18,Z7r9jZ1A7Jp0E,Cincinnati Reds vs. New York Yankees,2027-08-15,,,offsale,Sports,Baseball,MLB,,,,,Z6r9jZ77ae,Great American Ballpark,Cincinnati,OH,39.1064000,-84.5014040,K8vZ9171ok7,Cincinnati Reds
2026-09-18,1ApZkotGkeDDa8f,Cincinnati Bengals vs. Baltimore Ravens,2026-12-31,20:15:00,America/New_York,onsale,Sports,Football,NFL,NFL REGULAR SEASON,,,,KovZpZAFkelA,Paycor Stadium,Cincinnati,OH,39.0955556,-84.5161111,K8vZ9171ovV,Cincinnati Bengals
2026-09-18,1ApZkotGkeDTtoZ,Cincinnati Bengals vs. New Orleans Saints,2026-11-29,13:00:00,America/New_York,onsale,Sports,Football,NFL,NFL REGULAR SEASON,,,,KovZpZAFkelA,Paycor Stadium,Cincinnati,OH,39.0955556,-84.5161111,K8vZ9171ovV,Cincinnati Bengals
2026-09-18,vv17fZ_kGkUqPFQ5,Cleveland Browns vs. Cincinnati Bengals,2026-12-06,13:00:00,America/New_York,onsale,Sports,Football,NFL,NFL REGULAR SEASON,,,,KovZpZAFdEJA,Huntington Bank Field,Cleveland,OH,41.5060355,-81.6995696,K8vZ9171oV7,Cleveland Browns
2026-09-18,vv17fZ_kGkUrvzOc,Cleveland Browns vs. Atlanta Falcons,2026-12-13,13:00:00,America/New_York,onsale,Sports,Football,NFL,NFL REGULAR SEASON,,,,KovZpZAFdEJA,Huntington Bank Field,Cleveland,OH,41.5060355,-81.6995696,K8vZ9171oV7,Cleveland Browns
2026-09-18,vv17fZ_kGkUqLI_j,Cleveland Browns vs. Baltimore Ravens,2026-10-18,13:00:00,America/New_York,onsale,Sports,Football,NFL,NFL REGULAR SEASON,,,,KovZpZAFdEJA,Huntington Bank Field,Cleveland,OH,41.5060355,-81.6995696,K8vZ9171oV7,Cleveland Browns
2026-09-18,vvG1fZ_CM9hGTJ,CBJ V. BOSTON BRUINS,2027-01-02,19:00:00,America/New_York,onsale,Sports,Hockey,NHL,NHL REGULAR SEASON,,,,KovZpZA6kelA,Nationwide Arena,Columbus,OH,39.9693966,-83.0063620,K8vZ9171-C0,Columbus Blue Jackets
2026-09-18,vv17fZ_kGkUqgFjS,Cleveland Browns vs. Houston Texans,2026-11-15,13:00:00,America/New_York,onsale,Sports,Football,NFL,NFL REGULAR SEASON,,,,KovZpZAFdEJA,Huntington Bank Field,Cleveland,OH,41.5060355,-81.6995696,K8vZ9171oV7,Cleveland Browns
2026-09-18,vv17fZ_kGkUqBbLk,Cleveland Browns vs. Indianapolis Colts,2027-01-03,13:00:00,America/New_York,onsale,Sports,Football,NFL,NFL REGULAR SEASON,,,,KovZpZAFdEJA,Huntington Bank Field,Cleveland,OH,41.5060355,-81.6995696,K8vZ9171oV7,Cleveland Browns
2026-09-18,vvG1fZ_CMQEcKE,CBJ V. PITTSBURGH PENGUINS,2026-10-09,19:00:00,America/New_York,onsale,Sports,Hockey,NHL,NHL REGULAR SEASON,,,,KovZpZA6kelA,Nationwide Arena,Columbus,OH,39.9693966,-83.0063620,K8vZ9171-C0,Columbus Blue Jackets
2026-09-18,vvG1fZ_CUiTEPl,PRESEASON - CBJ V. PITTSBURGH PENGUINS,2026-09-24,19:00:00,America/New_York,onsale,Sports,Hockey,NHL,NHL REGULAR SEASON,,,,KovZpZA6kelA,Nationwide Arena,Columbus,OH,39.9693966,-83.0063620,K8vZ9171-C0,Columbus Blue Jackets
2026-09-18,vvG1fZ_CUiX6PP,PRESEASON - CBJ V. DETROIT RED WINGS,2026-09-21,19:00:00,America/New_York,onsale,Sports,Hockey,NHL,NHL REGULAR SEASON,,,,KovZpZA6kelA,Nationwide Arena,Columbus,OH,39.9693966,-83.0063620,K8vZ9171-C0,Columbus Blue Jackets
2026-09-18,vvG1fZ_CMQ0uKK,CBJ V. CHICAGO BLACKHAWKS,2027-03-25,19:00:00,America/New_York,onsale,Sports,Hockey,NHL,NHL REGULAR SEASON,,,,KovZpZA6kelA,Nationwide Arena,Columbus,OH,39.9693966,-83.0063620,K8vZ9171-C0,Columbus Blue Jackets
2026-09-18,vvG1fZ_CMfpiP6,CBJ V. PITTSBURGH PENGUINS,2027-03-16,19:00:00,America/New_York,onsale,Sports,Hockey,NHL,NHL REGULAR SEASON,,,,KovZpZA6kelA,Nationwide Arena,Columbus,OH,39.9693966,-83.0063620,K8vZ9171-C0,Columbus Blue Jackets
2026-09-18,vvG1fZ_CMjqWLa,CBJ V. DETROIT RED WINGS,2026-11-27,15:00:00,America/New_York,onsale,Sports,Hockey,NHL,NHL REGULAR SEASON,,,,KovZpZA6kelA,Nationwide Arena,Columbus,OH,39.9693966,-83.0063620,K8vZ9171-C0,Columbus Blue Jackets
2026-09-18,vvG1fZ_CMQOcKZ,CBJ V. DETROIT RED WINGS,2027-01-30,19:00:00,America/New_York,onsale,Sports,Hockey,NHL,NHL REGULAR SEASON,,,,KovZpZA6kelA,Nationwide Arena,Columbus,OH,39.9693966,-83.0063620,K8vZ9171-C0,Columbus Blue Jackets
2026-09-18,vvG1fZ_CM9qiTD,CBJ V. ANAHEIM DUCKS,2027-01-24,17:00:00,America/New_York,onsale,Sports,Hockey,NHL,NHL REGULAR SEASON,,,,KovZpZA6kelA,Nationwide Arena,Columbus,OH,39.9693966,-83.0063620,K8vZ9171-C0,Columbus Blue Jackets
2026-09-18,vvG1fZ_CUYYFZp,CBJ V. TORONTO MAPLE LEAFS,2026-10-20,19:00:00,America/New_York,onsale,Sports,Hockey,NHL,NHL REGULAR SEASON,,,,KovZpZA6kelA,Nationwide Arena,Columbus,OH,39.9693966,-83.0063620,K8vZ9171-C0,Columbus Blue Jackets
2026-09-18,vvG1fZ_CM90qvG,CBJ V. WASHINGTON CAPITALS,2026-12-31,14:00:00,America/New_York,onsale,Sports,Hockey,NHL,NHL REGULAR SEASON,,,,KovZpZA6kelA,Nationwide Arena,Columbus,OH,39.9693966,-83.0063620,K8vZ9171-C0,Columbus Blue Jackets
2026-09-18,vvG1fZ_CMf_GPf,CBJ V. WASHINGTON CAPITALS,2027-04-06,19:45:00,America/New_York,onsale,Sports,Hockey,NHL,NHL REGULAR SEASON,,,,KovZpZA6kelA,Nationwide Arena,Columbus,OH,39.9693966,-83.0063620,K8vZ9171-C0,Columbus Blue Jackets
2026-09-18,vvG1fZ_CUYmzZZ,CBJ V. NEW YORK RANGERS,2026-10-17,19:00:00,America/New_York,onsale,Sports,Hockey,NHL,NHL REGULAR SEASON,,,,KovZpZA6kelA,Nationwide Arena,Columbus,OH,39.9693966,-83.0063620,K8vZ9171-C0,Columbus Blue Jackets
2026-09-18,vvG1fZ_CMQLq3V,CBJ V. NEW YORK RANGERS,2027-01-05,19:00:00,America/New_York,onsale,Sports,Hockey,NHL,NHL REGULAR SEASON,,,,KovZpZA6kelA,Nationwide Arena,Columbus,OH,39.9693966,-83.0063620,K8vZ9171-C0,Columbus Blue Jackets
2026-09-18,Z7r9jZ1AAZPbv,Cleveland Cavaliers vs. Boston Celtics,2026-10-08,19:00:00,,onsale,Sports,Basketball,NBA,,,,,Z6r9jZ6aAe,Rocket Arena,Cleveland,OH,41.4924010,-81.6712040,K8vZ9171oa7,Cleveland Cavaliers
2026-09-18,Z7r9jZ1AAZI3f,Cleveland Cavaliers vs. Boston Celtics,2027-04-01,19:00:00,,onsale,Sports,Basketball,NBA,,,,,Z6r9jZ6aAe,Rocket Arena,Cleveland,OH,41.4924010,-81.6712040,K8vZ9171oa7,Cleveland Cavaliers
2026-09-18,vvG1fZ_CUYwIZs,CBJ V. DALLAS STARS,2026-11-05,19:00:00,America/New_York,onsale,Sports,Hockey,NHL,NHL REGULAR SEASON,,,,KovZpZA6kelA,Nationwide Arena,Columbus,OH,39.9693966,-83.0063620,K8vZ9171-C0,Columbus Blue Jackets
2026-09-18,Z7r9jZ1AAZIoN,Cleveland Cavaliers vs. New York Knicks,2026-11-07,20:00:00,,onsale,Sports,Basketball,NBA,,,,,Z6r9jZ6aAe,Rocket Arena,Cleveland,OH,41.4924010,-81.6712040,K8vZ9171oa7,Cleveland Cavaliers
2026-09-18,Z7r9jZ1AAZI33,Cleveland Cavaliers vs. Los Angeles Lakers,2027-03-25,19:00:00,,onsale,Sports,Basketball,NBA,,,,,Z6r9jZ6aAe,Rocket Arena,Cleveland,OH,41.4924010,-81.6712040,K8vZ9171oa7,Cleveland Cavaliers
2026-09-18,Z7r9jZ1AAZIoS,Cleveland Cavaliers vs. New York Knicks,2026-12-21,19:00:00,,onsale,Sports,Basketball,NBA,,,,,Z6r9jZ6aAe,Rocket Arena,Cleveland,OH,41.4924010,-81.6712040,K8vZ9171oa7,Cleveland Cavaliers
2026-09-18,Z7r9jZ1AAZIoY,Cleveland Cavaliers vs. Golden State Warriors,2026-12-12,20:00:00,,onsale,Sports,Basketball,NBA,,,,,Z6r9jZ6aAe,Rocket Arena,Cleveland,OH,41.4924010,-81.6712040,K8vZ9171oa7,Cleveland Cavaliers
2026-09-18,Z7r9jZ1A7J97I,Cleveland Guardians vs. Los Angeles Dodgers,2027-05-11,,,offsale,Sports,Baseball,MLB,,,,,Z6r9jZaeee,Progressive Field,Cleveland,OH,41.4924010,-81.6712040,K8vZ91718DV,Cleveland Guardians
2026-09-18,Z7r9jZ1A7J97t,Cleveland Guardians vs. Los Angeles Dodgers,2027-05-12,,,offsale,Sports,Baseball,MLB,,,,,Z6r9jZaeee,Progressive Field,Cleveland,OH,41.4924010,-81.6712040,K8vZ91718DV,Cleveland Guardians
2026-09-18,Z7r9jZ1A7J97Y,Cleveland Guardians vs. Los Angeles Dodgers,2027-05-13,,,offsale,Sports,Baseball,MLB,,,,,Z6r9jZaeee,Progressive Field,Cleveland,OH,41.4924010,-81.6712040,K8vZ91718DV,Cleveland Guardians
2026-09-18,Z7r9jZ1AAZIo0,Cleveland Cavaliers vs. Dallas Mavericks,2026-11-14,19:30:00,,onsale,Sports,Basketball,NBA,,,,,Z6r9jZ6aAe,Rocket Arena,Cleveland,OH,41.4924010,-81.6712040,K8vZ9171oa7,Cleveland Cavaliers
2026-09-18,Z7r9jZ1A7Jp0w,Cincinnati Reds vs. Los Angeles Dodgers,2027-08-23,,,offsale,Sports,Baseball,MLB,,,,,Z6r9jZ77ae,Great American Ballpark,Cincinnati,OH,39.1064000,-84.5014040,K8vZ9171ok7,Cincinnati Reds
2026-09-18,Z7r9jZ1A7Jp0S,Cincinnati Reds vs. Los Angeles Dodgers,2027-08-24,,,offsale,Sports,Baseball,MLB,,,,,Z6r9jZ77ae,Great American Ballpark,Cincinnati,OH,39.1064000,-84.5014040,K8vZ9171ok7,Cincinnati Reds
2026-09-18,Z7r9jZ1A7Jp0V,Cincinnati Reds vs. Los Angeles Dodgers,2027-08-25,,,offsale,Sports,Baseball,MLB,,,,,Z6r9jZ77ae,Great American Ballpark,Cincinnati,OH,39.1064000,-84.5014040,K8vZ9171ok7,Cincinnati Reds
2026-09-18,Z7r9jZ1AAZIob,Cleveland Cavaliers vs. Brooklyn Nets,2026-10-24,19:30:00,,onsale,Sports,Basketball,NBA,,,,,Z6r9jZ6aAe,Rocket Arena,Cleveland,OH,41.4924010,-81.6712040,K8vZ9171oa7,Cleveland Cavaliers
2026-09-18,Z7r9jZ1AAZI3p,Cleveland Cavaliers vs. Brooklyn Nets,2027-04-05,19:00:00,,onsale,Sports,Basketball,NBA,,,,,Z6r9jZ6aAe,Rocket Arena,Cleveland,OH,41.4924010,-81.6712040,K8vZ9171oa7,Cleveland Cavaliers
2026-09-18,vvG1OZ_CBwN4Ea,Disney On Ice presents Find Your Hero,2026-12-12,10:30:00,America/New_York,onsale,Miscellaneous,Ice Shows,Ice Shows,FELD ENTERTAINMENT DISNEY ON ICE,,,,KovZpZAJA6FA,Huntington Center,Toledo,OH,41.6510380,-83.5375710,K8vZ9172HM0,Disney On Ice presents Find Your Hero
2026-09-18,vvG1OZ_CBw0gEf,Disney On Ice presents Find Your Hero,2026-12-12,14:30:00,America/New_York,onsale,Miscellaneous,Ice Shows,Ice Shows,FELD ENTERTAINMENT DISNEY ON ICE,,,,KovZpZAJA6FA,Huntington Center,Toledo,OH,41.6510380,-83.5375710,K8vZ9172HM0,Disney On Ice presents Find Your Hero
2026-09-18,vvG1OZ_CBwEPEO,Disney On Ice presents Find Your Hero,2026-12-13,13:00:00,America/New_York,onsale,Miscellaneous,Ice Shows,Ice Shows,FELD ENTERTAINMENT DISNEY ON ICE,,,,KovZpZAJA6FA,Huntington Center,Toledo,OH,41.6510380,-83.5375710,K8vZ9172HM0,Disney On Ice presents Find Your Hero
2026-09-18,vvG1OZ_CD7EpYK,Disney On Ice presents Find Your Hero,2026-12-11,19:00:00,America/New_York,onsale,Miscellaneous,Ice Shows,Ice Shows,FELD ENTERTAINMENT DISNEY ON ICE,,,,KovZpZAJA6FA,Huntington Center,Toledo,OH,41.6510380,-83.5375710,K8vZ9172HM0,Disney On Ice presents Find Your Hero
2026-09-18,vvG1OZ_CD7tkYq,Disney On Ice presents Find Your Hero,2026-12-12,18:30:00,America/New_York,onsale,Miscellaneous,Ice Shows,Ice Shows,FELD ENTERTAINMENT DISNEY ON ICE,,,,KovZpZAJA6FA,Huntington Center,Toledo,OH,41.6510380,-83.5375710,K8vZ9172HM0,Disney On Ice presents Find Your Hero
2026-09-18,vvG1OZ_CDCL9hV,Disney On Ice presents Find Your Hero,2026-12-10,19:00:00,America/New_York,onsale,Miscellaneous,Ice Shows,Ice Shows,FELD ENTERTAINMENT DISNEY ON ICE,,,,KovZpZAJA6FA,Huntington Center,Toledo,OH,41.6510380,-83.5375710,K8vZ9172HM0,Disney On Ice presents Find Your Hero
2026-09-18,vvG1OZ_CBwtAEP,Disney On Ice presents Find Your Hero,2026-12-13,17:00:00,America/New_York,onsale,Miscellaneous,Ice Shows,Ice Shows,FELD ENTERTAINMENT DISNEY ON ICE,,,,KovZpZAJA6FA,Huntington Center,Toledo,OH,41.6510380,-83.5375710,K8vZ9172HM0,Disney On Ice presents Find Your Hero
2026-09-18,Z7r9jZ1AAZIos,Cleveland Cavaliers vs. San Antonio Spurs,2026-12-15,20:00:00,,onsale,Sports,Basketball,NBA,,,,,Z6r9jZ6aAe,Rocket Arena,Cleveland,OH,41.4924010,-81.6712040,K8vZ9171oa7,Cleveland Cavaliers
2026-09-18,Z7r9jZ1AAZIoI,Cleveland Cavaliers vs. Miami HEAT,2026-11-29,18:00:00,,onsale,Sports,Basketball,NBA,,,,,Z6r9jZ6aAe,Rocket Arena,Cleveland,OH,41.4924010,-81.6712040,K8vZ9171oa7,Cleveland Cavaliers
2026-09-18,Z7r9jZ1AAZI3K,Cleveland Cavaliers vs. Miami HEAT,2027-03-29,19:00:00,,onsale,Sports,Basketball,NBA,,,,,Z6r9jZ6aAe,Rocket Arena,Cleveland,OH,41.4924010,-81.6712040,K8vZ9171oa7,Cleveland Cavaliers
2026-09-18,Z7r9jZ1AAZIox,Cleveland Cavaliers vs. Philadelphia 76ers,2026-11-06,19:30:00,,onsale,Sports,Basketball,NBA,,,,,Z6r9jZ6aAe,Rocket Arena,Cleveland,OH,41.4924010,-81.6712040,K8vZ9171oa7,Cleveland Cavaliers
2026-09-18,Z7r9jZ1AAZI3d,Cleveland Cavaliers vs. Phoenix Suns,2027-02-14,13:00:00,,onsale,Sports,Basketball,NBA,,,,,Z6r9jZ6aAe,Rocket Arena,Cleveland,OH,41.4924010,-81.6712040,K8vZ9171oa7,Cleveland Cavaliers
2026-09-18,Z7r9jZ1AAZkje,Cleveland Cavaliers vs. Orlando Magic,2026-10-11,18:30:00,,onsale,Sports,Basketball,NBA,,,,,Z6r9jZ6aAe,Rocket Arena,Cleveland,OH,41.4924010,-81.6712040,K8vZ9171oa7,Cleveland Cavaliers
2026-09-18,Z7r9jZ1AAZIoP,Cleveland Cavaliers vs. Chicago Bulls,2026-11-16,19:00:00,,onsale,Sports,Basketball,NBA,,,,,Z6r9jZ6aAe,Rocket Arena,Cleveland,OH,41.4924010,-81.6712040,K8vZ9171oa7,Cleveland Cavaliers
2026-09-18,Z7r9jZ1AAZI38,Cleveland Cavaliers vs. Chicago Bulls,2027-03-20,19:30:00,,onsale,Sports,Basketball,NBA,,,,,Z6r9jZ6aAe,Rocket Arena,Cleveland,OH,41.4924010,-81.6712040,K8vZ9171oa7,Cleveland Cavaliers
2026-09-18,Z7r9jZ1AAZI3v,Cleveland Cavaliers vs. Orlando Magic,2027-02-06,19:30:00,,onsale,Sports,Basketball,NBA,,,,,Z6r9jZ6aAe,Rocket Arena,Cleveland,OH,41.4924010,-81.6712040,K8vZ9171oa7,Cleveland Cavaliers
2026-09-18,Z7r9jZ1AAZI36,Cleveland Cavaliers vs. Philadelphia 76ers,2027-03-01,19:00:00,,onsale,Sports,Basketball,NBA,,,,,Z6r9jZ6aAe,Rocket Arena,Cleveland,OH,41.4924010,-81.6712040,K8vZ9171oa7,Cleveland Cavaliers
2026-09-18,Z7r9jZ1AAZI34,Cleveland Cavaliers vs. Charlotte Hornets,2027-04-04,15:00:00,,onsale,Sports,Basketball,NBA,,,,,Z6r9jZ6aAe,Rocket Arena,Cleveland,OH,41.4924010,-81.6712040,K8vZ9171oa7,Cleveland Cavaliers
2026-09-18,Z7r9jZ1AAZI3a,Cleveland Cavaliers vs. Atlanta Hawks,2027-03-06,17:30:00,,onsale,Sports,Basketball,NBA,,,,,Z6r9jZ6aAe,Rocket Arena,Cleveland,OH,41.4924010,-81.6712040,K8vZ9171oa7,Cleveland Cavaliers
2026-09-18,Z7r9jZ1AAZI39,Cleveland Cavaliers vs. Atlanta Hawks,2027-04-11,18:00:00,,onsale,Sports,Basketball,NBA,,,,,Z6r9jZ6aAe,Rocket Arena,Cleveland,OH,41.4924010,-81.6712040,K8vZ9171oa7,Cleveland Cavaliers
2026-09-18,Z7r9jZ1AAZI37,Cleveland Cavaliers vs. Milwaukee Bucks,2027-02-16,19:00:00,,onsale,Sports,Basketball,NBA,,,,,Z6r9jZ6aAe,Rocket Arena,Cleveland,OH,41.4924010,-81.6712040,K8vZ9171oa7,Cleveland Cavaliers
2026-09-18,Z7r9jZ1AAZI3A,Cleveland Cavaliers vs. Milwaukee Bucks,2027-02-17,19:00:00,,onsale,Sports,Basketball,NBA,,,,,Z6r9jZ6aAe,Rocket Arena,Cleveland,OH,41.4924010,-81.6712040,K8vZ9171oa7,Cleveland Cavaliers
2026-09-18,Z7r9jZ1AAZI3k,Cleveland Cavaliers vs. Sacramento Kings,2027-02-25,19:00:00,,onsale,Sports,Basketball,NBA,,,,,Z6r9jZ6aAe,Rocket Arena,Cleveland,OH,41.4924010,-81.6712040,K8vZ9171oa7,Cleveland Cavaliers
2026-09-18,vvG1fZ_CMQxWK2,CBJ V. NEW YORK ISLANDERS,2027-02-27,19:00:00,America/New_York,onsale,Sports,Hockey,NHL,NHL REGULAR SEASON,,,,KovZpZA6kelA,Nationwide Arena,Columbus,OH,39.9693966,-83.0063620,K8vZ9171-C0,Columbus Blue Jackets
2026-09-18,vvG1fZ_CXhDD1j,CBJ V. NEW YORK ISLANDERS,2027-02-22,19:00:00,America/New_York,onsale,Sports,Hockey,NHL,NHL REGULAR SEASON,,,,KovZpZA6kelA,Nationwide Arena,Columbus,OH,39.9693966,-83.0063620,K8vZ9171-C0,Columbus Blue Jackets
2026-09-18,Z7r9jZ1AAZIoz,Cleveland Cavaliers vs. Detroit Pistons,2027-01-18,12:00:00,,onsale,Sports,Basketball,NBA,,,,,Z6r9jZ6aAe,Rocket Arena,Cleveland,OH,41.4924010,-81.6712040,K8vZ9171oa7,Cleveland Cavaliers
2026-09-18,Z7r9jZ1AAZIoy,Cleveland Cavaliers vs. Detroit Pistons,2027-01-27,19:00:00,,onsale,Sports,Basketball,NBA,,,,,Z6r9jZ6aAe,Rocket Arena,Cleveland,OH,41.4924010,-81.6712040,K8vZ9171oa7,Cleveland Cavaliers
2026-09-18,Z7r9jZ1AAZIoE,Cleveland Cavaliers vs. Indiana Pacers,2026-11-20,19:30:00,,onsale,Sports,Basketball,NBA,,,,,Z6r9jZ6aAe,Rocket Arena,Cleveland,OH,41.4924010,-81.6712040,K8vZ9171oa7,Cleveland Cavaliers
2026-09-18,Z7r9jZ1AAZIo_,Cleveland Cavaliers vs. Minnesota Timberwolves,2026-10-26,19:00:00,,onsale,Sports,Basketball,NBA,,,,,Z6r9jZ6aAe,Rocket Arena,Cleveland,OH,41.4924010,-81.6712040,K8vZ9171oa7,Cleveland Cavaliers
2026-09-18,Z7r9jZ1AAZIoJ,Cleveland Cavaliers vs. Memphis Grizzlies,2026-11-18,19:00:00,,onsale,Sports,Basketball,NBA,,,,,Z6r9jZ6aAe,Rocket Arena,Cleveland,OH,41.4924010,-81.6712040,K8vZ9171oa7,Cleveland Cavaliers
2026-09-18,Z7r9jZ1AAZIot,Cleveland Cavaliers vs. Indiana Pacers,2026-12-01,19:00:00,,onsale,Sports,Basketball,NBA,,,,,Z6r9jZ6aAe,Rocket Arena,Cleveland,OH,41.4924010,-81.6712040,K8vZ9171oa7,Cleveland Cavaliers
2026-09-18,vvG1fZ_GKAW2VW,Lady A: This Winter's Night Tour 2026,2026-12-10,19:30:00,America/New_York,onsale,Music,Country,Country,LIVE NATION MUSIC,,,,KovZpZAJAnIA,Northfield Park Racino - Center Stage,Northfield,OH,41.3500299,-81.5266107,K8vZ917GFIf,Lady A
2026-09-18,Z7r9jZ1AAZIoO,Cleveland Cavaliers vs. Washington Wizards,2026-10-28,19:00:00,,onsale,Sports,Basketball,NBA,,,,,Z6r9jZ6aAe,Rocket Arena,Cleveland,OH,41.4924010,-81.6712040,K8vZ9171oa7,Cleveland Cavaliers
2026-09-18,Z7r9jZ1AAZIoV,Cleveland Cavaliers vs. Washington Wizards,2026-12-27,18:00:00,,onsale,Sports,Basketball,NBA,,,,,Z6r9jZ6aAe,Rocket Arena,Cleveland,OH,41.4924010,-81.6712040,K8vZ9171oa7,Cleveland Cavaliers
2026-09-18,Z7r9jZ1AAZI3F,Cleveland Cavaliers vs. Portland Trail Blazers,2027-03-04,19:00:00,,onsale,Sports,Basketball,NBA,,,,,Z6r9jZ6aAe,Rocket Arena,Cleveland,OH,41.4924010,-81.6712040,K8vZ9171oa7,Cleveland Cavaliers
2026-09-18,Z7r9jZ1AAZIo-,Cleveland Cavaliers vs. Oklahoma City Thunder,2026-11-02,19:00:00,,onsale,Sports,Basketball,NBA,,,,,Z6r9jZ6aAe,Rocket Arena,Cleveland,OH,41.4924010,-81.6712040,K8vZ9171oa7,Cleveland Cavaliers
2026-09-18,Z7r9jZ1AAZIog,Cleveland Cavaliers vs. LA Clippers,2026-12-31,15:00:00,,onsale,Sports,Basketball,NBA,,,,,Z6r9jZ6aAe,Rocket Arena,Cleveland,OH,41.4924010,-81.6712040,K8vZ9171oa7,Cleveland Cavaliers
2026-09-18,Z7r9jZ1AAZIoU,Cleveland Cavaliers vs. Toronto Raptors,2027-01-05,19:00:00,,onsale,Sports,Basketball,NBA,,,,,Z6r9jZ6aAe,Rocket Arena,Cleveland,OH,41.4924010,-81.6712040,K8vZ9171oa7,Cleveland Cavaliers
2026-09-18,Z7r9jZ1AAZI3e,Cleveland Cavaliers vs. Toronto Raptors,2027-02-09,19:00:00,,onsale,Sports,Basketball,NBA,,,,,Z6r9jZ6aAe,Rocket Arena,Cleveland,OH,41.4924010,-81.6712040,K8vZ9171oa7,Cleveland Cavaliers
2026-09-18,Z7r9jZ1AAZI3Z,Cleveland Cavaliers vs. New Orleans Pelicans,2027-01-30,19:30:00,,onsale,Sports,Basketball,NBA,,,,,Z6r9jZ6aAe,Rocket Arena,Cleveland,OH,41.4924010,-81.6712040,K8vZ9171oa7,Cleveland Cavaliers
2026-09-18,Z7r9jZ1AAZIow,Cleveland Cavaliers vs. Utah Jazz,2026-12-20,18:00:00,,onsale,Sports,Basketball,NBA,,,,,Z6r9jZ6aAe,Rocket Arena,Cleveland,OH,41.4924010,-81.6712040,K8vZ9171oa7,Cleveland Cavaliers
2026-09-18,Z7r9jZ1AAZI3o,Cleveland Cavaliers vs. Houston Rockets,2027-03-22,19:00:00,,onsale,Sports,Basketball,NBA,,,,,Z6r9jZ6aAe,Rocket Arena,Cleveland,OH,41.4924010,-81.6712040,K8vZ9171oa7,Cleveland Cavaliers
2026-09-18,Z7r9jZ1AAZIoM,Cleveland Cavaliers vs. Denver Nuggets,2027-01-09,17:00:00,,onsale,Sports,Basketball,NBA,,,,,Z6r9jZ6aAe,Rocket Arena,Cleveland,OH,41.4924010,-81.6712040,K8vZ9171oa7,Cleveland Cavaliers
2026-09-18,vvG1fZ_1UqT9_r,Twenty One Pilots - Ohio Stadium,2026-10-17,18:00:00,America/New_York,onsale,Music,Rock,Pop,PROMOTED BY VENUE,,,,KovZpZAEAAeA,Ohio Stadium,Columbus,OH,40.0040030,-83.0193630,K8vZ917ukw7,Twenty One Pilots
2026-09-18,1AvbZ_8GknEkpNl,The R&B Tour - Starring Usher Raymond & Chris Brown,2026-10-24,19:30:00,America/New_York,onsale,Music,R&B,R&B,LIVE NATION MUSIC,,,,KovZpZAFkelA,Paycor Stadium,Cincinnati,OH,39.0955556,-84.5161111,K8vZ917LxIV,Usher Raymond & Chris Brown
2026-09-18,vv17fZ_8GkUIhkxu,Trans-Siberian Orchestra - The Ghosts Of Christmas Eve,2026-12-05,15:00:00,America/New_York,onsale,Music,Rock,Pop,LIVE NATION MUSIC,,,,KovZpZA6kelA,Nationwide Arena,Columbus,OH,39.9693966,-83.0063620,K8vZ9171L10,Trans-Siberian Orchestra
2026-09-18,vv17fZ_8GkUIqpxL,Trans-Siberian Orchestra - The Ghosts Of Christmas Eve,2026-12-05,19:30:00,America/New_York,onsale,Music,Rock,Pop,LIVE NATION MUSIC,,,,KovZpZA6kelA,Nationwide Arena,Columbus,OH,39.9693966,-83.0063620,K8vZ9171L10,Trans-Siberian Orchestra
2026-09-18,1ApZkffGkdGgXqT,Trans-Siberian Orchestra - The Ghosts Of Christmas Eve,2026-11-21,15:00:00,America/New_York,onsale,Music,Rock,Pop,LIVE NATION MUSIC,,,,KovZpZA6tdJA,Heritage Bank Center,Cincinnati,OH,39.0979290,-84.5040880,K8vZ9171L10,Trans-Siberian Orchestra
2026-09-18,1ApZkffGkdGtCqe,Trans-Siberian Orchestra - The Ghosts Of Christmas Eve,2026-11-21,19:30:00,America/New_York,onsale,Music,Rock,Pop,LIVE NATION MUSIC,,,,KovZpZA6tdJA,Heritage Bank Center,Cincinnati,OH,39.0979290,-84.5040880,K8vZ9171L10,Trans-Siberian Orchestra
2026-09-18,vvG1fZ_u68l-X-,Rod Wave: Don't Look Down Tour,2026-10-22,20:00:00,America/New_York,onsale,Music,Hip-Hop/Rap,Trap,LIVE NATION MUSIC,,,,KovZpZA6A1EA,Schottenstein Center,Columbus,OH,40.0080079,-83.0249081,K8vZ917b8z7,Rod Wave
2026-09-18,vv17fZ_3GkDYwNGG,Metallica M72 World Tour,2027-06-15,18:00:00,America/New_York,offsale,Music,Metal,Nu-Metal,LIVE NATION MUSIC,,,,KovZpZAFdEJA,Huntington Bank Field,Cleveland,OH,41.5060355,-81.6995696,K8vZ9171G9V,Metallica
2026-09-18,vvG1fZ_1LnMud3,Ohio State Buckeyes Football vs. Kent State University Golden Flashes Football,2026-09-19,12:00:00,America/New_York,onsale,Sports,Football,College,PROMOTED BY VENUE,,,,KovZpZAEAAeA,Ohio Stadium,Columbus,OH,40.0040030,-83.0193630,K8vZ917Gun0,Ohio State Buckeyes Football
2026-09-18,vv1keZvPv_GA2Rg8I,Trans-Siberian Orchestra - The Ghosts Of Christmas Eve,2026-12-04,19:30:00,America/New_York,onsale,Music,Rock,Pop,LIVE NATION MUSIC,,,,KovZpZAJA6FA,Huntington Center,Toledo,OH,41.6510380,-83.5375710,K8vZ9171L10,Trans-Siberian Orchestra
2026-09-18,vv1keZvPv_GACwg13,Trans-Siberian Orchestra - The Ghosts Of Christmas Eve,2026-12-04,15:00:00,America/New_York,onsale,Music,Rock,Pop,LIVE NATION MUSIC,,,,KovZpZAJA6FA,Huntington Center,Toledo,OH,41.6510380,-83.5375710,K8vZ9171L10,Trans-Siberian Orchestra
2026-09-18,vv1AAZkfAGkd2ZwpT,Trans-Siberian Orchestra - The Ghosts Of Christmas Eve,2026-11-22,14:30:00,America/New_York,onsale,Music,Rock,Pop,LIVE NATION MUSIC,,,,KovZpZA6A1nA,Covelli Centre,Youngstown,OH,41.0956690,-80.6493370,K8vZ9171L10,Trans-Siberian Orchestra
2026-09-18,vv1AAZkfAGkeygXe1,Trans-Siberian Orchestra - The Ghosts Of Christmas Eve,2026-11-22,19:30:00,America/New_York,onsale,Music,Rock,Pop,LIVE NATION MUSIC,,,,KovZpZA6A1nA,Covelli Centre,Youngstown,OH,41.0956690,-80.6493370,K8vZ9171L10,Trans-Siberian Orchestra
2026-09-18,vvG1fZ_1LnHu76,Ohio State Buckeyes Football vs. University of Michigan Wolverines Football,2026-11-28,12:00:00,America/New_York,onsale,Sports,Football,College,PROMOTED BY VENUE,,,,KovZpZAEAAeA,Ohio Stadium,Columbus,OH,40.0040030,-83.0193630,K8vZ917Gun0,Ohio State Buckeyes Football
2026-09-18,vvG1fZ_1LnBudB,Ohio State Buckeyes Football vs. Oregon Ducks Football,2026-11-07,,America/New_York,onsale,Sports,Football,College,PROMOTED BY VENUE,,,,KovZpZAEAAeA,Ohio Stadium,Columbus,OH,40.0040030,-83.0193630,K8vZ917Gun0,Ohio State Buckeyes Football
2026-09-18,vv1keZvPA_GA1KEq6,WWE Monday Night RAW,2026-12-07,19:30:00,America/New_York,onsale,Sports,Wrestling,Wrestling,WORLD WRESTLING ENTERTAINMENT,,,,KovZpZAJA6FA,Huntington Center,Toledo,OH,41.6510380,-83.5375710,K8vZ91718zf,WWE
2026-09-18,vvG1fZ_1Lnzud-,Ohio State Buckeyes Football vs. University of Illinois Fighting Illini Football,2026-09-26,12:00:00,America/New_York,onsale,Sports,Football,College,PROMOTED BY VENUE,,,,KovZpZAEAAeA,Ohio Stadium,Columbus,OH,40.0040030,-83.0193630,K8vZ917Gun0,Ohio State Buckeyes Football
2026-09-18,vvG1fZ_1Lnyudi,Ohio State Buckeyes Football vs. University of Maryland Terrapins Football,2026-10-10,,America/New_York,onsale,Sports,Football,College,PROMOTED BY VENUE,,,,KovZpZAEAAeA,Ohio Stadium,Columbus,OH,40.0040030,-83.0193630,K8vZ917Gun0,Ohio State Buckeyes Football
2026-09-18,vv17fZ_8GkU3Y7M6,WWE Road To Survivor Series: WarGames,2026-10-29,19:30:00,America/New_York,onsale,Sports,Wrestling,Wrestling,WORLD WRESTLING ENTERTAINMENT,,,,KovZpZA6A1nA,Covelli Centre,Youngstown,OH,41.0956690,-80.6493370,K8vZ91718zf,WWE
2026-09-18,vv17fZ_FGkDx0-pN,Teddy Swims: The UGLY Tour,2026-09-30,19:00:00,America/New_York,onsale,Music,Pop,Electro Pop,AEG LIVE,,,,KovZpZA6kelA,Nationwide Arena,Columbus,OH,39.9693966,-83.0063620,K8vZ917bnP0,Teddy Swims
2026-09-18,Z7r9jZ1AAvx-d,Trans-Siberian Orchestra - The Ghosts Of Christmas Eve,2026-12-22,15:00:00,,onsale,Music,Classical,Classical/Vocal,LIVE NATION MUSIC,,,,Z6r9jZ6aAe,Rocket Arena,Cleveland,OH,41.4924010,-81.6712040,K8vZ9171L10,Trans-Siberian Orchestra
2026-09-18,Z7r9jZ1AAvx-k,Trans-Siberian Orchestra - The Ghosts Of Christmas Eve,2026-12-22,19:30:00,,onsale,Music,Classical,Classical/Vocal,LIVE NATION MUSIC,,,,Z6r9jZ6aAe,Rocket Arena,Cleveland,OH,41.4924010,-81.6712040,K8vZ9171L10,Trans-Siberian Orchestra
2026-09-18,vv1AAZkfIGkdE2ffN,Trans-Siberian Orchestra - The Ghosts Of Christmas Eve,2026-12-22,19:30:00,America/New_York,onsale,Music,Rock,Pop,LIVE NATION MUSIC,,,,KovZpZAF7dtA,Rocket Arena,Cleveland,OH,41.4967035,-81.6894825,K8vZ9171L10,Trans-Siberian Orchestra
2026-09-18,vv1AAZkfIGkdJE02v,Trans-Siberian Orchestra - The Ghosts Of Christmas Eve,2026-12-22,15:00:00,America/New_York,onsale,Music,Rock,Pop,LIVE NATION MUSIC,,,,KovZpZAF7dtA,Rocket Arena,Cleveland,OH,41.4967035,-81.6894825,K8vZ9171L10,Trans-Siberian Orchestra
2026-09-18,vvG1fZ_1LnDudT,Ohio State Buckeyes Football vs. Northwestern Wildcats Football,2026-11-14,,America/New_York,onsale,Sports,Football,College,PROMOTED BY VENUE,,,,KovZpZAEAAeA,Ohio Stadium,Columbus,OH,40.0040030,-83.0193630,K8vZ917Gun0,Ohio State Buckeyes Football
2026-09-18,vv17fZ_aGkMTNRI-,Olivia Rodrigo: The Unraveled Tour,2026-10-30,19:00:00,America/New_York,onsale,Music,Pop,Electro Pop,LIVE NATION MUSIC,,,,KovZpZA6A1EA,Schottenstein Center,Columbus,OH,40.0080079,-83.0249081,K8vZ917_Su0,Olivia Rodrigo
2026-09-18,vv17fZ_aGkMTN2Ij,Olivia Rodrigo: The Unraveled Tour,2026-10-29,19:00:00,America/New_York,onsale,Music,Pop,Electro Pop,LIVE NATION MUSIC,,,,KovZpZA6A1EA,Schottenstein Center,Columbus,OH,40.0080079,-83.0249081,K8vZ917_Su0,Olivia Rodrigo
2026-09-18,vv17fZ_kGkBn8ycj,WEEZER: The Gathering,2026-10-06,19:00:00,America/New_York,onsale,Music,Rock,Alternative Rock,LIVE NATION MUSIC,,,,KovZpZA6kelA,Nationwide Arena,Columbus,OH,39.9693966,-83.0063620,K8vZ91713gf,Weezer
2026-09-18,Z7r9jZ1A70sfS,Luke Bryan,2026-09-18,17:00:00,,onsale,Music,Country,Country Folk,,,,,Z7r9jZaAAf,Miller Family Farm,Millersport,OH,39.8979000,-82.5378040,K8vZ917G4u0,Luke Bryan
2026-09-18,vvG1fZ_CUYVzv7,CBJ V. TAMPA BAY LIGHTNING,2026-11-12,19:00:00,America/New_York,onsale,Sports,Hockey,NHL,NHL REGULAR SEASON,,,,KovZpZA6kelA,Nationwide Arena,Columbus,OH,39.9693966,-83.0063620,K8vZ9171-C0,Columbus Blue Jackets
2026-09-18,vvG1fZ_1x9IG7q,Niall Horan: Dinner Party Live On Tour,2027-03-20,19:30:00,America/New_York,onsale,Music,Rock,Pop,LIVE NATION MUSIC,,,,KovZpZA6kelA,Nationwide Arena,Columbus,OH,39.9693966,-83.0063620,K8vZ9174OHV,Niall Horan
2026-09-18,vv17fZ_8GkVokTkM,Jonas Brothers: The Burning Up Tour All Over Again,2026-10-16,19:30:00,America/New_York,onsale,Music,Pop,Electro Pop,LIVE NATION MUSIC,,,,KovZpZA6kelA,Nationwide Arena,Columbus,OH,39.9693966,-83.0063620,K8vZ9175T17,Jonas Brothers
2026-09-18,vv17fZ_6Gkzk_XRx,Johnny Blue Skies & the Dark Clouds - Mutiny for the Masses 2026 Tour,2026-10-07,20:00:00,America/New_York,onsale,Music,Rock,Pop,AEG LIVE,,,,KovZpZA6kelA,Nationwide Arena,Columbus,OH,39.9693966,-83.0063620,K8vZ9178Eof,Johnny Blue Skies
2026-09-18,vv1AAZkfbGkdjr-4o,"TOBYMAC with Jeremy Camp, Seph Schlueter, Katy Nichole: Hits Deep Tour",2027-02-18,19:00:00,America/New_York,onsale,Music,Religious,Gospel,AWAKENING EVENTS,,,,KovZpZA6kelA,Nationwide Arena,Columbus,OH,39.9693966,-83.0063620,K8vZ9175Av7,TOBYMAC
2026-09-18,vvG1fZ_G3rnn0o,Phoebe Bridgers: The Lost Tour,2026-09-22,19:30:00,America/New_York,onsale,Music,Rock,Alternative Rock,THE MESSINA GROUP (TMG),,,,KovZpZA6kelA,Nationwide Arena,Columbus,OH,39.9693966,-83.0063620,K8vZ917KN9V,Phoebe Bridgers
2026-09-18,vvG1fZ_CMQJcKx,OPENING NIGHT - CBJ V. BUFFALO SABRES,2026-10-01,19:00:00,America/New_York,onsale,Sports,Hockey,NHL,NHL REGULAR SEASON,,,,KovZpZA6kelA,Nationwide Arena,Columbus,OH,39.9693966,-83.0063620,K8vZ9171-C0,Columbus Blue Jackets
2026-09-18,vvG1fZ_CM9xuZX,CBJ V. NEW JERSEY DEVILS,2026-11-25,19:00:00,America/New_York,onsale,Sports,Hockey,NHL,NHL REGULAR SEASON,,,,KovZpZA6kelA,Nationwide Arena,Columbus,OH,39.9693966,-83.0063620,K8vZ9171-C0,Columbus Blue Jackets
2026-09-18,vvG1fZ_CM9rcZ1,CBJ V. NEW JERSEY DEVILS,2027-02-26,19:00:00,America/New_York,onsale,Sports,Hockey,NHL,NHL REGULAR SEASON,,,,KovZpZA6kelA,Nationwide Arena,Columbus,OH,39.9693966,-83.0063620,K8vZ9171-C0,Columbus Blue Jackets
2026-09-18,vvG1fZ_CUYiETh,CBJ V. UTAH MAMMOTH,2026-10-03,19:00:00,America/New_York,onsale,Sports,Hockey,NHL,NHL REGULAR SEASON,,,,KovZpZA6kelA,Nationwide Arena,Columbus,OH,39.9693966,-83.0063620,K8vZ9171-C0,Columbus Blue Jackets
2026-09-18,vvG1fZ_CMfhjPI,CBJ V. VEGAS GOLDEN KNIGHTS,2026-10-24,19:00:00,America/New_York,onsale,Sports,Hockey,NHL,NHL REGULAR SEASON,,,,KovZpZA6kelA,Nationwide Arena,Columbus,OH,39.9693966,-83.0063620,K8vZ9171-C0,Columbus Blue Jackets
2026-09-18,vvG1fZ_CM9LWZf,CBJ V. SAN JOSE SHARKS,2027-03-13,19:00:00,America/New_York,onsale,Sports,Hockey,NHL,NHL REGULAR SEASON,,,,KovZpZA6kelA,Nationwide Arena,Columbus,OH,39.9693966,-83.0063620,K8vZ9171-C0,Columbus Blue Jackets
2026-09-18,vvG1fZ_u57CN0u,Ella Langley: The Dandelion Tour,2026-09-25,19:00:00,America/New_York,onsale,Music,Country,Country,PEACHTREE ENTERTAINMENT,,,,KovZpZA6A1EA,Schottenstein Center,Columbus,OH,40.0080079,-83.0249081,K8vZ917_mB0,Ella Langley
2026-09-18,vvG1fZ_CMfjiPU,CBJ V. MONTREAL CANADIENS,2026-12-12,13:00:00,America/New_York,onsale,Sports,Hockey,NHL,NHL REGULAR SEASON,,,,KovZpZA6kelA,Nationwide Arena,Columbus,OH,39.9693966,-83.0063620,K8vZ9171-C0,Columbus Blue Jackets
2026-09-18,vvG1fZ_CUYcMTl,CBJ V. FLORIDA PANTHERS,2026-10-13,18:15:00,America/New_York,onsale,Sports,Hockey,NHL,NHL REGULAR SEASON,,,,KovZpZA6kelA,Nationwide Arena,Columbus,OH,39.9693966,-83.0063620,K8vZ9171-C0,Columbus Blue Jackets
2026-09-18,vvG1fZ_CM9OWZs,CBJ V. PHILADELPHIA FLYERS,2026-11-14,19:00:00,America/New_York,onsale,Sports,Hockey,NHL,NHL REGULAR SEASON,,,,KovZpZA6kelA,Nationwide Arena,Columbus,OH,39.9693966,-83.0063620,K8vZ9171-C0,Columbus Blue Jackets
2026-09-18,vvG1fZ_CUYsbZn,CBJ V. COLORADO AVALANCHE,2026-11-03,19:00:00,America/New_York,onsale,Sports,Hockey,NHL,NHL REGULAR SEASON,,,,KovZpZA6kelA,Nationwide Arena,Columbus,OH,39.9693966,-83.0063620,K8vZ9171-C0,Columbus Blue Jackets
2026-09-18,vvG1fZ_CUYUFv1,CBJ V. MINNESOTA WILD,2026-12-10,19:00:00,America/New_York,onsale,Sports,Hockey,NHL,NHL REGULAR SEASON,,,,KovZpZA6kelA,Nationwide Arena,Columbus,OH,39.9693966,-83.0063620,K8vZ9171-C0,Columbus Blue Jackets
2026-09-18,vvG1fZ_CMjLuL2,CBJ V. EDMONTON OILERS,2026-12-27,18:00:00,America/New_York,onsale,Sports,Hockey,NHL,NHL REGULAR SEASON,,,,KovZpZA6kelA,Nationwide Arena,Columbus,OH,39.9693966,-83.0063620,K8vZ9171-C0,Columbus Blue Jackets
2026-09-18,vvG1fZ_CM9Nqvk,CBJ V. MONTREAL CANADIENS,2026-12-22,19:00:00,America/New_York,onsale,Sports,Hockey,NHL,NHL REGULAR SEASON,,,,KovZpZA6kelA,Nationwide Arena,Columbus,OH,39.9693966,-83.0063620,K8vZ9171-C0,Columbus Blue Jackets
2026-09-18,vvG1fZ_CMfrHJ0,CBJ V. LOS ANGELES KINGS,2026-12-19,19:00:00,America/New_York,onsale,Sports,Hockey,NHL,NHL REGULAR SEASON,,,,KovZpZA6kelA,Nationwide Arena,Columbus,OH,39.9693966,-83.0063620,K8vZ9171-C0,Columbus Blue Jackets
2026-09-18,vvG1fZ_CUYSIZB,CBJ V. FLORIDA PANTHERS,2026-11-10,19:30:00,America/New_York,onsale,Sports,Hockey,NHL,NHL REGULAR SEASON,,,,KovZpZA6kelA,Nationwide Arena,Columbus,OH,39.9693966,-83.0063620,K8vZ9171-C0,Columbus Blue Jackets
2026-09-18,vvG1fZ_CMfqiJA,CBJ V. SEATTLE KRAKEN,2026-12-17,19:00:00,America/New_York,onsale,Sports,Hockey,NHL,NHL REGULAR SEASON,,,,KovZpZA6kelA,Nationwide Arena,Columbus,OH,39.9693966,-83.0063620,K8vZ9171-C0,Columbus Blue Jackets
2026-09-18,vvG1fZ_CM9jjTY,CBJ V. BUFFALO SABRES,2027-01-08,19:00:00,America/New_York,onsale,Sports,Hockey,NHL,NHL REGULAR SEASON,,,,KovZpZA6kelA,Nationwide Arena,Columbus,OH,39.9693966,-83.0063620,K8vZ9171-C0,Columbus Blue Jackets
2026-09-18,vvG1fZ_CUYMbv9,CBJ V. CAROLINA HURRICANES,2026-12-15,19:00:00,America/New_York,onsale,Sports,Hockey,NHL,NHL REGULAR SEASON,,,,KovZpZA6kelA,Nationwide Arena,Columbus,OH,39.9693966,-83.0063620,K8vZ9171-C0,Columbus Blue Jackets
2026-09-18,vvG1fZ_CMQ-cKk,CBJ V. NASHVILLE PREDATORS,2027-02-20,17:00:00,America/New_York,onsale,Sports,Hockey,NHL,NHL REGULAR SEASON,,,,KovZpZA6kelA,Nationwide Arena,Columbus,OH,39.9693966,-83.0063620,K8vZ9171-C0,Columbus Blue Jackets
2026-09-18,vvG1fZ_CMfKG01,CBJ VS OTTAWA SENATORS,2027-02-11,19:00:00,America/New_York,onsale,Sports,Hockey,NHL,NHL REGULAR SEASON,,,,KovZpZA6kelA,Nationwide Arena,Columbus,OH,39.9693966,-83.0063620,K8vZ9171-C0,Columbus Blue Jackets
2026-09-18,vvG1fZ_CMQPqKr,CBJ V. ST. LOUIS BLUES,2027-03-27,19:00:00,America/New_York,onsale,Sports,Hockey,NHL,NHL REGULAR SEASON,,,,KovZpZA6kelA,Nationwide Arena,Columbus,OH,39.9693966,-83.0063620,K8vZ9171-C0,Columbus Blue Jackets
2026-09-18,vvG1fZ_CMfoH0e,CBJ V. CALGARY FLAMES,2027-01-21,19:00:00,America/New_York,onsale,Sports,Hockey,NHL,NHL REGULAR SEASON,,,,KovZpZA6kelA,Nationwide Arena,Columbus,OH,39.9693966,-83.0063620,K8vZ9171-C0,Columbus Blue Jackets
2026-09-18,vvG1fZ_CUYl9Tf,CBJ V. WINNIPEG JETS,2027-01-28,19:00:00,America/New_York,onsale,Sports,Hockey,NHL,NHL REGULAR SEASON,,,,KovZpZA6kelA,Nationwide Arena,Columbus,OH,39.9693966,-83.0063620,K8vZ9171-C0,Columbus Blue Jackets
2026-09-18,vvG1fZ_CMffj0q,CBJ V. CAROLINA HURRICANES,2027-03-01,19:00:00,America/New_York,onsale,Sports,Hockey,NHL,NHL REGULAR SEASON,,,,KovZpZA6kelA,Nationwide Arena,Columbus,OH,39.9693966,-83.0063620,K8vZ9171-C0,Columbus Blue Jackets
2026-09-18,vv1AAZkfAGkdiaz4W,DISPATCH FAMILY VALUE PACK-CBJ VS. DETROIT RED WINGS,2026-09-21,19:00:00,America/New_York,onsale,Sports,Hockey,NHL,PROMOTED BY VENUE,,,,KovZpZA6kelA,Nationwide Arena,Columbus,OH,39.9693966,-83.0063620,K8vZ9171-C0,Columbus Blue Jackets
2026-09-18,vv1AAZkfAGkdi1bpd,DISPATCH FAMILY VALUE PACK-CBJ VS. PITTSBURGH PENGUINS,2026-09-24,19:00:00,America/New_York,onsale,Sports,Hockey,NHL,PROMOTED BY VENUE,,,,KovZpZA6kelA,Nationwide Arena,Columbus,OH,39.9693966,-83.0063620,K8vZ9171-C0,Columbus Blue Jackets
2026-09-18,vv1AAZkfAGkdi1Ip8,DISPATCH FAMILY VALUE PACK-CBJ VS. BUFFALO SABRES,2026-10-01,19:00:00,America/New_York,onsale,Sports,Hockey,NHL,PROMOTED BY VENUE,,,,KovZpZA6kelA,Nationwide Arena,Columbus,OH,39.9693966,-83.0063620,K8vZ9171-C0,Columbus Blue Jackets
2026-09-18,vv1AAZkfAGkdi1zp_,DISPATCH FAMILY VALUE PACK-CBJ VS. UTAH MAMMOTH,2026-10-03,19:00:00,America/New_York,onsale,Sports,Hockey,NHL,PROMOTED BY VENUE,,,,KovZpZA6kelA,Nationwide Arena,Columbus,OH,39.9693966,-83.0063620,K8vZ9171-C0,Columbus Blue Jackets
2026-09-18,vv1AAZkfAGkdi5bpx,DISPATCH FAMILY VALUE PACK-CBJ VS. PITTSBURGH PENGUINS,2026-10-09,19:00:00,America/New_York,onsale,Sports,Hockey,NHL,PROMOTED BY VENUE,,,,KovZpZA6kelA,Nationwide Arena,Columbus,OH,39.9693966,-83.0063620,K8vZ9171-C0,Columbus Blue Jackets
2026-09-18,vv1AAZkfAGkdi5Ipn,DISPATCH FAMILY VALUE PACK-CBJ VS. FLORIDA PANTHERS,2026-10-13,18:15:00,America/New_York,onsale,Sports,Hockey,NHL,PROMOTED BY VENUE,,,,KovZpZA6kelA,Nationwide Arena,Columbus,OH,39.9693966,-83.0063620,K8vZ9171-C0,Columbus Blue Jackets
2026-09-18,vv1AAZkfAGkdi5zpY,DISPATCH FAMILY VALUE PACK-CBJ VS. NEW YORK RANGERS,2026-10-17,19:00:00,America/New_York,onsale,Sports,Hockey,NHL,PROMOTED BY VENUE,,,,KovZpZA6kelA,Nationwide Arena,Columbus,OH,39.9693966,-83.0063620,K8vZ9171-C0,Columbus Blue Jackets
2026-09-18,vv1AAZkfAGkdiGbpM,DISPATCH FAMILY VALUE PACK-CBJ VS. TORONTO MAPLE LEAFS,2026-10-20,19:00:00,America/New_York,onsale,Sports,Hockey,NHL,PROMOTED BY VENUE,,,,KovZpZA6kelA,Nationwide Arena,Columbus,OH,39.9693966,-83.0063620,K8vZ9171-C0,Columbus Blue Jackets
2026-09-18,vv1AAZkfAGkdiGIpX,DISPATCH FAMILY VALUE PACK-CBJ VS. VEGAS GOLDEN KNIGHTS,2026-10-24,19:00:00,America/New_York,onsale,Sports,Hockey,NHL,PROMOTED BY VENUE,,,,KovZpZA6kelA,Nationwide Arena,Columbus,OH,39.9693966,-83.0063620,K8vZ9171-C0,Columbus Blue Jackets
2026-09-18,vv1AAZkfAGkdiGz9k,DISPATCH FAMILY VALUE PACK-CBJ VS. COLORADO AVALANCHE,2026-11-03,19:00:00,America/New_York,onsale,Sports,Hockey,NHL,PROMOTED BY VENUE,,,,KovZpZA6kelA,Nationwide Arena,Columbus,OH,39.9693966,-83.0063620,K8vZ9171-C0,Columbus Blue Jackets
2026-09-18,vv1AAZkfAGkdiub9Q,DISPATCH FAMILY VALUE PACK-CBJ VS. DALLAS STARS,2026-11-05,19:00:00,America/New_York,onsale,Sports,Hockey,NHL,PROMOTED BY VENUE,,,,KovZpZA6kelA,Nationwide Arena,Columbus,OH,39.9693966,-83.0063620,K8vZ9171-C0,Columbus Blue Jackets
2026-09-18,vv1AAZkfAGkdiuI9n,DISPATCH FAMILY VALUE PACK-CBJ VS. FLORIDA PANTHERS,2026-11-10,19:00:00,America/New_York,onsale,Sports,Hockey,NHL,PROMOTED BY VENUE,,,,KovZpZA6kelA,Nationwide Arena,Columbus,OH,39.9693966,-83.0063620,K8vZ9171-C0,Columbus Blue Jackets
2026-09-18,vv1AAZkfAGkdiuz9m,DISPATCH FAMILY VALUE PACK-CBJ VS. TAMPA BAY LIGHTNING,2026-11-12,19:00:00,America/New_York,onsale,Sports,Hockey,NHL,PROMOTED BY VENUE,,,,KovZpZA6kelA,Nationwide Arena,Columbus,OH,39.9693966,-83.0063620,K8vZ9171-C0,Columbus Blue Jackets
2026-09-18,vv1AAZkfAGkdiCF9Y,DISPATCH FAMILY VALUE PACK-CBJ VS. PHILADELPHIA FLYERS,2026-11-14,19:00:00,America/New_York,onsale,Sports,Hockey,NHL,PROMOTED BY VENUE,,,,KovZpZA6kelA,Nationwide Arena,Columbus,OH,39.9693966,-83.0063620,K8vZ9171-C0,Columbus Blue Jackets
2026-09-18,vvG1fZ_CMfQGPP,CBJ V. PHILADELPHIA FLYERS,2027-04-08,19:30:00,America/New_York,onsale,Sports,Hockey,NHL,NHL REGULAR SEASON,,,,KovZpZA6kelA,Nationwide Arena,Columbus,OH,39.9693966,-83.0063620,K8vZ9171-C0,Columbus Blue Jackets
2026-09-18,vv1AAZkfAGkdiCI9z,DISPATCH FAMILY VALUE PACK-CBJ VS. NEW JERSEY DEVILS,2026-11-25,19:00:00,America/New_York,onsale,Sports,Hockey,NHL,PROMOTED BY VENUE,,,,KovZpZA6kelA,Nationwide Arena,Columbus,OH,39.9693966,-83.0063620,K8vZ9171-C0,Columbus Blue Jackets
2026-09-18,vv1AAZkfAGkdiCzb6,DISPATCH FAMILY VALUE PACK-CBJ VS. DETROIT RED WINGS,2026-11-27,15:00:00,America/New_York,onsale,Sports,Hockey,NHL,PROMOTED BY VENUE,,,,KovZpZA6kelA,Nationwide Arena,Columbus,OH,39.9693966,-83.0063620,K8vZ9171-C0,Columbus Blue Jackets
2026-09-18,vv1AAZkfAGkdi2Fbo,DISPATCH FAMILY VALUE PACK-CBJ VS. MINNESOTA WILD,2026-12-10,19:00:00,America/New_York,onsale,Sports,Hockey,NHL,PROMOTED BY VENUE,,,,KovZpZA6kelA,Nationwide Arena,Columbus,OH,39.9693966,-83.0063620,K8vZ9171-C0,Columbus Blue Jackets
2026-09-18,vvG1fZ_CMf4j00,CBJ V. VANCOUVER CANUCKS,2027-03-11,19:00:00,America/New_York,onsale,Sports,Hockey,NHL,NHL REGULAR SEASON,,,,KovZpZA6kelA,Nationwide Arena,Columbus,OH,39.9693966,-83.0063620,K8vZ9171-C0,Columbus Blue Jackets
2026-09-18,vv1AAZkfAGkdi2IbK,DISPATCH FAMILY VALUE PACK-CBJ VS. MONTREAL CANADIENS,2026-12-12,13:00:00,America/New_York,onsale,Sports,Hockey,NHL,PROMOTED BY VENUE,,,,KovZpZA6kelA,Nationwide Arena,Columbus,OH,39.9693966,-83.0063620,K8vZ9171-C0,Columbus Blue Jackets
2026-09-18,vv1AAZkfAGkdi2zb_,DISPATCH FAMILY VALUE PACK-CBJ VS. CAROLINA HURRICANES,2026-12-15,19:00:00,America/New_York,onsale,Sports,Hockey,NHL,PROMOTED BY VENUE,,,,KovZpZA6kelA,Nationwide Arena,Columbus,OH,39.9693966,-83.0063620,K8vZ9171-C0,Columbus Blue Jackets
2026-09-18,vv1AAZkfAGkdi8Fbx,DISPATCH FAMILY VALUE PACK-CBJ VS. SEATTLE KRAKEN,2026-12-17,19:00:00,America/New_York,onsale,Sports,Hockey,NHL,PROMOTED BY VENUE,,,,KovZpZA6kelA,Nationwide Arena,Columbus,OH,39.9693966,-83.0063620,K8vZ9171-C0,Columbus Blue Jackets
2026-09-18,vv1AAZkfAGkdi8bbl,DISPATCH FAMILY VALUE PACK-CBJ VS. LOS ANGELES KINGS,2026-12-19,19:00:00,America/New_York,onsale,Sports,Hockey,NHL,PROMOTED BY VENUE,,,,KovZpZA6kelA,Nationwide Arena,Columbus,OH,39.9693966,-83.0063620,K8vZ9171-C0,Columbus Blue Jackets
2026-09-18,vv1AAZkfAGkdi8zbS,DISPATCH FAMILY VALUE PACK-CBJ VS. MONTREAL CANADIENS,2026-12-22,19:00:00,America/New_York,onsale,Sports,Hockey,NHL,PROMOTED BY VENUE,,,,KovZpZA6kelA,Nationwide Arena,Columbus,OH,39.9693966,-83.0063620,K8vZ9171-C0,Columbus Blue Jackets
2026-09-18,vv1AAZkfAGkdioFbD,DISPATCH FAMILY VALUE PACK-CBJ VS. EDMONTON OILERS,2026-12-27,17:00:00,America/New_York,onsale,Sports,Hockey,NHL,PROMOTED BY VENUE,,,,KovZpZA6kelA,Nationwide Arena,Columbus,OH,39.9693966,-83.0063620,K8vZ9171-C0,Columbus Blue Jackets
2026-09-18,vv1AAZkfAGkdiob_k,DISPATCH FAMILY VALUE PACK-CBJ VS. WASHINGTON CAPITALS,2026-12-31,14:00:00,America/New_York,onsale,Sports,Hockey,NHL,PROMOTED BY VENUE,,,,KovZpZA6kelA,Nationwide Arena,Columbus,OH,39.9693966,-83.0063620,K8vZ9171-C0,Columbus Blue Jackets
2026-09-18,vv1AAZkfAGkdioz_C,DISPATCH FAMILY VALUE PACK-CBJ VS. BOSTON BRUINS,2027-01-02,19:00:00,America/New_York,onsale,Sports,Hockey,NHL,PROMOTED BY VENUE,,,,KovZpZA6kelA,Nationwide Arena,Columbus,OH,39.9693966,-83.0063620,K8vZ9171-C0,Columbus Blue Jackets
2026-09-18,vv1AAZkfAGkdi3F__,DISPATCH FAMILY VALUE PACK-CBJ VS. NEW YORK RANGERS,2027-01-05,19:00:00,America/New_York,onsale,Sports,Hockey,NHL,PROMOTED BY VENUE,,,,KovZpZA6kelA,Nationwide Arena,Columbus,OH,39.9693966,-83.0063620,K8vZ9171-C0,Columbus Blue Jackets
2026-09-18,vv1AAZkfAGkdi3b_0,DISPATCH FAMILY VALUE PACK-CBJ VS. BUFFALO SABRES,2027-01-08,19:00:00,America/New_York,onsale,Sports,Hockey,NHL,PROMOTED BY VENUE,,,,KovZpZA6kelA,Nationwide Arena,Columbus,OH,39.9693966,-83.0063620,K8vZ9171-C0,Columbus Blue Jackets
2026-09-18,vv1AAZkfAGkdi3I_I,DISPATCH FAMILY VALUE PACK-CBJ VS. CALGARY FLAMES,2027-01-21,19:00:00,America/New_York,onsale,Sports,Hockey,NHL,PROMOTED BY VENUE,,,,KovZpZA6kelA,Nationwide Arena,Columbus,OH,39.9693966,-83.0063620,K8vZ9171-C0,Columbus Blue Jackets
2026-09-18,vv1AAZk8EGkdloFXu,Five Finger Death Punch,2026-10-21,18:45:00,America/New_York,onsale,Music,Metal,Nu-Metal,LIVE NATION MUSIC,,,,KovZpZA6kelA,Nationwide Arena,Columbus,OH,39.9693966,-83.0063620,K8vZ917GCJ7,Five Finger Death Punch
2026-09-18,vv1AAZkfAGkdiKF_c,DISPATCH FAMILY VALUE PACK-CBJ VS. ANAHEIM DUCKS,2027-01-24,17:00:00,America/New_York,onsale,Sports,Hockey,NHL,PROMOTED BY VENUE,,,,KovZpZA6kelA,Nationwide Arena,Columbus,OH,39.9693966,-83.0063620,K8vZ9171-C0,Columbus Blue Jackets
2026-09-18,vv1AAZkfAGkdiKb_y,DISPATCH FAMILY VALUE PACK-CBJ VS. WINNIPEG JETS,2027-01-28,19:00:00,America/New_York,onsale,Sports,Hockey,NHL,PROMOTED BY VENUE,,,,KovZpZA6kelA,Nationwide Arena,Columbus,OH,39.9693966,-83.0063620,K8vZ9171-C0,Columbus Blue Jackets
2026-09-18,vv1AAZkfAGkdiKI_T,DISPATCH FAMILY VALUE PACK-CBJ VS. DETROIT RED WINGS,2027-01-30,19:00:00,America/New_York,onsale,Sports,Hockey,NHL,PROMOTED BY VENUE,,,,KovZpZA6kelA,Nationwide Arena,Columbus,OH,39.9693966,-83.0063620,K8vZ9171-C0,Columbus Blue Jackets
2026-09-18,vv1AAZkfAGkdifFQF,DISPATCH FAMILY VALUE PACK-CBJ VS. OTTAWA SENATORS,2027-02-11,19:00:00,America/New_York,onsale,Sports,Hockey,NHL,PROMOTED BY VENUE,,,,KovZpZA6kelA,Nationwide Arena,Columbus,OH,39.9693966,-83.0063620,K8vZ9171-C0,Columbus Blue Jackets
2026-09-18,vv1AAZkfAGkdifbQf,DISPATCH FAMILY VALUE PACK-CBJ VS. NASHVILLE PREDATORS,2027-02-20,17:00:00,America/New_York,onsale,Sports,Hockey,NHL,PROMOTED BY VENUE,,,,KovZpZA6kelA,Nationwide Arena,Columbus,OH,39.9693966,-83.0063620,K8vZ9171-C0,Columbus Blue Jackets
2026-09-18,vv1AAZkfAGkdifzQO,DISPATCH FAMILY VALUE PACK-CBJ VS. NEW YORK ISLANDERS,2027-02-22,19:00:00,America/New_York,onsale,Sports,Hockey,NHL,PROMOTED BY VENUE,,,,KovZpZA6kelA,Nationwide Arena,Columbus,OH,39.9693966,-83.0063620,K8vZ9171-C0,Columbus Blue Jackets
2026-09-18,vv1AAZkfAGkdi4FQs,DISPATCH FAMILY VALUE PACK-CBJ VS. NEW JERSEY DEVILS,2027-02-26,19:00:00,America/New_York,onsale,Sports,Hockey,NHL,PROMOTED BY VENUE,,,,KovZpZA6kelA,Nationwide Arena,Columbus,OH,39.9693966,-83.0063620,K8vZ9171-C0,Columbus Blue Jackets
2026-09-18,1718v0G6uz-SOl4,"Iron Lung, Yambag, Cloud Rat, Pillar of Light, Cynical Display",2026-10-08,18:30:00,America/New_York,onsale,Music,Rock,Pop,,,,,KovZpZA67EaA,Edgemen,Clinton Twp,MI,-40.3541170,175.6098560,K8vZ9173U0f,Cloud Rat
2026-09-18,1Ae0Z_oGkzUAsCg,God's Hate,2026-09-24,18:30:00,America/New_York,onsale,Music,Rock,Pop,,,,,KovZpZA67EaA,Edgemen,Clinton Twp,MI,-40.3541170,175.6098560,,
2026-09-18,1AtZkf0GkeUssuJ,"Scarab, Suicide Eyes, Madman, the Sissy Boys, Ascendancy, Altered Stat",2026-12-06,18:00:00,America/New_York,onsale,Music,Other,Other,,,,,KovZpZA67EaA,Edgemen,Clinton Twp,MI,-40.3541170,175.6098560,,
2026-09-18,LvZ18QEcD1vn7UlN_GMGk,Warrant w/Special Guests SXX,2026-09-19,19:00:00,America/Detroit,onsale,Music,Metal,Heavy Metal,,,,,KovZ917AVcj,The Base Bar & Grill,Springfield,MI,42.3640771,-85.2636289,K8vZ91718-7,Warrant
2026-09-18,LvZ18QEmK0M14wKSCETNE,Lynch Mob w/Special Guest SXX & The Jelly Kones Project,2026-09-18,19:00:00,America/Detroit,onsale,Music,Rock,Pop,,,,,KovZ917AVcj,The Base Bar & Grill,Springfield,MI,42.3640771,-85.2636289,K8vZ9171280,Lynch Mob
2026-09-18,LvZ18QIKYZbQPxwlZTc1-,"R&B ONLY LIVE - Detroit, MI",2026-11-06,20:00:00,America/Detroit,onsale,Music,R&B,R&B,,,,,KovZpZAEAkEA,Saint Andrew's Hall,Detroit,MI,42.3323449,-83.0414640,K8vZ917bcfV,R&B ONLY
2026-09-18,Z7r9jZ1A7-64s,CANN PRESENTS: YACHT ROCK REVUE - PRIMETIME,2026-09-19,20:00:00,,onsale,Music,Other,Other,LIVE NATION MUSIC,,,,Z6r9jZF1ee,Intersection,Grand Rapids,MI,42.9192010,-85.5286030,K8vZ917uZ6V,Yacht Rock Revue
2026-09-18,Z7r9jZ1A7-7v0,Michigan Wolverines Football vs. UCLA Bruins Football,2026-11-21,,,onsale,Sports,Football,College,,,,,ZFr9jZevaA,Michigan Stadium,Ann Arbor,MI,42.2909010,-83.7144010,K8vZ917GCv7,University of Michigan Wolverines Football
2026-09-18,Z7r9jZ1A7-7vN,Michigan Wolverines Football vs. Michigan State Spartans Football,2026-11-07,,,onsale,Sports,Football,College,,,,,ZFr9jZevaA,Michigan Stadium,Ann Arbor,MI,42.2909010,-83.7144010,K8vZ917GCv7,University of Michigan Wolverines Football
2026-09-18,Z7r9jZ1A7-OGK,Shayne Smith,2026-10-23,20:00:00,,onsale,Arts & Theatre,Miscellaneous,Miscellaneous,,,,,Z7r9jZaA6s,Grewal Hall,Lansing,MI,42.7321010,-84.5544970,Z7r9jZa2cS,Shayne Smith
2026-09-18,Z7r9jZ1A7-OGf,A Foreigner???s Journey To Boston,2026-11-05,20:00:00,,onsale,Music,Rock,Classic Rock,,,,,Z7r9jZaA6s,Grewal Hall,Lansing,MI,42.7321010,-84.5544970,K8vZ917LkIf,A Foreigner's Journey To Boston
2026-09-18,Z7r9jZ1A7-VJf,Brooklyn Charmers,2026-10-25,16:00:00,,onsale,Music,Other,Other,,,,,Z7r9jZaA6s,Grewal Hall,Lansing,MI,42.7321010,-84.5544970,Z7r9jZaCJQ,Brooklyn Charmers
2026-09-18,Z7r9jZ1A7-VPO,Central Michigan Chippewas Football vs. Sacramento State Hornets Football,2026-11-11,,,onsale,Sports,Football,College,,,,,Z6r9jZaAke,Kelly Shorts Stadium,Mount Pleasant,MI,43.5975000,-84.7675020,K8vZ9171zc7,Central Michigan University Chippewas Football
2026-09-18,Z7r9jZ1A7-Yus,Gavin Adcock,2026-11-13,18:00:00,,onsale,Music,Country,Country,,,,,ZFr9jZevea,Masonic Temple - Detroit,Detroit,MI,42.3465000,-83.0597990,K8vZ917jQA7,Gavin Adcock
2026-09-18,Z7r9jZ1A7-Yut,Gavin Adcock w/ Braxton Keith,2026-11-14,19:00:00,,onsale,Music,Country,Country,,,,,ZFr9jZeave,Van Andel Arena,Grand Rapids,MI,42.9642980,-85.6568980,K8vZ917jQA7,Gavin Adcock
2026-09-18,Z7r9jZ1A7-bf0,Tucker Wetmore,2026-09-19,17:30:00,,onsale,Music,Country,Country,,,,,ZFr9jZevea,Masonic Temple - Detroit,Detroit,MI,42.3465000,-83.0597990,K8vZ917jYYf,Tucker Wetmore
2026-09-18,Z7r9jZ1A7-f86,Brian Simpson - Comedian,2026-12-05,21:45:00,,onsale,Arts & Theatre,Miscellaneous,Miscellaneous,,,,,ZFr9jZ11kk,Dr. Grins Comedy Club at The B.O.B.,Grand Rapids,MI,42.9642980,-85.6568980,K8vZ917_8OV,Brian Simpson
2026-09-18,Z7r9jZ1A7-f8A,Brian Simpson - Comedian,2026-12-04,19:15:00,,onsale,Arts & Theatre,Miscellaneous,Miscellaneous,,,,,ZFr9jZ11kk,Dr. Grins Comedy Club at The B.O.B.,Grand Rapids,MI,42.9642980,-85.6568980,K8vZ917_8OV,Brian Simpson
2026-09-18,Z7r9jZ1A7-f8F,Brian Simpson - Comedian,2026-12-05,19:15:00,,onsale,Arts & Theatre,Miscellaneous,Miscellaneous,,,,,ZFr9jZ11kk,Dr. Grins Comedy Club at The B.O.B.,Grand Rapids,MI,42.9642980,-85.6568980,K8vZ917_8OV,Brian Simpson
2026-09-18,Z7r9jZ1A7-f8a,Brian Simpson - Comedian,2026-12-03,20:00:00,,onsale,Arts & Theatre,Miscellaneous,Miscellaneous,,,,,ZFr9jZ11kk,Dr. Grins Comedy Club at The B.O.B.,Grand Rapids,MI,42.9642980,-85.6568980,K8vZ917_8OV,Brian Simpson
2026-09-18,Z7r9jZ1A7-f8k,Brian Simpson - Comedian,2026-12-04,21:45:00,,onsale,Arts & Theatre,Miscellaneous,Miscellaneous,,,,,ZFr9jZ11kk,Dr. Grins Comedy Club at The B.O.B.,Grand Rapids,MI,42.9642980,-85.6568980,K8vZ917_8OV,Brian Simpson
2026-09-18,Z7r9jZ1A7-gvZ,Eastern Michigan Eagles Football vs. Toledo Rockets Football,2026-10-17,,,onsale,Sports,Football,College,,,,,ZFr9jZk1ae,Rynearson Stadium,Ypsilanti,MI,42.1967010,-83.6250990,K8vZ917Gue7,Eastern Michigan University Eagles Football
2026-09-18,Z7r9jZ1A7-gva,Western Michigan Broncos Football vs. Boise State Broncos Football,2026-09-26,,,onsale,Sports,Football,College,,,,,ZFr9jZk1av,Waldo Stadium,Kalamazoo,MI,42.2580990,-85.6154020,K8vZ917GuWf,Western Michigan University Football
2026-09-18,Z7r9jZ1A7-gvo,Western Michigan Broncos Football vs. Miami of Ohio Redhawks Football,2026-11-24,,,onsale,Sports,Football,College,,,,,ZFr9jZk1av,Waldo Stadium,Kalamazoo,MI,42.2580990,-85.6154020,K8vZ917GuWf,Western Michigan University Football
2026-09-18,Z7r9jZ1A7-gvs,Central Michigan Chippewas Football vs. Miami of Ohio Redhawks Football,2026-10-24,,,onsale,Sports,Football,College,,,,,Z6r9jZaAke,Kelly Shorts Stadium,Mount Pleasant,MI,43.5975000,-84.7675020,K8vZ9171zc7,Central Michigan University Chippewas Football
2026-09-18,Z7r9jZ1A7-gvv,Eastern Michigan Eagles Football vs. Kent State Golden Flashes Football,2026-11-24,,,onsale,Sports,Football,College,,,,,ZFr9jZk1ae,Rynearson Stadium,Ypsilanti,MI,42.1967010,-83.6250990,K8vZ917Gue7,Eastern Michigan University Eagles Football
2026-09-18,Z7r9jZ1A7-gvw,Central Michigan Chippewas Football vs. Western Michigan Broncos Football,2026-10-17,,,onsale,Sports,Football,College,,,,,Z6r9jZaAke,Kelly Shorts Stadium,Mount Pleasant,MI,43.5975000,-84.7675020,K8vZ9171zc7,Central Michigan University Chippewas Football
2026-09-18,Z7r9jZ1A7-k-M,All American Rejects - Ages 21+,2026-11-07,20:00:00,,rescheduled,Music,Alternative,Alternative Rock,,,,,ZFr9jZ1dFF,FireKeepers Casino,Battle Creek,MI,42.3246990,-85.0949020,K8vZ9175pcV,The All-American Rejects
2026-09-18,Z7r9jZ1A7-tPV,Jacob Collier,2026-10-05,20:00:00,,onsale,Music,Other,Other,,,,,ZFr9jZ6kA7,Midland Center for the Arts,Midland,MI,43.5802000,-84.3508990,K8vZ91745QV,Jacob Collier
2026-09-18,Z7r9jZ1A7-y74,Western Michigan Broncos Football vs. Bowling Green Falcons Football,2026-10-31,,,onsale,Sports,Football,College,,,,,ZFr9jZk1av,Waldo Stadium,Kalamazoo,MI,42.2580990,-85.6154020,K8vZ917GuWf,Western Michigan University Football
2026-09-18,Z7r9jZ1A7-y79,Western Michigan Broncos Football vs. Eastern Michigan Eagles Football,2026-11-17,,,onsale,Sports,Football,College,,,,,ZFr9jZk1av,Waldo Stadium,Kalamazoo,MI,42.2580990,-85.6154020,K8vZ917GuWf,Western Michigan University Football
2026-09-18,Z7r9jZ1A7-y7f,Western Michigan Broncos Football vs. Kent State Golden Flashes Football,2026-10-10,,,onsale,Sports,Football,College,,,,,ZFr9jZk1av,Waldo Stadium,Kalamazoo,MI,42.2580990,-85.6154020,K8vZ917GuWf,Western Michigan University Football
2026-09-18,Z7r9jZ1A7-yA9,Central Michigan Chippewas Football vs. Wyoming Cowboys Football,2026-09-19,13:00:00,,onsale,Sports,Football,College,,,,,Z6r9jZaAke,Kelly Shorts Stadium,Mount Pleasant,MI,43.5975000,-84.7675020,K8vZ9171zc7,Central Michigan University Chippewas Football
2026-09-18,Z7r9jZ1A7-yAb,Central Michigan Chippewas Football vs. Akron Zips Football,2026-10-03,,,onsale,Sports,Football,College,,,,,Z6r9jZaAke,Kelly Shorts Stadium,Mount Pleasant,MI,43.5975000,-84.7675020,K8vZ9171zc7,Central Michigan University Chippewas Football
2026-09-18,Z7r9jZ1A7-zqS,Eastern Michigan Eagles Football vs. Lindenwood Lions Football,2026-09-26,,,onsale,Sports,Football,College,,,,,ZFr9jZk1ae,Rynearson Stadium,Ypsilanti,MI,42.1967010,-83.6250990,K8vZ917Gue7,Eastern Michigan University Eagles Football
2026-09-18,Z7r9jZ1A7-zqV,Eastern Michigan Eagles Football vs. Central Michigan Chippewas Football,2026-11-04,,,onsale,Sports,Football,College,,,,,ZFr9jZk1ae,Rynearson Stadium,Ypsilanti,MI,42.1967010,-83.6250990,K8vZ917Gue7,Eastern Michigan University Eagles Football
2026-09-18,Z7r9jZ1A70-1A,Akeem Ali,2026-11-01,19:00:00,,onsale,Undefined,,,,,,,Z6r9jZ1ade,Majestic Theatre-MI,Detroit,MI,42.3465000,-83.0597990,Z7r9jZ177kCp,Akeem Ali
2026-09-18,Z7r9jZ1A706-O,Interpol,2026-10-09,19:00:00,,onsale,Music,Alternative,Alternative Rock,,,,,Z7r9jZadlb,Jack White Theatre at the Masonic Temple - Detroit,Detroit,MI,42.3465000,-83.0597990,K8vZ91753Nf,Interpol
2026-09-18,Z7r9jZ1A707Pa,Loathe w/ Prostitute,2026-09-19,18:30:00,,onsale,Music,Other,Other,,,,,ZFr9jZeAFA,Royal Oak Music Theatre,Royal Oak,MI,42.4907000,-83.1379010,K8vZ917p3V0,Loathe
2026-09-18,Z7r9jZ1A707f3,Leslie Jones,2026-11-14,19:00:00,,onsale,Arts & Theatre,Miscellaneous,Miscellaneous,,,,,Z7r9jZakbt,Big Room - MI,Grand Rapids,MI,42.9642980,-85.6568980,K8vZ917CAvV,Leslie Jones
2026-09-18,Z7r9jZ1A7087J,Acid Mothers Temple,2026-10-15,19:30:00,,onsale,Music,Rock,Hard Rock,,,,,ZFr9jZ17de,The Pyramid Scheme,Grand Rapids,MI,42.9453010,-85.6127010,K8vZ91742l7,Acid Mothers Temple
2026-09-18,Z7r9jZ1A709a-,Bed By 10pm (21 and Over),2026-09-26,16:00:00,,onsale,Undefined,,,,,,,Z7r9jZadqX,Intersection - Elevation,Grand Rapids,MI,42.9642980,-85.6568980,Z7r9jZ1774qf,Bed By 10pm
2026-09-18,Z7r9jZ1A709f4,Squeeze,2026-09-27,18:00:00,,onsale,Music,Other,Other,,,,,ZFr9jZevea,Masonic Temple - Detroit,Detroit,MI,42.3465000,-83.0597990,K8vZ91712Yf,Squeeze
2026-09-18,Z7r9jZ1A709oo,Switchfoot w/ Anberlin,2026-10-09,20:00:00,,onsale,Music,Alternative,Alternative Rock,,,,,ZFr9jZk6kk,DreamMakers Theater - Kewadin Casino Sault Ste. Ma,Sault Sainte Marie,MI,46.3629000,-84.3293000,K8vZ9171nkV,SWITCHFOOT
2026-09-18,Z7r9jZ1A709u3,Insane Clown Posse,2026-10-31,15:00:00,,onsale,Music,Hip-Hop/Rap,Hip-Hop/Rap,,,,,ZFr9jZevea,Masonic Temple - Detroit,Detroit,MI,42.3465000,-83.0597990,K8vZ9171bQ7,Insane Clown Posse
2026-09-18,Z7r9jZ1A70A-I,Dirty Dancing (Touring),2026-10-17,19:30:00,,onsale,Arts & Theatre,Theatre,Musical,,,,,Z6r9jZk6Fe,Fisher Theatre - Detroit,Detroit,MI,42.3748020,-83.0775990,K8vZ9175Mu0,Dirty Dancing (Touring)
2026-09-18,Z7r9jZ1A70A-Y,Dirty Dancing (Touring),2026-10-18,18:30:00,,onsale,Arts & Theatre,Theatre,Musical,,,,,Z6r9jZk6Fe,Fisher Theatre - Detroit,Detroit,MI,42.3748020,-83.0775990,K8vZ9175Mu0,Dirty Dancing (Touring)
2026-09-18,Z7r9jZ1A70A-s,Dirty Dancing (Touring),2026-10-18,13:00:00,,onsale,Arts & Theatre,Theatre,Musical,,,,,Z6r9jZk6Fe,Fisher Theatre - Detroit,Detroit,MI,42.3748020,-83.0775990,K8vZ9175Mu0,Dirty Dancing (Touring)
2026-09-18,Z7r9jZ1A70A-t,Dirty Dancing (Touring),2026-10-17,14:00:00,,onsale,Arts & Theatre,Theatre,Musical,,,,,Z6r9jZk6Fe,Fisher Theatre - Detroit,Detroit,MI,42.3748020,-83.0775990,K8vZ9175Mu0,Dirty Dancing (Touring)
2026-09-18,Z7r9jZ1A70A_8,Bowling For Soup w/ Ballyhoo,2026-09-18,19:30:00,,onsale,Music,Alternative,Alternative Rock,,,,,Z7r9jZadqX,Intersection - Elevation,Grand Rapids,MI,42.9642980,-85.6568980,K8vZ9175Cvf,Bowling for Soup
2026-09-18,Z7r9jZ1A70Aef,Citizen w/ Anxious,2026-10-02,18:00:00,,onsale,Music,Other,Other,,,,,Z6r9jZ1ade,Majestic Theatre-MI,Detroit,MI,42.3465000,-83.0597990,K8vZ917CMl0,Citizen
2026-09-18,Z7r9jZ1A70AvE,Theresa Caputo,2026-09-18,19:30:00,,onsale,Miscellaneous,Hobby/Special Interest Expos,Hobby/Special Interest Expos,,,,,ZFr9jZkFk1,The Whiting Auditorium,Flint,MI,43.0112000,-83.6894990,K8vZ9172h5V,Theresa Caputo
2026-09-18,Z7r9jZ1A70E4b,Robby Hoffman,2026-10-10,18:00:00,,onsale,Arts & Theatre,Comedy,Comedy,,,,,ZFr9jZeAFA,Royal Oak Music Theatre,Royal Oak,MI,42.4907000,-83.1379010,K8vZ9179Qpf,Robby Hoffman
2026-09-18,Z7r9jZ1A70EQ3,The Crucible,2026-10-24,15:00:00,,onsale,Arts & Theatre,Performance Art,Performance Art,,,,,Z7r9jZadJE,Bay City Players,Bay City,MI,43.5611000,-83.8386000,K8vZ9175unV,The Crucible
2026-09-18,Z7r9jZ1A70EQ8,The Crucible,2026-10-18,15:00:00,,onsale,Arts & Theatre,Performance Art,Performance Art,,,,,Z7r9jZadJE,Bay City Players,Bay City,MI,43.5611000,-83.8386000,K8vZ9175unV,The Crucible
2026-09-18,Z7r9jZ1A70EQK,The Crucible,2026-10-25,15:00:00,,onsale,Arts & Theatre,Performance Art,Performance Art,,,,,Z7r9jZadJE,Bay City Players,Bay City,MI,43.5611000,-83.8386000,K8vZ9175unV,The Crucible
2026-09-18,Z7r9jZ1A70EQ_,Finding Nemo JR.,2027-03-20,15:00:00,,onsale,Undefined,,,,,,,Z7r9jZadJE,Bay City Players,Bay City,MI,43.5611000,-83.8386000,Z7r9jZafqu,Finding Nemo JR.
2026-09-18,Z7r9jZ1A70EQa,The Crucible,2026-10-16,19:30:00,,onsale,Arts & Theatre,Performance Art,Performance Art,,,,,Z7r9jZadJE,Bay City Players,Bay City,MI,43.5611000,-83.8386000,K8vZ9175unV,The Crucible
2026-09-18,Z7r9jZ1A70EQb,Finding Nemo JR.,2027-03-19,18:30:00,,onsale,Undefined,,,,,,,Z7r9jZadJE,Bay City Players,Bay City,MI,43.5611000,-83.8386000,Z7r9jZafqu,Finding Nemo JR.
2026-09-18,Z7r9jZ1A70EQf,The Crucible,2026-10-17,19:30:00,,onsale,Arts & Theatre,Performance Art,Performance Art,,,,,Z7r9jZadJE,Bay City Players,Bay City,MI,43.5611000,-83.8386000,K8vZ9175unV,The Crucible
2026-09-18,Z7r9jZ1A70EQo,The Crucible,2026-10-23,19:30:00,,onsale,Arts & Theatre,Performance Art,Performance Art,,,,,Z7r9jZadJE,Bay City Players,Bay City,MI,43.5611000,-83.8386000,K8vZ9175unV,The Crucible
2026-09-18,Z7r9jZ1A70Ej3,Guys & Dolls,2027-05-09,15:00:00,,onsale,Arts & Theatre,Theatre,Musical,,,,,Z7r9jZadJE,Bay City Players,Bay City,MI,43.5611000,-83.8386000,K8vZ91713Jf,Guys and Dolls
2026-09-18,Z7r9jZ1A70Ej6,Guys & Dolls,2027-05-01,15:00:00,,onsale,Arts & Theatre,Theatre,Musical,,,,,Z7r9jZadJE,Bay City Players,Bay City,MI,43.5611000,-83.8386000,K8vZ91713Jf,Guys and Dolls
2026-09-18,Z7r9jZ1A70Ej7,The Savannah Sipping Society,2027-01-16,15:00:00,,onsale,Arts & Theatre,Miscellaneous,Miscellaneous,,,,,Z7r9jZadJE,Bay City Players,Bay City,MI,43.5611000,-83.8386000,Z7r9jZaGqD,The Savannah Sipping Society
2026-09-18,Z7r9jZ1A70Ej8,Guys & Dolls,2027-04-30,19:30:00,,onsale,Arts & Theatre,Theatre,Musical,,,,,Z7r9jZadJE,Bay City Players,Bay City,MI,43.5611000,-83.8386000,K8vZ91713Jf,Guys and Dolls
2026-09-18,Z7r9jZ1A70EjA,The Savannah Sipping Society,2027-01-15,19:30:00,,onsale,Arts & Theatre,Miscellaneous,Miscellaneous,,,,,Z7r9jZadJE,Bay City Players,Bay City,MI,43.5611000,-83.8386000,Z7r9jZaGqD,The Savannah Sipping Society
2026-09-18,Z7r9jZ1A70EjF,Guys & Dolls,2027-05-08,15:00:00,,onsale,Arts & Theatre,Theatre,Musical,,,,,Z7r9jZadJE,Bay City Players,Bay City,MI,43.5611000,-83.8386000,K8vZ91713Jf,Guys and Dolls
2026-09-18,Z7r9jZ1A70EjK,Guys & Dolls,2027-04-25,15:00:00,,onsale,Arts & Theatre,Theatre,Musical,,,,,Z7r9jZadJE,Bay City Players,Bay City,MI,43.5611000,-83.8386000,K8vZ91713Jf,Guys and Dolls
2026-09-18,Z7r9jZ1A70EjZ,Finding Nemo JR.,2027-03-13,15:00:00,,onsale,Undefined,,,,,,,Z7r9jZadJE,Bay City Players,Bay City,MI,43.5611000,-83.8386000,Z7r9jZafqu,Finding Nemo JR.
2026-09-18,Z7r9jZ1A70Eja,Guys & Dolls,2027-04-24,19:30:00,,onsale,Arts & Theatre,Theatre,Musical,,,,,Z7r9jZadJE,Bay City Players,Bay City,MI,43.5611000,-83.8386000,K8vZ91713Jf,Guys and Dolls
2026-09-18,Z7r9jZ1A70Ejd,The Savannah Sipping Society,2027-01-17,15:00:00,,onsale,Arts & Theatre,Miscellaneous,Miscellaneous,,,,,Z7r9jZadJE,Bay City Players,Bay City,MI,43.5611000,-83.8386000,Z7r9jZaGqD,The Savannah Sipping Society
2026-09-18,Z7r9jZ1A70Eje,Leading Ladies,2026-09-19,19:30:00,,onsale,Arts & Theatre,Miscellaneous,Miscellaneous,,,,,Z7r9jZadJE,Bay City Players,Bay City,MI,43.5611000,-83.8386000,K8vZ917KKtV,Leading Ladies
2026-09-18,Z7r9jZ1A70Ejf,Guys & Dolls,2027-05-02,15:00:00,,onsale,Arts & Theatre,Theatre,Musical,,,,,Z7r9jZadJE,Bay City Players,Bay City,MI,43.5611000,-83.8386000,K8vZ91713Jf,Guys and Dolls
2026-09-18,Z7r9jZ1A70Ejk,Guys & Dolls,2027-04-23,19:30:00,,onsale,Arts & Theatre,Theatre,Musical,,,,,Z7r9jZadJE,Bay City Players,Bay City,MI,43.5611000,-83.8386000,K8vZ91713Jf,Guys and Dolls
2026-09-18,Z7r9jZ1A70Ejo,Guys & Dolls,2027-05-07,19:30:00,,onsale,Arts & Theatre,Theatre,Musical,,,,,Z7r9jZadJE,Bay City Players,Bay City,MI,43.5611000,-83.8386000,K8vZ91713Jf,Guys and Dolls
2026-09-18,Z7r9jZ1A70Ejv,Finding Nemo JR.,2027-03-21,15:00:00,,onsale,Undefined,,,,,,,Z7r9jZadJE,Bay City Players,Bay City,MI,43.5611000,-83.8386000,Z7r9jZafqu,Finding Nemo JR.
2026-09-18,Z7r9jZ1A70I0-,Ole 60,2026-10-17,18:00:00,,onsale,Music,Country,Country,,,,,ZFr9jZevea,Masonic Temple - Detroit,Detroit,MI,42.3465000,-83.0597990,K8vZ917jpEV,Ole 60
2026-09-18,Z7r9jZ1A70I8N,Matt Mathews,2026-10-24,20:00:00,,onsale,Arts & Theatre,Comedy,Comedy,,,,,ZFr9jZ7Ad7,Soaring Eagle Casino & Resort,Mount Pleasant,MI,43.6171990,-84.7948990,K8vZ917hCO7,Matt Mathews
2026-09-18,Z7r9jZ1A70I8y,Come from Away (Touring),2026-09-19,19:30:00,,onsale,Arts & Theatre,Theatre,Musical,,,,,ZFr9jZ6a6F,Croswell Opera House,Adrian,MI,41.9076000,-84.0644000,K8vZ917pn3f,Come From Away (Touring)
2026-09-18,Z7r9jZ1A70Io3,Frozen (Touring),2026-11-25,19:30:00,,onsale,Arts & Theatre,Theatre,Musical,,,,,ZFr9jZ6a6F,Croswell Opera House,Adrian,MI,41.9076000,-84.0644000,K8vZ9179No7,Frozen (Touring)
2026-09-18,Z7r9jZ1A70Io4,Frozen (Touring),2026-11-22,14:30:00,,onsale,Arts & Theatre,Theatre,Musical,,,,,ZFr9jZ6a6F,Croswell Opera House,Adrian,MI,41.9076000,-84.0644000,K8vZ9179No7,Frozen (Touring)
2026-09-18,Z7r9jZ1A70Io7,Come from Away (Touring),2026-09-18,19:30:00,,onsale,Arts & Theatre,Theatre,Musical,,,,,ZFr9jZ6a6F,Croswell Opera House,Adrian,MI,41.9076000,-84.0644000,K8vZ917pn3f,Come From Away (Touring)
2026-09-18,Z7r9jZ1A70Io8,Frozen (Touring),2026-11-21,14:30:00,,onsale,Arts & Theatre,Theatre,Musical,,,,,ZFr9jZ6a6F,Croswell Opera House,Adrian,MI,41.9076000,-84.0644000,K8vZ9179No7,Frozen (Touring)
2026-09-18,Z7r9jZ1A70Io9,Frozen (Touring),2026-12-04,19:30:00,,onsale,Arts & Theatre,Theatre,Musical,,,,,ZFr9jZ6a6F,Croswell Opera House,Adrian,MI,41.9076000,-84.0644000,K8vZ9179No7,Frozen (Touring)
2026-09-18,Z7r9jZ1A70IoA,Come from Away (Touring),2026-09-19,14:30:00,,onsale,Arts & Theatre,Theatre,Musical,,,,,ZFr9jZ6a6F,Croswell Opera House,Adrian,MI,41.9076000,-84.0644000,K8vZ917pn3f,Come From Away (Touring)
2026-09-18,Z7r9jZ1A70IoF,Frozen (Touring),2026-11-28,19:30:00,,onsale,Arts & Theatre,Theatre,Musical,,,,,ZFr9jZ6a6F,Croswell Opera House,Adrian,MI,41.9076000,-84.0644000,K8vZ9179No7,Frozen (Touring)
2026-09-18,Z7r9jZ1A70IoK,Frozen (Touring),2026-12-05,19:30:00,,onsale,Arts & Theatre,Theatre,Musical,,,,,ZFr9jZ6a6F,Croswell Opera House,Adrian,MI,41.9076000,-84.0644000,K8vZ9179No7,Frozen (Touring)
2026-09-18,Z7r9jZ1A70IoO,Home for the Holidays,2026-12-12,19:00:00,,onsale,Miscellaneous,Fairs & Festivals,,,,,,ZFr9jZ6a6F,Croswell Opera House,Adrian,MI,41.9076000,-84.0644000,K8vZ917oy97,Home for the Holidays
2026-09-18,Z7r9jZ1A70Io_,Home for the Holidays,2026-12-13,14:30:00,,onsale,Miscellaneous,Fairs & Festivals,,,,,,ZFr9jZ6a6F,Croswell Opera House,Adrian,MI,41.9076000,-84.0644000,K8vZ917oy97,Home for the Holidays
2026-09-18,Z7r9jZ1A70Ioa,Frozen (Touring),2026-11-29,14:30:00,,onsale,Arts & Theatre,Theatre,Musical,,,,,ZFr9jZ6a6F,Croswell Opera House,Adrian,MI,41.9076000,-84.0644000,K8vZ9179No7,Frozen (Touring)
2026-09-18,Z7r9jZ1A70Iob,Frozen (Touring),2026-11-21,19:30:00,,onsale,Arts & Theatre,Theatre,Musical,,,,,ZFr9jZ6a6F,Croswell Opera House,Adrian,MI,41.9076000,-84.0644000,K8vZ9179No7,Frozen (Touring)
2026-09-18,Z7r9jZ1A70Iof,Frozen (Touring),2026-11-28,14:30:00,,onsale,Arts & Theatre,Theatre,Musical,,,,,ZFr9jZ6a6F,Croswell Opera House,Adrian,MI,41.9076000,-84.0644000,K8vZ9179No7,Frozen (Touring)
2026-09-18,Z7r9jZ1A70Ioo,Frozen (Touring),2026-11-27,19:30:00,,onsale,Arts & Theatre,Theatre,Musical,,,,,ZFr9jZ6a6F,Croswell Opera House,Adrian,MI,41.9076000,-84.0644000,K8vZ9179No7,Frozen (Touring)
2026-09-18,Z7r9jZ1A70Iop,Frozen (Touring),2026-12-05,14:30:00,,onsale,Arts & Theatre,Theatre,Musical,,,,,ZFr9jZ6a6F,Croswell Opera House,Adrian,MI,41.9076000,-84.0644000,K8vZ9179No7,Frozen (Touring)
2026-09-18,Z7r9jZ1A70Iov,Come from Away (Touring),2026-09-20,14:30:00,,onsale,Arts & Theatre,Theatre,Musical,,,,,ZFr9jZ6a6F,Croswell Opera House,Adrian,MI,41.9076000,-84.0644000,K8vZ917pn3f,Come From Away (Touring)
2026-09-18,Z7r9jZ1A70JFI,Kalamazoo Wings vs. Savannah Ghost Pirates,2027-03-05,19:00:00,,offsale,Sports,Hockey,Minor League,,,,,ZFr9jZea17,Wings Event Center,Kalamazoo,MI,42.2663000,-85.5616990,K8vZ9171o37,Kalamazoo Wings
2026-09-18,Z7r9jZ1A70JFM,Kalamazoo Wings vs. Cincinnati Cyclones,2026-11-29,15:00:00,,offsale,Sports,Hockey,Minor League,,,,,ZFr9jZea17,Wings Event Center,Kalamazoo,MI,42.2663000,-85.5616990,K8vZ9171o37,Kalamazoo Wings
2026-09-18,Z7r9jZ1A70JFS,Kalamazoo Wings vs. Toledo Walleye,2026-10-30,19:00:00,,offsale,Sports,Hockey,Minor League,,,,,ZFr9jZea17,Wings Event Center,Kalamazoo,MI,42.2663000,-85.5616990,K8vZ9171o37,Kalamazoo Wings
2026-09-18,Z7r9jZ1A70JFU,Kalamazoo Wings vs. Fort Wayne Komets,2026-12-13,15:00:00,,offsale,Sports,Hockey,Minor League,,,,,ZFr9jZea17,Wings Event Center,Kalamazoo,MI,42.2663000,-85.5616990,K8vZ9171o37,Kalamazoo Wings
2026-09-18,Z7r9jZ1A70JFV,Kalamazoo Wings vs. Indy Fuel,2027-01-10,15:00:00,,offsale,Sports,Hockey,Minor League,,,,,ZFr9jZea17,Wings Event Center,Kalamazoo,MI,42.2663000,-85.5616990,K8vZ9171o37,Kalamazoo Wings
2026-09-18,Z7r9jZ1A70JFY,Kalamazoo Wings vs. Bloomington Bison,2027-01-16,19:00:00,,offsale,Sports,Hockey,Minor League,,,,,ZFr9jZea17,Wings Event Center,Kalamazoo,MI,42.2663000,-85.5616990,K8vZ9171o37,Kalamazoo Wings
2026-09-18,Z7r9jZ1A70JFg,Kalamazoo Wings vs. Wheeling Nailers,2026-12-11,19:00:00,,offsale,Sports,Hockey,Minor League,,,,,ZFr9jZea17,Wings Event Center,Kalamazoo,MI,42.2663000,-85.5616990,K8vZ9171o37,Kalamazoo Wings
2026-09-18,Z7r9jZ1A70JFs,Kalamazoo Wings vs. Bloomington Bison,2027-01-15,19:00:00,,offsale,Sports,Hockey,Minor League,,,,,ZFr9jZea17,Wings Event Center,Kalamazoo,MI,42.2663000,-85.5616990,K8vZ9171o37,Kalamazoo Wings
2026-09-18,Z7r9jZ1A70JFt,Kalamazoo Wings vs. Indy Fuel,2027-03-22,19:00:00,,offsale,Sports,Hockey,Minor League,,,,,ZFr9jZea17,Wings Event Center,Kalamazoo,MI,42.2663000,-85.5616990,K8vZ9171o37,Kalamazoo Wings
2026-09-18,Z7r9jZ1A70JFw,Kalamazoo Wings vs. Fort Wayne Komets,2027-03-12,19:00:00,,offsale,Sports,Hockey,Minor League,,,,,ZFr9jZea17,Wings Event Center,Kalamazoo,MI,42.2663000,-85.5616990,K8vZ9171o37,Kalamazoo Wings
2026-09-18,Z7r9jZ1A70JFy,Kalamazoo Wings vs. Toledo Walleye,2026-11-25,19:00:00,,offsale,Sports,Hockey,Minor League,,,,,ZFr9jZea17,Wings Event Center,Kalamazoo,MI,42.2663000,-85.5616990,K8vZ9171o37,Kalamazoo Wings
2026-09-18,Z7r9jZ1A70JFz,Kalamazoo Wings vs. Indy Fuel,2027-02-06,19:00:00,,offsale,Sports,Hockey,Minor League,,,,,ZFr9jZea17,Wings Event Center,Kalamazoo,MI,42.2663000,-85.5616990,K8vZ9171o37,Kalamazoo Wings
2026-09-18,Z7r9jZ1A70JOg,Arrows In Action,2026-09-24,18:00:00,,onsale,Music,Other,Other,,,,,Z7r9jZaeBp,El Club,Detroit,MI,42.3056980,-83.1159970,Z7r9jZaoKx,Arrows In Action
2026-09-18,Z7r9jZ1A70Ja6,Kalamazoo Wings vs. Toledo Walleye,2027-01-31,15:00:00,,offsale,Sports,Hockey,Minor League,,,,,ZFr9jZea17,Wings Event Center,Kalamazoo,MI,42.2663000,-85.5616990,K8vZ9171o37,Kalamazoo Wings
2026-09-18,Z7r9jZ1A70JaF,Kalamazoo Wings vs. Indy Fuel,2027-01-23,19:00:00,,offsale,Sports,Hockey,Minor League,,,,,ZFr9jZea17,Wings Event Center,Kalamazoo,MI,42.2663000,-85.5616990,K8vZ9171o37,Kalamazoo Wings
2026-09-18,Z7r9jZ1A70JaZ,Kalamazoo Wings vs. Bloomington Bison,2027-04-11,15:00:00,,offsale,Sports,Hockey,Minor League,,,,,ZFr9jZea17,Wings Event Center,Kalamazoo,MI,42.2663000,-85.5616990,K8vZ9171o37,Kalamazoo Wings
2026-09-18,Z7r9jZ1A70Jad,Kalamazoo Wings vs. Bloomington Bison,2027-04-10,19:00:00,,offsale,Sports,Hockey,Minor League,,,,,ZFr9jZea17,Wings Event Center,Kalamazoo,MI,42.2663000,-85.5616990,K8vZ9171o37,Kalamazoo Wings
2026-09-18,Z7r9jZ1A70Jae,Kalamazoo Wings vs. Cincinnati Cyclones,2027-01-30,19:00:00,,offsale,Sports,Hockey,Minor League,,,,,ZFr9jZea17,Wings Event Center,Kalamazoo,MI,42.2663000,-85.5616990,K8vZ9171o37,Kalamazoo Wings
2026-09-18,Z7r9jZ1A70Jak,Kalamazoo Wings vs. Bloomington Bison,2026-10-31,19:00:00,,offsale,Sports,Hockey,Minor League,,,,,ZFr9jZea17,Wings Event Center,Kalamazoo,MI,42.2663000,-85.5616990,K8vZ9171o37,Kalamazoo Wings
2026-09-18,Z7r9jZ1A70Jav,Kalamazoo Wings vs. Toledo Walleye,2026-12-31,18:00:00,,offsale,Sports,Hockey,Minor League,,,,,ZFr9jZea17,Wings Event Center,Kalamazoo,MI,42.2663000,-85.5616990,K8vZ9171o37,Kalamazoo Wings
2026-09-18,Z7r9jZ1A70KZa,The Menzingers w/ Hot Water Music,2026-11-11,18:00:00,,onsale,Music,Rock,Punk,,,,,Z6r9jZ1ade,Majestic Theatre-MI,Detroit,MI,42.3465000,-83.0597990,K8vZ917GmQ7,The Menzingers
2026-09-18,Z7r9jZ1A70KZw,Alana Springsteen w/ Kyle Schuesler,2026-10-09,19:30:00,,onsale,Music,Other,Other,,,,,Z7r9jZadqX,Intersection - Elevation,Grand Rapids,MI,42.9642980,-85.6568980,Z7r9jZa8rB,Alana Springsteen
2026-09-18,Z7r9jZ1A70KkA,Echoes of Pompeii w/ Kashmir,2026-09-18,19:30:00,,rescheduled,Music,Other,Other,,,,,Z7r9jZaAJo,Warner Vineyards,Paw Paw,MI,42.2414020,-85.9105000,Z7r9jZaa1o,Echoes of Pompeii
2026-09-18,Z7r9jZ1A70NJ_,Paris Paloma w/ Susannah Joffe,2026-10-16,19:00:00,,onsale,Undefined,,,,,,,Z7r9jZadlb,Jack White Theatre at the Masonic Temple - Detroit,Detroit,MI,42.3465000,-83.0597990,Z7r9jZa9W-,Paris Paloma
2026-09-18,Z7r9jZ1A70PGI,Shakey Graves w/ Jobi Riccio,2026-12-15,19:00:00,,onsale,Music,Country,Country Folk,,,,,ZFr9jZeAFA,Royal Oak Music Theatre,Royal Oak,MI,42.4907000,-83.1379010,K8vZ9178Ppf,Shakey Graves
2026-09-18,Z7r9jZ1A70Sa4,Akaash Singh,2026-10-03,20:30:00,,onsale,Arts & Theatre,Miscellaneous,Miscellaneous,,,,,ZFr9jZeAFA,Royal Oak Music Theatre,Royal Oak,MI,42.4907000,-83.1379010,Z7r9jZa8hO,Akaash Singh
2026-09-18,Z7r9jZ1A70Sf3,Grand Valley State Lakers Football vs. Wayne State College Wildcats Football,2026-10-03,15:00:00,,onsale,Sports,Miscellaneous,Miscellaneous,,,,,Z7r9jZa7_g,Lubbers Stadium,Allendale,MI,42.9767000,-85.9382020,Z7r9jZa2-o,Grand Valley State Lakers Football
2026-09-18,Z7r9jZ1A70SfK,Grand Valley State Lakers Football vs. Ferris State Bulldogs Football,2026-10-17,15:00:00,,onsale,Sports,Miscellaneous,Miscellaneous,,,,,Z7r9jZa7_g,Lubbers Stadium,Allendale,MI,42.9767000,-85.9382020,Z7r9jZa2-o,Grand Valley State Lakers Football
2026-09-18,Z7r9jZ1A70Sff,Grand Valley State Lakers Football vs. Northern Michigan Wildcats Football,2026-11-07,13:00:00,,onsale,Sports,Miscellaneous,Miscellaneous,,,,,Z7r9jZa7_g,Lubbers Stadium,Allendale,MI,42.9767000,-85.9382020,Z7r9jZa2-o,Grand Valley State Lakers Football
2026-09-18,Z7r9jZ1A70Sfo,Grand Valley State Lakers Football vs. Judson University Eagles Football,2026-09-19,19:00:00,,onsale,Sports,Miscellaneous,Miscellaneous,,,,,Z7r9jZa7_g,Lubbers Stadium,Allendale,MI,42.9767000,-85.9382020,Z7r9jZa2-o,Grand Valley State Lakers Football
2026-09-18,Z7r9jZ1A70U0_,Best in Grass Michigan Award Show 2026,2026-10-06,19:00:00,,onsale,Music,Country,Country Folk,,,,,ZFr9jZeAFA,Royal Oak Music Theatre,Royal Oak,MI,42.4907000,-83.1379010,K8vZ9171FbV,The Mavericks
2026-09-18,Z7r9jZ1A70U0b,The Midnight: Time Machines,2026-10-15,19:00:00,,onsale,Music,Other,Other,,,,,ZFr9jZeAFA,Royal Oak Music Theatre,Royal Oak,MI,42.4907000,-83.1379010,K8vZ917pDpV,The Midnight
2026-09-18,Z7r9jZ1A70Uaf,The Rocky Horror Picture Show feat. Nell Campbell,2026-10-08,19:00:00,,onsale,Arts & Theatre,Theatre,Musical,,,,,Z6r9jZk6Fe,Fisher Theatre - Detroit,Detroit,MI,42.3748020,-83.0775990,K8vZ9171hSf,The Rocky Horror Picture Show
2026-09-18,Z7r9jZ1A70Uap,Blippi: Be Like Blippi Tour,2026-11-14,14:00:00,,onsale,Undefined,,,,,,,Z6r9jZk6Fe,Fisher Theatre - Detroit,Detroit,MI,42.3748020,-83.0775990,Z7r9jZ177_87,Blippi: Be Like Blippi Tour
2026-09-18,Z7r9jZ1A70UkZ,Club 1BD - Ages 21+,2026-09-25,20:00:00,,onsale,Undefined,,,,,,,Z6r9jZ1FFe,Magic Stick,Detroit,MI,42.3465000,-83.0597990,Z7r9jZ177Fxo,Club 1BD
2026-09-18,Z7r9jZ1A70YA-,Ax and the Hatchetmen,2026-11-07,20:00:00,,onsale,Music,Other,Other,,,,,Z7r9jZaA6s,Grewal Hall,Lansing,MI,42.7321010,-84.5544970,K8vZ917Qca7,Ax and the Hatchetmen
2026-09-18,Z7r9jZ1A70ZfM,Western Michigan Broncos Hockey vs. St. Cloud State Huskies Hockey,2027-02-05,19:00:00,,offsale,Sports,Hockey,College,,,,,ZFr9jZ1edA,Lawson Ice Arena,Kalamazoo,MI,42.2965010,-85.6296010,K8vZ9171Yz0,Western Michigan University Hockey
2026-09-18,Z7r9jZ1A70ZfS,Western Michigan Broncos Hockey vs. Nebraska Omaha Mavericks Hockey,2027-01-15,19:00:00,,offsale,Sports,Hockey,College,,,,,ZFr9jZ1edA,Lawson Ice Arena,Kalamazoo,MI,42.2965010,-85.6296010,K8vZ9171Yz0,Western Michigan University Hockey
2026-09-18,Z7r9jZ1A70ZfU,Western Michigan Broncos Hockey vs. Denver Pioneers Hockey,2027-01-09,18:00:00,,offsale,Sports,Hockey,College,,,,,ZFr9jZ1edA,Lawson Ice Arena,Kalamazoo,MI,42.2965010,-85.6296010,K8vZ9171Yz0,Western Michigan University Hockey
2026-09-18,Z7r9jZ1A70ZfV,Western Michigan Broncos Hockey vs. Nebraska Omaha Mavericks Hockey,2027-01-16,18:00:00,,offsale,Sports,Hockey,College,,,,,ZFr9jZ1edA,Lawson Ice Arena,Kalamazoo,MI,42.2965010,-85.6296010,K8vZ9171Yz0,Western Michigan University Hockey
2026-09-18,Z7r9jZ1A70Zfg,Western Michigan Broncos Hockey vs. Minnesota Duluth Bulldogs Mens Hockey,2027-02-19,19:00:00,,offsale,Sports,Hockey,College,,,,,ZFr9jZ1edA,Lawson Ice Arena,Kalamazoo,MI,42.2965010,-85.6296010,K8vZ9171Yz0,Western Michigan University Hockey
2026-09-18,Z7r9jZ1A70Zfz,Western Michigan Broncos Hockey vs. Minnesota Duluth Bulldogs Mens Hockey,2027-02-20,18:00:00,,offsale,Sports,Hockey,College,,,,,ZFr9jZ1edA,Lawson Ice Arena,Kalamazoo,MI,42.2965010,-85.6296010,K8vZ9171Yz0,Western Michigan University Hockey
2026-09-18,Z7r9jZ1A70_bO,Channel Tres,2026-09-18,20:00:00,,onsale,Music,Other,Other,,,,,Z6r9jZ1ade,Majestic Theatre-MI,Detroit,MI,42.3465000,-83.0597990,K8vZ9179rl7,Channel Tres
2026-09-18,Z7r9jZ1A70_b_,Saosin w/ Silent Planet,2026-11-14,18:00:00,,onsale,Music,Rock,Hard Rock,,,,,Z6r9jZ1ade,Majestic Theatre-MI,Detroit,MI,42.3465000,-83.0597990,K8vZ9175HH0,Saosin
2026-09-18,Z7r9jZ1A70aZZ,Alanis Morissette,2026-09-19,20:00:00,,rescheduled,Music,Alternative,Alternative Rock,,,,,ZFr9jZ7Ad7,Soaring Eagle Casino & Resort,Mount Pleasant,MI,43.6171990,-84.7948990,K8vZ9171K37,Alanis Morissette
2026-09-18,Z7r9jZ1A70b34,Basement w/ High Vis,2026-11-08,18:00:00,,onsale,Music,Rock,Hard Rock,,,,,ZFr9jZeAFA,Royal Oak Music Theatre,Royal Oak,MI,42.4907000,-83.1379010,K8vZ91735MV,Basement
2026-09-18,Z7r9jZ1A70b7w,Movements w/ Balance & Composure,2026-10-20,18:00:00,,onsale,Music,Other,Other,,,,,ZFr9jZeAFA,Royal Oak Music Theatre,Royal Oak,MI,42.4907000,-83.1379010,K8vZ917fJzf,Movements
2026-09-18,Z7r9jZ1A70dfb,All Them Witches w/ Emma Ruth Rundle,2026-10-25,20:00:00,,onsale,Music,Other,Other,,,,,Z6r9jZF1ee,Intersection,Grand Rapids,MI,42.9192010,-85.5286030,K8vZ9178Aj0,All Them Witches
2026-09-18,Z7r9jZ1A70f1_,Marc Maron,2026-10-11,18:00:00,,onsale,Arts & Theatre,Miscellaneous,Miscellaneous,,,,,ZFr9jZeAFA,Royal Oak Music Theatre,Royal Oak,MI,42.4907000,-83.1379010,K8vZ917GmN0,Marc Maron
2026-09-18,Z7r9jZ1A70f1b,Robin Trower,2026-10-08,19:00:00,,onsale,Music,Blues,Jazz Blues,,,,,ZFr9jZeAFA,Royal Oak Music Theatre,Royal Oak,MI,42.4907000,-83.1379010,K8vZ917131V,Robin Trower
2026-09-18,Z7r9jZ1A70fGv,Charlie Berens,2026-12-11,18:00:00,,onsale,Arts & Theatre,Miscellaneous,Miscellaneous,,,,,ZFr9jZeAFA,Royal Oak Music Theatre,Royal Oak,MI,42.4907000,-83.1379010,K8vZ917bf3f,Charlie Berens
2026-09-18,Z7r9jZ1A70gfp,Arch Enemy w/ The Black Dahlia Murder,2026-11-04,17:00:00,,onsale,Music,Dance/Electronic,Dance/Electronic,,,,,ZFr9jZeAFA,Royal Oak Music Theatre,Royal Oak,MI,42.4907000,-83.1379010,K8vZ9175hbf,Arch Enemy
2026-09-18,Z7r9jZ1A70gu-,Kalamazoo Wings vs. Wheeling Nailers,2026-11-28,19:00:00,,offsale,Sports,Hockey,Minor League,,,,,ZFr9jZea17,Wings Event Center,Kalamazoo,MI,42.2663000,-85.5616990,K8vZ9171o37,Kalamazoo Wings
2026-09-18,Z7r9jZ1A70gu0,Kalamazoo Wings vs. Cincinnati Cyclones,2026-12-26,19:00:00,,offsale,Sports,Hockey,Minor League,,,,,ZFr9jZea17,Wings Event Center,Kalamazoo,MI,42.2663000,-85.5616990,K8vZ9171o37,Kalamazoo Wings
2026-09-18,Z7r9jZ1A70gu9,Kalamazoo Wings vs. Fort Wayne Komets,2026-11-08,15:00:00,,offsale,Sports,Hockey,Minor League,,,,,ZFr9jZea17,Wings Event Center,Kalamazoo,MI,42.2663000,-85.5616990,K8vZ9171o37,Kalamazoo Wings
2026-09-18,Z7r9jZ1A70guO,Kalamazoo Wings vs. New Mexico Goatheads,2026-11-15,15:00:00,,offsale,Sports,Hockey,Minor League,,,,,ZFr9jZea17,Wings Event Center,Kalamazoo,MI,42.2663000,-85.5616990,K8vZ9171o37,Kalamazoo Wings
2026-09-18,Z7r9jZ1A70guP,Kalamazoo Wings vs. Fort Wayne Komets,2027-02-17,10:30:00,,offsale,Sports,Hockey,Minor League,,,,,ZFr9jZea17,Wings Event Center,Kalamazoo,MI,42.2663000,-85.5616990,K8vZ9171o37,Kalamazoo Wings
2026-09-18,Z7r9jZ1A70gu_,Kalamazoo Wings vs. New Mexico Goatheads,2026-11-14,19:00:00,,offsale,Sports,Hockey,Minor League,,,,,ZFr9jZea17,Wings Event Center,Kalamazoo,MI,42.2663000,-85.5616990,K8vZ9171o37,Kalamazoo Wings
2026-09-18,Z7r9jZ1A70gub,Kalamazoo Wings vs. New Mexico Goatheads,2026-11-13,19:00:00,,offsale,Sports,Hockey,Minor League,,,,,ZFr9jZea17,Wings Event Center,Kalamazoo,MI,42.2663000,-85.5616990,K8vZ9171o37,Kalamazoo Wings
2026-09-18,Z7r9jZ1A70gup,Kalamazoo Wings vs. Toledo Walleye,2026-11-06,19:00:00,,offsale,Sports,Hockey,Minor League,,,,,ZFr9jZea17,Wings Event Center,Kalamazoo,MI,42.2663000,-85.5616990,K8vZ9171o37,Kalamazoo Wings
2026-09-18,Z7r9jZ1A70gux,Kalamazoo Wings vs. Fort Wayne Komets,2026-12-18,19:00:00,,offsale,Sports,Hockey,Minor League,,,,,ZFr9jZea17,Wings Event Center,Kalamazoo,MI,42.2663000,-85.5616990,K8vZ9171o37,Kalamazoo Wings
2026-09-18,Z7r9jZ1A70krf,J. Chris Newberg,2026-09-18,19:00:00,,onsale,Undefined,,,,,,,ZFr9jZeAFA,Royal Oak Music Theatre,Royal Oak,MI,42.4907000,-83.1379010,Z7r9jZaoDr,J. Chris Newberg
2026-09-18,Z7r9jZ1A70o78,DJ Shadow,2026-10-22,19:00:00,,onsale,Music,Dance/Electronic,Dance/Electronic,,,,,ZFr9jZeAFA,Royal Oak Music Theatre,Royal Oak,MI,42.4907000,-83.1379010,K8vZ9175Fp7,DJ Shadow
2026-09-18,Z7r9jZ1A70ouY,AFI w/ Choir Boy,2026-10-20,20:00:00,,onsale,Music,Alternative,Alternative Rock,,,,,Z6r9jZF1ee,Intersection,Grand Rapids,MI,42.9192010,-85.5286030,K8vZ91719Wf,AFI
2026-09-18,Z7r9jZ1A70pON,Blake Whiten - Something to Say Tour,2026-11-07,20:00:00,,onsale,Music,Country,Country,,,,,Z6r9jZF1ee,Intersection,Grand Rapids,MI,42.9192010,-85.5286030,K8vZ917qH6f,Blake Whiten
2026-09-18,Z7r9jZ1A70pQ9,CKY,2026-11-07,20:00:00,,onsale,Music,Alternative,Alternative Rock,,,,,ZFr9jZ17de,The Pyramid Scheme,Grand Rapids,MI,42.9453010,-85.6127010,K8vZ9175uw0,CKY
2026-09-18,Z7r9jZ1A70pvP,The Firefighters vs. Savannah Party Animals,2026-09-19,19:00:00,,onsale,Sports,Baseball,Professional,,,,,ZFr9jZe1dk,Comerica Park,Detroit,MI,42.3465000,-83.0597990,K8vZ917rcU7,The Firefighters
2026-09-18,Z7r9jZ1A70skd,Tony Rock - Ages 18+,2026-10-01,19:30:00,,onsale,Arts & Theatre,Comedy,Comedy,,,,,Z6r9jZF1ee,Intersection,Grand Rapids,MI,42.9192010,-85.5286030,K8vZ9175od7,Tony Rock
2026-09-18,Z7r9jZ1A70t86,Charles Wesley Godwin,2026-11-05,19:00:00,,onsale,Music,Other,Other,,,,,ZFr9jZeAFA,Royal Oak Music Theatre,Royal Oak,MI,42.4907000,-83.1379010,K8vZ917b3lf,Charles Wesley Godwin
2026-09-18,Z7r9jZ1A70tA4,The Muny Centennial Gala,2026-10-17,18:00:00,,onsale,Arts & Theatre,Miscellaneous,Miscellaneous,,,,,ZFr9jZevea,Masonic Temple - Detroit,Detroit,MI,42.3465000,-83.0597990,Z7r9jZaGee,The Muny Centennial Gala
2026-09-18,Z7r9jZ1A70tO-,Dax (18 and Over),2026-11-24,19:00:00,,onsale,Music,Other,Other,,,,,Z7r9jZa7Tv,District 142,Wyandotte,MI,42.2078020,-83.1607970,K8vZ9179_5f,Dax
2026-09-18,Z7r9jZ1A70tO9,In Her Own Words,2026-10-28,19:30:00,,onsale,Music,Other,Other,,,,,Z7r9jZaA6s,Grewal Hall,Lansing,MI,42.7321010,-84.5544970,Z7r9jZauiE,In Her Own Words
2026-09-18,Z7r9jZ1A70tj-,Kalamazoo Wings vs. Norfolk Admirals,2027-02-20,19:00:00,,offsale,Sports,Hockey,Minor League,,,,,ZFr9jZea17,Wings Event Center,Kalamazoo,MI,42.2663000,-85.5616990,K8vZ9171o37,Kalamazoo Wings
2026-09-18,Z7r9jZ1A70tj4,Kalamazoo Wings vs. Cincinnati Cyclones,2027-01-09,19:00:00,,offsale,Sports,Hockey,Minor League,,,,,ZFr9jZea17,Wings Event Center,Kalamazoo,MI,42.2663000,-85.5616990,K8vZ9171o37,Kalamazoo Wings
2026-09-18,Z7r9jZ1A70tj9,Kalamazoo Wings vs. Norfolk Admirals,2027-02-19,19:00:00,,offsale,Sports,Hockey,Minor League,,,,,ZFr9jZea17,Wings Event Center,Kalamazoo,MI,42.2663000,-85.5616990,K8vZ9171o37,Kalamazoo Wings
2026-09-18,Z7r9jZ1A70tjO,Kalamazoo Wings vs. Indy Fuel,2027-03-13,19:00:00,,offsale,Sports,Hockey,Minor League,,,,,ZFr9jZea17,Wings Event Center,Kalamazoo,MI,42.2663000,-85.5616990,K8vZ9171o37,Kalamazoo Wings
2026-09-18,Z7r9jZ1A70tj_,Kalamazoo Wings vs. Toledo Walleye,2026-11-04,19:00:00,,offsale,Sports,Hockey,Minor League,,,,,ZFr9jZea17,Wings Event Center,Kalamazoo,MI,42.2663000,-85.5616990,K8vZ9171o37,Kalamazoo Wings
2026-09-18,Z7r9jZ1A70tjb,Kalamazoo Wings vs. Toledo Walleye,2027-02-05,19:00:00,,offsale,Sports,Hockey,Minor League,,,,,ZFr9jZea17,Wings Event Center,Kalamazoo,MI,42.2663000,-85.5616990,K8vZ9171o37,Kalamazoo Wings
2026-09-18,Z7r9jZ1A70tjf,Kalamazoo Wings vs. Fort Wayne Komets,2027-01-06,19:00:00,,offsale,Sports,Hockey,Minor League,,,,,ZFr9jZea17,Wings Event Center,Kalamazoo,MI,42.2663000,-85.5616990,K8vZ9171o37,Kalamazoo Wings
2026-09-18,Z7r9jZ1A70tjp,Kalamazoo Wings vs. Savannah Ghost Pirates,2027-03-06,19:00:00,,offsale,Sports,Hockey,Minor League,,,,,ZFr9jZea17,Wings Event Center,Kalamazoo,MI,42.2663000,-85.5616990,K8vZ9171o37,Kalamazoo Wings
2026-09-18,Z7r9jZ1A70tue,Straight No Chaser,2026-11-27,19:30:00,,onsale,Music,Pop,Adult Contemporary,,,,,ZFr9jZ6kA7,Midland Center for the Arts,Midland,MI,43.5802000,-84.3508990,K8vZ917GQQ0,Straight No Chaser
2026-09-18,Z7r9jZ1A70vjk,The Red Clay Strays,2026-10-03,18:30:00,,onsale,Music,Other,Other,,,,,ZFr9jZeave,Van Andel Arena,Grand Rapids,MI,42.9642980,-85.6568980,K8vZ917bop0,The Red Clay Strays
2026-09-18,Z7r9jZ1A70w_a,Rupaul's Drag Race Werq the World Tour,2027-04-07,19:00:00,,onsale,Arts & Theatre,Performance Art,Drag,,,,,Z6r9jZk6Fe,Fisher Theatre - Detroit,Detroit,MI,42.3748020,-83.0775990,K8vZ917Qiff,RuPaul's Drag Race Werq the World Tour
2026-09-18,Z7r9jZ1A70xF-,Hovvdy,2026-11-14,19:00:00,,onsale,Music,Other,Other,,,,,Z7r9jZaeBp,El Club,Detroit,MI,42.3056980,-83.1159970,K8vZ917psC7,Hovvdy
2026-09-18,Z7r9jZ1A70y0t,Love Spells,2026-09-29,19:00:00,,onsale,Undefined,,,,,,,Z7r9jZa7cL,Third Man Records-MI,Detroit,MI,42.3465000,-83.0597990,Z7r9jZ177FbE,Love Spells
2026-09-18,Z7r9jZ1A70yJ8,Michigan State Spartans Womens Volleyball vs. Iowa Hawkeyes Womens Volleyball,2026-10-11,,,onsale,Sports,Miscellaneous,Miscellaneous,,,,,Z6r9jZavde,Jack Breslin Arena,East Lansing,MI,42.7369000,-84.4838030,K8vZ917GPsf,Michigan State Womens Volleyball
2026-09-18,Z7r9jZ1A70yJF,Michigan State Spartans Womens Volleyball vs. Indiana Hoosiers Womens Volleyball,2026-10-30,,,onsale,Sports,Miscellaneous,Miscellaneous,,,,,Z6r9jZavde,Jack Breslin Arena,East Lansing,MI,42.7369000,-84.4838030,K8vZ917GPsf,Michigan State Womens Volleyball
2026-09-18,Z7r9jZ1A70yJa,Michigan State Spartans Womens Volleyball vs. Nebraska Cornhuskers Womens Volleyball,2026-10-31,,,onsale,Sports,Miscellaneous,Miscellaneous,,,,,Z6r9jZavde,Jack Breslin Arena,East Lansing,MI,42.7369000,-84.4838030,K8vZ917GPsf,Michigan State Womens Volleyball
2026-09-18,Z7r9jZ1A70yJo,Michigan State Spartans Womens Volleyball vs. Penn State Nittany Lions Womens Volleyball,2026-09-27,,,onsale,Sports,Miscellaneous,Miscellaneous,,,,,Z6r9jZavde,Jack Breslin Arena,East Lansing,MI,42.7369000,-84.4838030,K8vZ917GPsf,Michigan State Womens Volleyball
2026-09-18,Z7r9jZ1A70yqp,Knocked Loose w/ Denzel Curry,2026-09-27,17:00:00,,onsale,Music,Other,Other,,,,,Z6r9jZ1ade,Majestic Theatre-MI,Detroit,MI,42.3465000,-83.0597990,K8vZ917KFS0,Knocked Loose
2026-09-18,Z7r9jZ1A70z_w,Catch Your Breath w/ TX2,2026-11-23,19:00:00,,onsale,Music,Alternative,Alternative Rock,,,,,Z7r9jZadqX,Intersection - Elevation,Grand Rapids,MI,42.9642980,-85.6568980,K8vZ917haF7,Catch Your Breath
2026-09-18,Z7r9jZ1A7J337,Grand Rapids Griffins vs. Rockford IceHogs,2027-01-31,16:00:00,,onsale,Sports,Hockey,Minor League,,,,,ZFr9jZeave,Van Andel Arena,Grand Rapids,MI,42.9642980,-85.6568980,K8vZ91719d7,Grand Rapids Griffins
2026-09-18,Z7r9jZ1A7J33A,Grand Rapids Griffins vs. Toronto Marlies,2027-02-03,19:00:00,,onsale,Sports,Hockey,Minor League,,,,,ZFr9jZeave,Van Andel Arena,Grand Rapids,MI,42.9642980,-85.6568980,K8vZ91719d7,Grand Rapids Griffins
2026-09-18,Z7r9jZ1A7J33Z,Grand Rapids Griffins vs. Milwaukee Admirals,2026-11-06,19:00:00,,onsale,Sports,Hockey,Minor League,,,,,ZFr9jZeave,Van Andel Arena,Grand Rapids,MI,42.9642980,-85.6568980,K8vZ91719d7,Grand Rapids Griffins
2026-09-18,Z7r9jZ1A7J33d,Grand Rapids Griffins vs. Milwaukee Admirals,2026-12-19,19:00:00,,onsale,Sports,Hockey,Minor League,,,,,ZFr9jZeave,Van Andel Arena,Grand Rapids,MI,42.9642980,-85.6568980,K8vZ91719d7,Grand Rapids Griffins
2026-09-18,Z7r9jZ1A7J33e,Grand Rapids Griffins vs. Milwaukee Admirals,2026-12-18,19:00:00,,onsale,Sports,Hockey,Minor League,,,,,ZFr9jZeave,Van Andel Arena,Grand Rapids,MI,42.9642980,-85.6568980,K8vZ91719d7,Grand Rapids Griffins
2026-09-18,Z7r9jZ1A7J33v,Grand Rapids Griffins vs. Manitoba Moose,2026-12-02,19:00:00,,onsale,Sports,Hockey,Minor League,,,,,ZFr9jZeave,Van Andel Arena,Grand Rapids,MI,42.9642980,-85.6568980,K8vZ91719d7,Grand Rapids Griffins
2026-09-18,Z7r9jZ1A7J38Z,Cinderella by the United European Ballet Company,2026-11-13,19:00:00,,onsale,Undefined,,,,,,,Z6r9jZk6Fe,Fisher Theatre - Detroit,Detroit,MI,42.3748020,-83.0775990,Z7r9jZ177xGK,United European Ballet Company
2026-09-18,Z7r9jZ1A7J3AS,Black Violin,2026-11-12,19:00:00,,onsale,Music,Other,Other,,,,,Z7r9jZadlb,Jack White Theatre at the Masonic Temple - Detroit,Detroit,MI,42.3465000,-83.0597990,K8vZ917GPZV,Black Violin
2026-09-18,Z7r9jZ1A7J3Aw,Don Lemon w/ D. L. Hughley,2026-11-06,18:00:00,,onsale,Arts & Theatre,Theatre,Podcast,,,,,Z7r9jZadlb,Jack White Theatre at the Masonic Temple - Detroit,Detroit,MI,42.3465000,-83.0597990,K8vZ917OYK0,Don Lemon
2026-09-18,Z7r9jZ1A7J3oM,Grand Rapids Griffins vs. Cleveland Monsters,2026-10-23,19:00:00,,onsale,Sports,Hockey,Minor League,,,,,ZFr9jZeave,Van Andel Arena,Grand Rapids,MI,42.9642980,-85.6568980,K8vZ91719d7,Grand Rapids Griffins
2026-09-18,Z7r9jZ1A7J3oy,Grand Rapids Griffins vs. Cleveland Monsters,2026-11-04,19:00:00,,onsale,Sports,Hockey,Minor League,,,,,ZFr9jZeave,Van Andel Arena,Grand Rapids,MI,42.9642980,-85.6568980,K8vZ91719d7,Grand Rapids Griffins
2026-09-18,Z7r9jZ1A7J3oz,Grand Rapids Griffins vs. Cleveland Monsters,2026-10-24,19:00:00,,onsale,Sports,Hockey,Minor League,,,,,ZFr9jZeave,Van Andel Arena,Grand Rapids,MI,42.9642980,-85.6568980,K8vZ91719d7,Grand Rapids Griffins
2026-09-18,Z7r9jZ1A7J3uz,Here Come the Mummies,2026-10-09,19:30:00,,onsale,Music,R&B,R&B,,,,,ZFr9jZkAFa,Frauenthal Center for the Performing Arts,Muskegon,MI,43.2355000,-86.2531970,K8vZ917GE9V,Here Come the Mummies
2026-09-18,Z7r9jZ1A7J4ZI,Willi Carlisle w/ William Matheny,2026-09-28,20:00:00,,onsale,Music,Folk,Folk,,,,,Zkr9jZa7et,Ark,Ann Arbor,MI,42.2640990,-83.7197040,K8vZ917_qH7,Willi Carlisle
2026-09-18,vv17fZ_8GkSA4Ioh,Indiana Pacers vs. Phoenix Suns,2027-01-15,19:00:00,America/Indiana/Indianapolis,onsale,Sports,Basketball,NBA,NBA REGULAR SEASON,,,,KovZpZA6keIA,Gainbridge Fieldhouse,Indianapolis,IN,39.7640640,-86.1555070,K8vZ9171o1f,Indiana Pacers
2026-09-18,vv1AAZkf6Gkdsh4qF,Monster Jam,2027-02-06,17:00:00,America/New_York,offsale,Sports,Motorsports/Racing,Motorsports/Racing,FELD MOTORSPORTS,,,,KovZpZAdEJEA,Lucas Oil Stadium,Indianapolis,IN,39.7600700,-86.1638210,K8vZ917uyff,Monster Jam
2026-09-18,vv17fZ_8GkYXQV39,Monster Jam,2027-02-07,15:00:00,America/New_York,offsale,Sports,Motorsports/Racing,Motorsports/Racing,FELD MOTORSPORTS,,,,KovZpZAdEJEA,Lucas Oil Stadium,Indianapolis,IN,39.7600700,-86.1638210,K8vZ917uyff,Monster Jam
2026-09-18,vv1AAZkoVGkeXH1qF,Indianapolis Colts vs. Dallas Cowboys,2026-11-08,13:00:00,America/New_York,onsale,Sports,Football,NFL,NFL REGULAR SEASON,,,,KovZpZAdEJEA,Lucas Oil Stadium,Indianapolis,IN,39.7600700,-86.1638210,K8vZ9171oV0,Indianapolis Colts
2026-09-18,vv1AAZkoVGkeXyBjB,Indianapolis Colts vs. New York Giants,2026-11-29,13:00:00,America/New_York,onsale,Sports,Football,NFL,NFL REGULAR SEASON,,,,KovZpZAdEJEA,Lucas Oil Stadium,Indianapolis,IN,39.7600700,-86.1638210,K8vZ9171oV0,Indianapolis Colts
2026-09-18,vv1AAZkoVGkeXUQjE,Indianapolis Colts vs. Houston Texans,2026-09-27,13:00:00,America/New_York,onsale,Sports,Football,NFL,NFL REGULAR SEASON,,,,KovZpZAdEJEA,Lucas Oil Stadium,Indianapolis,IN,39.7600700,-86.1638210,K8vZ9171oV0,Indianapolis Colts
2026-09-18,vv17fZ_8GkSAbIoN,Indiana Pacers vs. Los Angeles Lakers,2027-01-28,19:00:00,America/Indiana/Indianapolis,onsale,Sports,Basketball,NBA,NBA REGULAR SEASON,,,,KovZpZA6keIA,Gainbridge Fieldhouse,Indianapolis,IN,39.7640640,-86.1555070,K8vZ9171o1f,Indiana Pacers
2026-09-18,vv1AAZkoVGkeXD1qZ,Indianapolis Colts vs. Miami Dolphins,2026-11-15,13:00:00,America/New_York,onsale,Sports,Football,NFL,NFL REGULAR SEASON,,,,KovZpZAdEJEA,Lucas Oil Stadium,Indianapolis,IN,39.7600700,-86.1638210,K8vZ9171oV0,Indianapolis Colts
2026-09-18,vv17fZ_8GkSAPI3W,Indiana Pacers vs. Boston Celtics,2027-03-02,19:00:00,America/Indiana/Indianapolis,onsale,Sports,Basketball,NBA,NBA REGULAR SEASON,,,,KovZpZA6keIA,Gainbridge Fieldhouse,Indianapolis,IN,39.7640640,-86.1555070,K8vZ9171o1f,Indiana Pacers
2026-09-18,vv17fZ_8GkSAmIKD,Indiana Pacers vs. Boston Celtics,2027-03-30,20:00:00,America/Indiana/Indianapolis,onsale,Sports,Basketball,NBA,NBA REGULAR SEASON,,,,KovZpZA6keIA,Gainbridge Fieldhouse,Indianapolis,IN,39.7640640,-86.1555070,K8vZ9171o1f,Indiana Pacers
2026-09-18,vv1AAZkoVGkeXMnji,Indianapolis Colts vs. Tennessee Titans,2026-10-18,13:00:00,America/New_York,onsale,Sports,Football,NFL,NFL REGULAR SEASON,,,,KovZpZAdEJEA,Lucas Oil Stadium,Indianapolis,IN,39.7600700,-86.1638210,K8vZ9171oV0,Indianapolis Colts
2026-09-18,vv17fZ_8GkS7UIC7,Indiana Pacers vs. Dallas Mavericks,2026-10-23,19:00:00,America/Indiana/Indianapolis,onsale,Sports,Basketball,NBA,NBA REGULAR SEASON,,,,KovZpZA6keIA,Gainbridge Fieldhouse,Indianapolis,IN,39.7640640,-86.1555070,K8vZ9171o1f,Indiana Pacers
2026-09-18,vv17fZ_8GkS7TF24,Indiana Pacers vs. New York Knicks,2026-11-13,19:00:00,America/Indiana/Indianapolis,onsale,Sports,Basketball,NBA,NBA REGULAR SEASON,,,,KovZpZA6keIA,Gainbridge Fieldhouse,Indianapolis,IN,39.7640640,-86.1555070,K8vZ9171o1f,Indiana Pacers
2026-09-18,vv17fZ_8GkS7zFC3,Indiana Pacers vs. Philadelphia 76ers,2026-10-28,19:00:00,America/Indiana/Indianapolis,onsale,Sports,Basketball,NBA,NBA REGULAR SEASON,,,,KovZpZA6keIA,Gainbridge Fieldhouse,Indianapolis,IN,39.7640640,-86.1555070,K8vZ9171o1f,Indiana Pacers
2026-09-18,vv17fZ_8GkSAdz2l,Indiana Pacers vs. Philadelphia 76ers,2026-11-27,19:30:00,America/Indiana/Indianapolis,onsale,Sports,Basketball,NBA,NBA REGULAR SEASON,,,,KovZpZA6keIA,Gainbridge Fieldhouse,Indianapolis,IN,39.7640640,-86.1555070,K8vZ9171o1f,Indiana Pacers
2026-09-18,vv17fZ_8GkS7WI2G,Indiana Pacers vs. Washington Wizards,2026-11-11,19:00:00,America/Indiana/Indianapolis,onsale,Sports,Basketball,NBA,NBA REGULAR SEASON,,,,KovZpZA6keIA,Gainbridge Fieldhouse,Indianapolis,IN,39.7640640,-86.1555070,K8vZ9171o1f,Indiana Pacers
2026-09-18,vv17fZ_8GkSAQFoc,Indiana Pacers vs. Washington Wizards,2027-01-30,19:00:00,America/Indiana/Indianapolis,onsale,Sports,Basketball,NBA,NBA REGULAR SEASON,,,,KovZpZA6keIA,Gainbridge Fieldhouse,Indianapolis,IN,39.7640640,-86.1555070,K8vZ9171o1f,Indiana Pacers
2026-09-18,vv17fZ_8GkSA0F3c,Indiana Pacers vs. Toronto Raptors,2027-02-28,16:00:00,America/Indiana/Indianapolis,onsale,Sports,Basketball,NBA,NBA REGULAR SEASON,,,,KovZpZA6keIA,Gainbridge Fieldhouse,Indianapolis,IN,39.7640640,-86.1555070,K8vZ9171o1f,Indiana Pacers
2026-09-18,vv17fZ_8GkSAnbKx,Indiana Pacers vs. Toronto Raptors,2027-03-18,19:00:00,America/Indiana/Indianapolis,onsale,Sports,Basketball,NBA,NBA REGULAR SEASON,,,,KovZpZA6keIA,Gainbridge Fieldhouse,Indianapolis,IN,39.7640640,-86.1555070,K8vZ9171o1f,Indiana Pacers
2026-09-18,vv17fZ_8GkSA2zoZ,Indiana Pacers vs. Chicago Bulls,2027-01-04,19:00:00,America/Indiana/Indianapolis,onsale,Sports,Basketball,NBA,NBA REGULAR SEASON,,,,KovZpZA6keIA,Gainbridge Fieldhouse,Indianapolis,IN,39.7640640,-86.1555070,K8vZ9171o1f,Indiana Pacers
2026-09-18,vv17fZ_8GkSA9FoL,Indiana Pacers vs. Chicago Bulls,2027-01-26,19:00:00,America/Indiana/Indianapolis,onsale,Sports,Basketball,NBA,NBA REGULAR SEASON,,,,KovZpZA6keIA,Gainbridge Fieldhouse,Indianapolis,IN,39.7640640,-86.1555070,K8vZ9171o1f,Indiana Pacers
2026-09-18,vv17fZ_8GkSA6F82,Indiana Pacers vs. Detroit Pistons,2026-12-13,17:00:00,America/Indiana/Indianapolis,onsale,Sports,Basketball,NBA,NBA REGULAR SEASON,,,,KovZpZA6keIA,Gainbridge Fieldhouse,Indianapolis,IN,39.7640640,-86.1555070,K8vZ9171o1f,Indiana Pacers
2026-09-18,vv17fZ_8GkSA5I8n,Indiana Pacers vs. LA Clippers,2026-12-29,19:00:00,America/Indiana/Indianapolis,onsale,Sports,Basketball,NBA,NBA REGULAR SEASON,,,,KovZpZA6keIA,Gainbridge Fieldhouse,Indianapolis,IN,39.7640640,-86.1555070,K8vZ9171o1f,Indiana Pacers
2026-09-18,vv17fZ_8GkSAZz2O,Indiana Pacers vs. Houston Rockets,2026-11-18,19:00:00,America/Indiana/Indianapolis,onsale,Sports,Basketball,NBA,NBA REGULAR SEASON,,,,KovZpZA6keIA,Gainbridge Fieldhouse,Indianapolis,IN,39.7640640,-86.1555070,K8vZ9171o1f,Indiana Pacers
2026-09-18,vv17fZ_8GkSAIbKf,Indiana Pacers vs. Detroit Pistons,2027-03-16,20:00:00,America/Indiana/Indianapolis,onsale,Sports,Basketball,NBA,NBA REGULAR SEASON,,,,KovZpZA6keIA,Gainbridge Fieldhouse,Indianapolis,IN,39.7640640,-86.1555070,K8vZ9171o1f,Indiana Pacers
2026-09-18,vv17fZ_8GkSAsbfF,Indiana Pacers vs. Cleveland Cavaliers,2027-04-09,19:00:00,America/Indiana/Indianapolis,onsale,Sports,Basketball,NBA,NBA REGULAR SEASON,,,,KovZpZA6keIA,Gainbridge Fieldhouse,Indianapolis,IN,39.7640640,-86.1555070,K8vZ9171o1f,Indiana Pacers
2026-09-18,vv17fZ_8GkSALz3u,Indiana Pacers vs. Cleveland Cavaliers,2027-02-10,19:00:00,America/Indiana/Indianapolis,onsale,Sports,Basketball,NBA,NBA REGULAR SEASON,,,,KovZpZA6keIA,Gainbridge Fieldhouse,Indianapolis,IN,39.7640640,-86.1555070,K8vZ9171o1f,Indiana Pacers
2026-09-18,vvG1fZ_5la2nKE,Lady A: This Winter's Night Tour 2026,2026-12-11,19:00:00,America/Chicago,onsale,Music,Country,Country,PROMOTED BY VENUE,,,,KovZ917AJlp,Hard Rock Live Northern Indiana,Gary,IN,41.5667090,-87.4040336,K8vZ917GFIf,Lady A
2026-09-18,Z7r9jZ1A7PKv6,Lady A,2026-12-12,19:30:00,,onsale,Music,Country,Country Folk,,,,,Z7r9jZa7kz,Blue Gate Performing Arts Center,Shipshewana,IN,41.6540990,-85.5994030,K8vZ917GFIf,Lady A
2026-09-18,Z7r9jZ1AAvgC9,Indiana Hoosiers Mens Basketball vs. UCLA Bruins Mens Basketball,2027-01-30,,,onsale,Sports,Basketball,College,,,,,Z6r9jZevve,Simon Skjodt Assembly Hall,Bloomington,IN,39.2439990,-86.4535980,K8vZ9171L-0,Indiana Hoosiers Men's Basketball
2026-09-18,Z7r9jZ1A7qwZY,Purdue Boilermakers Football vs. Washington Huskies Football,2026-10-17,,,onsale,Sports,Football,College,,,,,ZFr9jZeA67,Ross-Ade Stadium,West Lafayette,IN,40.4255980,-86.9157030,K8vZ91755L7,Purdue Boilermakers Football
2026-09-18,Z7r9jZ1A7OYkd,Notre Dame Fighting Irish Football vs. Miami Hurricanes Football,2026-11-07,,,onsale,Sports,Football,College,,,,,ZFr9jZedee,Notre Dame Stadium,Notre Dame,IN,41.7197000,-86.2503970,K8vZ91710K7,Notre Dame Fighting Irish Football
2026-09-18,vv17fZ_8GkmsnFvt,The R&B Tour - Starring Usher Raymond & Chris Brown,2026-10-31,19:30:00,America/New_York,onsale,Music,R&B,R&B,LIVE NATION MUSIC,,,,KovZpZAdEJEA,Lucas Oil Stadium,Indianapolis,IN,39.7600700,-86.1638210,K8vZ917LxIV,Usher Raymond & Chris Brown
2026-09-18,vvG1fZ_2efhPSr,WWE Friday Night SmackDown,2026-09-25,19:30:00,America/Indiana/Indianapolis,onsale,Sports,Wrestling,Wrestling,WORLD WRESTLING ENTERTAINMENT,,,,KovZpZA6keIA,Gainbridge Fieldhouse,Indianapolis,IN,39.7640640,-86.1555070,K8vZ91718zf,WWE
2026-09-18,vv17fZ_8GkiwQjQ1,Trans-Siberian Orchestra - The Ghosts Of Christmas Eve,2026-12-22,15:00:00,America/Indiana/Indianapolis,onsale,Music,Rock,Pop,LIVE NATION MUSIC,,,,KovZpZA6keIA,Gainbridge Fieldhouse,Indianapolis,IN,39.7640640,-86.1555070,K8vZ9171L10,Trans-Siberian Orchestra
2026-09-18,vv17fZ_8GkiSvijW,Trans-Siberian Orchestra - The Ghosts Of Christmas Eve,2026-12-22,19:30:00,America/Indiana/Indianapolis,onsale,Music,Rock,Pop,LIVE NATION MUSIC,,,,KovZpZA6keIA,Gainbridge Fieldhouse,Indianapolis,IN,39.7640640,-86.1555070,K8vZ9171L10,Trans-Siberian Orchestra
2026-09-18,vv17fZ_3GkTr8LNi,Metallica M72 World Tour,2027-06-05,18:00:00,America/New_York,offsale,Music,Metal,Nu-Metal,LIVE NATION MUSIC,,,,KovZpZAdEJEA,Lucas Oil Stadium,Indianapolis,IN,39.7600700,-86.1638210,K8vZ9171G9V,Metallica
2026-09-18,vv1kv8vN1_GA1To9S,Ed Sheeran: LOOP Tour,2026-10-10,17:30:00,America/New_York,onsale,Music,Pop,Electro Pop,AEG LIVE,,,,KovZpZAdEJEA,Lucas Oil Stadium,Indianapolis,IN,39.7600700,-86.1638210,K8vZ917CAQV,Ed Sheeran
2026-09-18,vv17fZ_oGkm4vAOF,WWE Friday Night SmackDown,2026-11-20,18:30:00,America/Chicago,onsale,Sports,Wrestling,Wrestling,WORLD WRESTLING ENTERTAINMENT,,,,KovZpZAEAAlA,Ford Center,Evansville,IN,37.9734020,-87.5675690,K8vZ91718zf,WWE
2026-09-18,vv17fZ_8GkSAFI89,Indiana Pacers vs. Golden State Warriors,2026-12-16,19:00:00,America/Indiana/Indianapolis,onsale,Sports,Basketball,NBA,NBA REGULAR SEASON,,,,KovZpZA6keIA,Gainbridge Fieldhouse,Indianapolis,IN,39.7640640,-86.1555070,K8vZ9171o1f,Indiana Pacers
2026-09-18,vvG1fZ_5RV17mt,Gabriel Iglesias: The 1976 Tour,2026-11-14,20:00:00,America/Indiana/Indianapolis,onsale,Arts & Theatre,Comedy,Comedy,ICON CONCERTS,,,,KovZpZA6keIA,Gainbridge Fieldhouse,Indianapolis,IN,39.7640640,-86.1555070,K8vZ9175rM7,Gabriel Iglesias
2026-09-18,vv17fZbgGkMG81_5,Matt Rife: Stay Golden World Tour,2026-11-08,19:00:00,America/Indiana/Indianapolis,onsale,Arts & Theatre,Comedy,Comedy,LIVE NATION MUSIC,,,,KovZpZA6keIA,Gainbridge Fieldhouse,Indianapolis,IN,39.7640640,-86.1555070,K8vZ9179SV7,Matt Rife
2026-09-18,vv1AAZk8PGkdPS1F3,Pitbull - I'm Back with special guest Lil Jon,2026-09-19,20:00:00,America/Indiana/Indianapolis,onsale,Music,Pop,Electro Pop,LIVE NATION MUSIC,,,,KovZpvEk7A,Ruoff Music Center,Noblesville,IN,40.0037320,-85.9342718,K8vZ917Gp10,Pitbull
2026-09-18,vv1AAZkftGkd9TEeg,Jeff Dunham Inappropriate Contact,2027-02-05,19:00:00,America/New_York,onsale,Arts & Theatre,Comedy,Comedy,LIVE NATION MUSIC,,,,KovZpZAEAkvA,Old National Centre,Indianapolis,IN,39.7746468,-86.1514587,K8vZ91714jV,Jeff Dunham
2026-09-18,vv1AAZkCaGkeXdIMr,Indiana Fever vs. Washington Mystics,2026-09-20,16:00:00,America/Indiana/Indianapolis,onsale,Sports,Basketball,WNBA,WNBA REGULAR SEASON,,,,KovZpZA6keIA,Gainbridge Fieldhouse,Indianapolis,IN,39.7640640,-86.1555070,K8vZ9171-K7,Indiana Fever
2026-09-18,vv17fZ_6GkB3WSXD,Johnny Blue Skies & the Dark Clouds - Mutiny for the Masses 2026 Tour,2026-10-03,20:00:00,America/Indiana/Indianapolis,onsale,Music,Rock,Pop,AEG LIVE,,,,KovZpZA6keIA,Gainbridge Fieldhouse,Indianapolis,IN,39.7640640,-86.1555070,K8vZ9178Eof,Johnny Blue Skies
2026-09-18,vv17fZ_8GkS7yICr,Indiana Pacers vs. Brooklyn Nets,2026-11-01,17:00:00,America/Indiana/Indianapolis,onsale,Sports,Basketball,NBA,NBA REGULAR SEASON,,,,KovZpZA6keIA,Gainbridge Fieldhouse,Indianapolis,IN,39.7640640,-86.1555070,K8vZ9171o1f,Indiana Pacers
2026-09-18,vvG1fZblUYBkKq,Disney On Ice presents Magic in the Stars,2027-01-24,14:00:00,America/Indiana/Indianapolis,rescheduled,Miscellaneous,Ice Shows,Ice Shows,FELD ENTERTAINMENT DISNEY ON ICE,,,,KovZpZA6keIA,Gainbridge Fieldhouse,Indianapolis,IN,39.7640640,-86.1555070,K8vZ917hvIV,Disney On Ice presents Magic in the Stars
2026-09-18,vv17fZ_8GkSA3zo8,Indiana Pacers vs. Brooklyn Nets,2027-01-11,19:00:00,America/Indiana/Indianapolis,onsale,Sports,Basketball,NBA,NBA REGULAR SEASON,,,,KovZpZA6keIA,Gainbridge Fieldhouse,Indianapolis,IN,39.7640640,-86.1555070,K8vZ9171o1f,Indiana Pacers
2026-09-18,vv17fZ_8GkSAcFKU,Indiana Pacers vs. San Antonio Spurs,2027-03-25,19:00:00,America/Indiana/Indianapolis,onsale,Sports,Basketball,NBA,NBA REGULAR SEASON,,,,KovZpZA6keIA,Gainbridge Fieldhouse,Indianapolis,IN,39.7640640,-86.1555070,K8vZ9171o1f,Indiana Pacers
2026-09-18,vv17fZ_8GkSAhIos,Indiana Pacers vs. Miami Heat,2027-02-01,19:30:00,America/Indiana/Indianapolis,onsale,Sports,Basketball,NBA,NBA REGULAR SEASON,,,,KovZpZA6keIA,Gainbridge Fieldhouse,Indianapolis,IN,39.7640640,-86.1555070,K8vZ9171o1f,Indiana Pacers
2026-09-18,vv1AAZkCaGkeX7bMO,Indiana Fever vs. Minnesota Lynx,2026-09-22,20:00:00,America/Indiana/Indianapolis,onsale,Sports,Basketball,WNBA,WNBA REGULAR SEASON,,,,KovZpZA6keIA,Gainbridge Fieldhouse,Indianapolis,IN,39.7640640,-86.1555070,K8vZ9171-K7,Indiana Fever
2026-09-18,Z7r9jZ1A7PwJf,Luke Bryan,2026-09-19,17:00:00,,onsale,Music,Country,Country Folk,,,,,Z7r9jZakQy,Prairie View Farms,Brookston,IN,40.6055980,-86.9343030,K8vZ917G4u0,Luke Bryan
2026-09-18,vvG1fZblUYypK_,Disney On Ice presents Magic in the Stars,2027-01-24,18:00:00,America/Indiana/Indianapolis,rescheduled,Miscellaneous,Ice Shows,Ice Shows,FELD ENTERTAINMENT DISNEY ON ICE,,,,KovZpZA6keIA,Gainbridge Fieldhouse,Indianapolis,IN,39.7640640,-86.1555070,K8vZ917hvIV,Disney On Ice presents Magic in the Stars
2026-09-18,vvG1fZ_1htNyBv,Niall Horan: Dinner Party Live On Tour,2027-03-26,19:30:00,America/Indiana/Indianapolis,onsale,Music,Rock,Pop,LIVE NATION MUSIC,,,,KovZpZA6keIA,Gainbridge Fieldhouse,Indianapolis,IN,39.7640640,-86.1555070,K8vZ9174OHV,Niall Horan
2026-09-18,vv17fZ_kGkldTheW,Disney On Ice presents Magic in the Stars,2027-01-24,10:00:00,America/Indiana/Indianapolis,onsale,Miscellaneous,Ice Shows,Ice Shows,FELD ENTERTAINMENT DISNEY ON ICE,,,,KovZpZA6keIA,Gainbridge Fieldhouse,Indianapolis,IN,39.7640640,-86.1555070,K8vZ917hvIV,Disney On Ice presents Magic in the Stars
2026-09-18,vvG1fZ_5RvuqmG,Disney On Ice presents Magic in the Stars,2027-01-23,11:00:00,America/Indiana/Indianapolis,onsale,Miscellaneous,Ice Shows,Ice Shows,FELD ENTERTAINMENT DISNEY ON ICE,,,,KovZpZA6keIA,Gainbridge Fieldhouse,Indianapolis,IN,39.7640640,-86.1555070,K8vZ917hvIV,Disney On Ice presents Magic in the Stars
2026-09-18,vv17fZ_8GkwFCKA2,Jonas Brothers: The Burning Up Tour All Over Again,2026-10-15,19:30:00,America/Indiana/Indianapolis,onsale,Music,Pop,Electro Pop,LIVE NATION MUSIC,,,,KovZpZA6keIA,Gainbridge Fieldhouse,Indianapolis,IN,39.7640640,-86.1555070,K8vZ9175T17,Jonas Brothers
2026-09-18,vv17fZ_8GkSAuF8g,Indiana Pacers vs. Orlando Magic,2026-12-31,15:00:00,America/Indiana/Indianapolis,onsale,Sports,Basketball,NBA,NBA REGULAR SEASON,,,,KovZpZA6keIA,Gainbridge Fieldhouse,Indianapolis,IN,39.7640640,-86.1555070,K8vZ9171o1f,Indiana Pacers
2026-09-18,vv1AAZkoeGkdsvG2Q,Ringling Bros. and Barnum & Bailey with Special Guest Bello Nock,2026-11-21,14:00:00,America/Indiana/Indianapolis,onsale,Arts & Theatre,Circus & Specialty Acts,Circus,FELD ENTERTAINMENT RINGLING BROS,,,,KovZpZA6keIA,Gainbridge Fieldhouse,Indianapolis,IN,39.7640640,-86.1555070,K8vZ917hekV,Ringling Bros. and Barnum & Bailey presents The Greatest Show On Earth
2026-09-18,vv17fZ_8GkS7wIuU,(PRESEASON) Indiana Pacers vs. Atlanta Hawks,2026-10-10,19:00:00,America/Indiana/Indianapolis,onsale,Sports,Basketball,NBA,NBA REGULAR SEASON,,,,KovZpZA6keIA,Gainbridge Fieldhouse,Indianapolis,IN,39.7640640,-86.1555070,K8vZ9171o1f,Indiana Pacers
2026-09-18,vv1AAZkoeGkdsZG29,Ringling Bros. and Barnum & Bailey with Special Guest Bello Nock,2026-11-21,10:00:00,America/Indiana/Indianapolis,onsale,Arts & Theatre,Circus & Specialty Acts,Circus,FELD ENTERTAINMENT RINGLING BROS,,,,KovZpZA6keIA,Gainbridge Fieldhouse,Indianapolis,IN,39.7640640,-86.1555070,K8vZ917hekV,Ringling Bros. and Barnum & Bailey presents The Greatest Show On Earth
2026-09-18,vv1AAZkoeGkdYXH2f,Ringling Bros. and Barnum & Bailey with Special Guest Bello Nock,2026-11-20,19:00:00,America/Indiana/Indianapolis,onsale,Arts & Theatre,Circus & Specialty Acts,Circus,FELD ENTERTAINMENT RINGLING BROS,,,,KovZpZA6keIA,Gainbridge Fieldhouse,Indianapolis,IN,39.7640640,-86.1555070,K8vZ917hekV,Ringling Bros. and Barnum & Bailey presents The Greatest Show On Earth
2026-09-18,vv1AAZkftGkeSwci5,Nick Cannon Presents: Wild 'N Out Live - The Next Generation,2026-12-15,20:00:00,America/Indiana/Indianapolis,offsale,Arts & Theatre,Comedy,Comedy,LIVE NATION MUSIC,,,,KovZpZA6keIA,Gainbridge Fieldhouse,Indianapolis,IN,39.7640640,-86.1555070,K8vZ9179eYf,Nick Cannon Presents: Wild 'N Out Live
2026-09-18,vvG1fZ_5Rv2Wm9,Disney On Ice presents Magic in the Stars,2027-01-23,15:00:00,America/Indiana/Indianapolis,onsale,Miscellaneous,Ice Shows,Ice Shows,FELD ENTERTAINMENT DISNEY ON ICE,,,,KovZpZA6keIA,Gainbridge Fieldhouse,Indianapolis,IN,39.7640640,-86.1555070,K8vZ917hvIV,Disney On Ice presents Magic in the Stars
2026-09-18,vv1AAZkoeGkdsei2N,Ringling Bros. and Barnum & Bailey with Special Guest Bello Nock,2026-11-21,18:00:00,America/Indiana/Indianapolis,onsale,Arts & Theatre,Circus & Specialty Acts,Circus,FELD ENTERTAINMENT RINGLING BROS,,,,KovZpZA6keIA,Gainbridge Fieldhouse,Indianapolis,IN,39.7640640,-86.1555070,K8vZ917hekV,Ringling Bros. and Barnum & Bailey presents The Greatest Show On Earth
2026-09-18,vv17fZ_8GkSARzfe,Indiana Pacers vs. Orlando Magic,2027-04-01,19:00:00,America/Indiana/Indianapolis,onsale,Sports,Basketball,NBA,NBA REGULAR SEASON,,,,KovZpZA6keIA,Gainbridge Fieldhouse,Indianapolis,IN,39.7640640,-86.1555070,K8vZ9171o1f,Indiana Pacers
2026-09-18,vv1AAZkoeGkdsAG2c,Ringling Bros. and Barnum & Bailey with Special Guest Bello Nock,2026-11-22,14:00:00,America/Indiana/Indianapolis,onsale,Arts & Theatre,Circus & Specialty Acts,Circus,FELD ENTERTAINMENT RINGLING BROS,,,,KovZpZA6keIA,Gainbridge Fieldhouse,Indianapolis,IN,39.7640640,-86.1555070,K8vZ917hekV,Ringling Bros. and Barnum & Bailey presents The Greatest Show On Earth
2026-09-18,vv1AAZkoeGkdsdH2J,Ringling Bros. and Barnum & Bailey presents The Greatest Show On Earth,2026-11-22,10:00:00,America/Indiana/Indianapolis,cancelled,Arts & Theatre,Circus & Specialty Acts,Circus,FELD ENTERTAINMENT RINGLING BROS,,,,KovZpZA6keIA,Gainbridge Fieldhouse,Indianapolis,IN,39.7640640,-86.1555070,K8vZ917hekV,Ringling Bros. and Barnum & Bailey presents The Greatest Show On Earth
2026-09-18,vv1AAZkoeGkdskj2U,Ringling Bros. and Barnum & Bailey presents The Greatest Show On Earth,2026-11-22,18:00:00,America/Indiana/Indianapolis,cancelled,Arts & Theatre,Circus & Specialty Acts,Circus,FELD ENTERTAINMENT RINGLING BROS,,,,KovZpZA6keIA,Gainbridge Fieldhouse,Indianapolis,IN,39.7640640,-86.1555070,K8vZ917hekV,Ringling Bros. and Barnum & Bailey presents The Greatest Show On Earth
2026-09-18,vvG1fZ_5Rv1ccy,Disney On Ice presents Magic in the Stars,2027-01-22,11:00:00,America/Indiana/Indianapolis,onsale,Miscellaneous,Ice Shows,Ice Shows,FELD ENTERTAINMENT DISNEY ON ICE,,,,KovZpZA6keIA,Gainbridge Fieldhouse,Indianapolis,IN,39.7640640,-86.1555070,K8vZ917hvIV,Disney On Ice presents Magic in the Stars
2026-09-18,vv17fZ_8GkS7DFCt,Indiana Pacers vs. Atlanta Hawks,2026-11-02,19:30:00,America/Indiana/Indianapolis,onsale,Sports,Basketball,NBA,NBA REGULAR SEASON,,,,KovZpZA6keIA,Gainbridge Fieldhouse,Indianapolis,IN,39.7640640,-86.1555070,K8vZ9171o1f,Indiana Pacers
2026-09-18,vv17fZ_8GkSAJzK6,Indiana Pacers vs. Charlotte Hornets,2027-03-08,19:00:00,America/Indiana/Indianapolis,onsale,Sports,Basketball,NBA,NBA REGULAR SEASON,,,,KovZpZA6keIA,Gainbridge Fieldhouse,Indianapolis,IN,39.7640640,-86.1555070,K8vZ9171o1f,Indiana Pacers
2026-09-18,vvG1fZ_5RvCcmo,Disney On Ice presents Magic in the Stars,2027-01-23,19:00:00,America/Indiana/Indianapolis,onsale,Miscellaneous,Ice Shows,Ice Shows,FELD ENTERTAINMENT DISNEY ON ICE,,,,KovZpZA6keIA,Gainbridge Fieldhouse,Indianapolis,IN,39.7640640,-86.1555070,K8vZ917hvIV,Disney On Ice presents Magic in the Stars
2026-09-18,vvG1fZ_5Rv6ccx,Disney On Ice presents Magic in the Stars,2027-01-20,19:00:00,America/Indiana/Indianapolis,onsale,Miscellaneous,Ice Shows,Ice Shows,FELD ENTERTAINMENT DISNEY ON ICE,,,,KovZpZA6keIA,Gainbridge Fieldhouse,Indianapolis,IN,39.7640640,-86.1555070,K8vZ917hvIV,Disney On Ice presents Magic in the Stars
2026-09-18,vvG1fZ_5RvGuma,Disney On Ice presents Magic in the Stars,2027-01-22,19:00:00,America/Indiana/Indianapolis,onsale,Miscellaneous,Ice Shows,Ice Shows,FELD ENTERTAINMENT DISNEY ON ICE,,,,KovZpZA6keIA,Gainbridge Fieldhouse,Indianapolis,IN,39.7640640,-86.1555070,K8vZ917hvIV,Disney On Ice presents Magic in the Stars
2026-09-18,vv17fZ_8GkSAqFoM,Indiana Pacers vs. Atlanta Hawks,2027-02-03,19:00:00,America/Indiana/Indianapolis,onsale,Sports,Basketball,NBA,NBA REGULAR SEASON,,,,KovZpZA6keIA,Gainbridge Fieldhouse,Indianapolis,IN,39.7640640,-86.1555070,K8vZ9171o1f,Indiana Pacers
2026-09-18,vvG1fZ_5Rvaqci,Disney On Ice presents Magic in the Stars,2027-01-21,19:00:00,America/Indiana/Indianapolis,onsale,Miscellaneous,Ice Shows,Ice Shows,FELD ENTERTAINMENT DISNEY ON ICE,,,,KovZpZA6keIA,Gainbridge Fieldhouse,Indianapolis,IN,39.7640640,-86.1555070,K8vZ917hvIV,Disney On Ice presents Magic in the Stars
2026-09-18,vv17fZ_8GkS7gbCv,(PRESEASON) Indiana Pacers vs. Milwaukee Bucks,2026-10-16,19:00:00,America/Indiana/Indianapolis,onsale,Sports,Basketball,NBA,NBA REGULAR SEASON,,,,KovZpZA6keIA,Gainbridge Fieldhouse,Indianapolis,IN,39.7640640,-86.1555070,K8vZ9171o1f,Indiana Pacers
2026-09-18,vv17fZ_8GkSAobo5,Indiana Pacers vs. Milwaukee Bucks,2027-01-09,19:00:00,America/Indiana/Indianapolis,onsale,Sports,Basketball,NBA,NBA REGULAR SEASON,,,,KovZpZA6keIA,Gainbridge Fieldhouse,Indianapolis,IN,39.7640640,-86.1555070,K8vZ9171o1f,Indiana Pacers
2026-09-18,vvG1fZ_GpyYR6M,Cash Money & No Limit Tour,2026-09-26,20:00:00,America/Indiana/Indianapolis,onsale,Music,Hip-Hop/Rap,Trap,PROMOTED BY VENUE,,,,KovZpZA6keIA,Gainbridge Fieldhouse,Indianapolis,IN,39.7640640,-86.1555070,K8vZ9171be7,Master P
2026-09-18,vv17fZ_8GkSAfboK,Indiana Pacers vs. Milwaukee Bucks,2027-01-13,19:00:00,America/Indiana/Indianapolis,onsale,Sports,Basketball,NBA,NBA REGULAR SEASON,,,,KovZpZA6keIA,Gainbridge Fieldhouse,Indianapolis,IN,39.7640640,-86.1555070,K8vZ9171o1f,Indiana Pacers
2026-09-18,vv17fZ_8GkSAxI3-,Indiana Pacers vs. Sacramento Kings,2027-02-13,14:00:00,America/Indiana/Indianapolis,onsale,Sports,Basketball,NBA,NBA REGULAR SEASON,,,,KovZpZA6keIA,Gainbridge Fieldhouse,Indianapolis,IN,39.7640640,-86.1555070,K8vZ9171o1f,Indiana Pacers
2026-09-18,vv17fZ_8GkSACI8X,Indiana Pacers vs. Minnesota Timberwolves,2027-01-02,19:00:00,America/Indiana/Indianapolis,onsale,Sports,Basketball,NBA,NBA REGULAR SEASON,,,,KovZpZA6keIA,Gainbridge Fieldhouse,Indianapolis,IN,39.7640640,-86.1555070,K8vZ9171o1f,Indiana Pacers
2026-09-18,vv17fZ_8GkSAeb2P,Indiana Pacers vs. Oklahoma City Thunder,2026-11-23,19:30:00,America/Indiana/Indianapolis,onsale,Sports,Basketball,NBA,NBA REGULAR SEASON,,,,KovZpZA6keIA,Gainbridge Fieldhouse,Indianapolis,IN,39.7640640,-86.1555070,K8vZ9171o1f,Indiana Pacers
2026-09-18,vv1AAZkoJGkd9fOWS,Banda MS de Sergio Lizarraga - Somos Tour,2027-06-18,20:00:00,America/Indiana/Indianapolis,rescheduled,Music,Latin,Latin,PROMOTED BY VENUE,,,,KovZpZA6keIA,Gainbridge Fieldhouse,Indianapolis,IN,39.7640640,-86.1555070,K8vZ917CCl7,Banda MS
2026-09-18,vv17fZ_8GkSA1F8P,Indiana Pacers vs. Portland Trail Blazers,2026-12-17,19:00:00,America/Indiana/Indianapolis,onsale,Sports,Basketball,NBA,NBA REGULAR SEASON,,,,KovZpZA6keIA,Gainbridge Fieldhouse,Indianapolis,IN,39.7640640,-86.1555070,K8vZ9171o1f,Indiana Pacers
2026-09-18,vv17fZ_8GkSAlIKm,Indiana Pacers vs. Memphis Grizzlies,2027-03-24,19:00:00,America/Indiana/Indianapolis,onsale,Sports,Basketball,NBA,NBA REGULAR SEASON,,,,KovZpZA6keIA,Gainbridge Fieldhouse,Indianapolis,IN,39.7640640,-86.1555070,K8vZ9171o1f,Indiana Pacers
2026-09-18,vv17fZ_8GkSA-b3f,Indiana Pacers vs. Utah Jazz,2027-02-11,19:00:00,America/Indiana/Indianapolis,onsale,Sports,Basketball,NBA,NBA REGULAR SEASON,,,,KovZpZA6keIA,Gainbridge Fieldhouse,Indianapolis,IN,39.7640640,-86.1555070,K8vZ9171o1f,Indiana Pacers
2026-09-18,vv17fZ_8GkSArb3F,Indiana Pacers vs. New Orleans Pelicans,2027-02-08,19:00:00,America/Indiana/Indianapolis,onsale,Sports,Basketball,NBA,NBA REGULAR SEASON,,,,KovZpZA6keIA,Gainbridge Fieldhouse,Indianapolis,IN,39.7640640,-86.1555070,K8vZ9171o1f,Indiana Pacers
2026-09-18,vvG1fZ_5UaMPZn,Disney Presents The Lion King (Touring),2026-10-09,19:00:00,America/New_York,onsale,Arts & Theatre,Theatre,Musical,BROADWAY ACROSS AMERICA KEY BRAND,,,,KovZpZAEAkvA,Old National Centre,Indianapolis,IN,39.7746468,-86.1514587,K8vZ9171X6V,Disney Presents The Lion King (Touring)
2026-09-18,vvG1fZ_5UaDPvh,Disney Presents The Lion King (Touring),2026-10-11,13:00:00,America/New_York,onsale,Arts & Theatre,Theatre,Musical,BROADWAY ACROSS AMERICA KEY BRAND,,,,KovZpZAEAkvA,Old National Centre,Indianapolis,IN,39.7746468,-86.1514587,K8vZ9171X6V,Disney Presents The Lion King (Touring)
2026-09-18,vvG1fZ_5UayPve,Disney Presents The Lion King (Touring),2026-10-10,14:00:00,America/New_York,onsale,Arts & Theatre,Theatre,Musical,BROADWAY ACROSS AMERICA KEY BRAND,,,,KovZpZAEAkvA,Old National Centre,Indianapolis,IN,39.7746468,-86.1514587,K8vZ9171X6V,Disney Presents The Lion King (Touring)
2026-09-18,vvG1fZ_5U1dAd3,Disney Presents The Lion King (Touring),2026-10-17,14:00:00,America/New_York,onsale,Arts & Theatre,Theatre,Musical,BROADWAY ACROSS AMERICA KEY BRAND,,,,KovZpZAEAkvA,Old National Centre,Indianapolis,IN,39.7746468,-86.1514587,K8vZ9171X6V,Disney Presents The Lion King (Touring)
2026-09-18,vvG1fZ_5UacVXc,Disney Presents The Lion King (Touring),2026-10-01,19:00:00,America/New_York,onsale,Arts & Theatre,Theatre,Musical,BROADWAY ACROSS AMERICA KEY BRAND,,,,KovZpZAEAkvA,Old National Centre,Indianapolis,IN,39.7746468,-86.1514587,K8vZ9171X6V,Disney Presents The Lion King (Touring)
2026-09-18,vvG1fZ_1XMUioK,The Smashing Pumpkins: The Rats In A Cage Tour,2026-10-20,20:00:00,America/Indiana/Indianapolis,onsale,Music,Rock,Alternative Rock,LIVE NATION MUSIC,,,,KovZpZA6keIA,Gainbridge Fieldhouse,Indianapolis,IN,39.7640640,-86.1555070,K8vZ9171FDV,The Smashing Pumpkins
2026-09-18,vvG1fZ_5UasfT-,Disney Presents The Lion King (Touring),2026-10-03,14:00:00,America/New_York,onsale,Arts & Theatre,Theatre,Musical,BROADWAY ACROSS AMERICA KEY BRAND,,,,KovZpZAEAkvA,Old National Centre,Indianapolis,IN,39.7746468,-86.1514587,K8vZ9171X6V,Disney Presents The Lion King (Touring)
2026-09-18,vvG1fZ_5Uai0XP,Disney Presents The Lion King (Touring),2026-09-30,19:00:00,America/New_York,onsale,Arts & Theatre,Theatre,Musical,BROADWAY ACROSS AMERICA KEY BRAND,,,,KovZpZAEAkvA,Old National Centre,Indianapolis,IN,39.7746468,-86.1514587,K8vZ9171X6V,Disney Presents The Lion King (Touring)
2026-09-18,vvG1fZ_5U1dgdE,Disney Presents The Lion King (Touring),2026-10-18,13:00:00,America/New_York,onsale,Arts & Theatre,Theatre,Musical,BROADWAY ACROSS AMERICA KEY BRAND,,,,KovZpZAEAkvA,Old National Centre,Indianapolis,IN,39.7746468,-86.1514587,K8vZ9171X6V,Disney Presents The Lion King (Touring)
2026-09-18,vvG1fZ_5UazPZY,Disney Presents The Lion King (Touring),2026-10-10,19:30:00,America/New_York,onsale,Arts & Theatre,Theatre,Musical,BROADWAY ACROSS AMERICA KEY BRAND,,,,KovZpZAEAkvA,Old National Centre,Indianapolis,IN,39.7746468,-86.1514587,K8vZ9171X6V,Disney Presents The Lion King (Touring)
2026-09-18,vvG1fZ_5UaR7Xy,Disney Presents The Lion King (Touring),2026-10-02,19:00:00,America/New_York,onsale,Arts & Theatre,Theatre,Musical,BROADWAY ACROSS AMERICA KEY BRAND,,,,KovZpZAEAkvA,Old National Centre,Indianapolis,IN,39.7746468,-86.1514587,K8vZ9171X6V,Disney Presents The Lion King (Touring)
2026-09-18,vvG1fZ_5UaSfTM,Disney Presents The Lion King (Touring),2026-10-04,13:00:00,America/New_York,onsale,Arts & Theatre,Theatre,Musical,BROADWAY ACROSS AMERICA KEY BRAND,,,,KovZpZAEAkvA,Old National Centre,Indianapolis,IN,39.7746468,-86.1514587,K8vZ9171X6V,Disney Presents The Lion King (Touring)
2026-09-18,vvG1fZ_5U1Zgeg,Disney Presents The Lion King (Touring),2026-10-16,13:00:00,America/New_York,onsale,Arts & Theatre,Theatre,Musical,BROADWAY ACROSS AMERICA KEY BRAND,,,,KovZpZAEAkvA,Old National Centre,Indianapolis,IN,39.7746468,-86.1514587,K8vZ9171X6V,Disney Presents The Lion King (Touring)
2026-09-18,vvG1fZ_5UaY7XX,Disney Presents The Lion King (Touring),2026-10-03,19:30:00,America/New_York,onsale,Arts & Theatre,Theatre,Musical,BROADWAY ACROSS AMERICA KEY BRAND,,,,KovZpZAEAkvA,Old National Centre,Indianapolis,IN,39.7746468,-86.1514587,K8vZ9171X6V,Disney Presents The Lion King (Touring)
2026-09-18,vvG1fZ_5UaBPv4,Disney Presents The Lion King (Touring),2026-10-11,18:30:00,America/New_York,onsale,Arts & Theatre,Theatre,Musical,BROADWAY ACROSS AMERICA KEY BRAND,,,,KovZpZAEAkvA,Old National Centre,Indianapolis,IN,39.7746468,-86.1514587,K8vZ9171X6V,Disney Presents The Lion King (Touring)
2026-09-18,vvG1fZ_5UawfTR,Disney Presents The Lion King (Touring),2026-10-04,18:30:00,America/New_York,onsale,Arts & Theatre,Theatre,Musical,BROADWAY ACROSS AMERICA KEY BRAND,,,,KovZpZAEAkvA,Old National Centre,Indianapolis,IN,39.7746468,-86.1514587,K8vZ9171X6V,Disney Presents The Lion King (Touring)
2026-09-18,vvG1fZ_5UagPZp,Disney Presents The Lion King (Touring),2026-10-07,19:00:00,America/New_York,onsale,Arts & Theatre,Theatre,Musical,BROADWAY ACROSS AMERICA KEY BRAND,,,,KovZpZAEAkvA,Old National Centre,Indianapolis,IN,39.7746468,-86.1514587,K8vZ9171X6V,Disney Presents The Lion King (Touring)
2026-09-18,vvG1fZ_5UaTgeA,Disney Presents The Lion King (Touring),2026-10-16,19:00:00,America/New_York,onsale,Arts & Theatre,Theatre,Musical,BROADWAY ACROSS AMERICA KEY BRAND,,,,KovZpZAEAkvA,Old National Centre,Indianapolis,IN,39.7746468,-86.1514587,K8vZ9171X6V,Disney Presents The Lion King (Touring)
2026-09-18,vvG1fZ_5U1vgdG,Disney Presents The Lion King (Touring),2026-10-17,19:30:00,America/New_York,onsale,Arts & Theatre,Theatre,Musical,BROADWAY ACROSS AMERICA KEY BRAND,,,,KovZpZAEAkvA,Old National Centre,Indianapolis,IN,39.7746468,-86.1514587,K8vZ9171X6V,Disney Presents The Lion King (Touring)
2026-09-18,vvG1fZ_5UaHgvt,Disney Presents The Lion King (Touring),2026-10-13,19:00:00,America/New_York,onsale,Arts & Theatre,Theatre,Musical,BROADWAY ACROSS AMERICA KEY BRAND,,,,KovZpZAEAkvA,Old National Centre,Indianapolis,IN,39.7746468,-86.1514587,K8vZ9171X6V,Disney Presents The Lion King (Touring)
2026-09-18,vvG1fZ_5UaUPZj,Disney Presents The Lion King (Touring),2026-10-08,19:00:00,America/New_York,onsale,Arts & Theatre,Theatre,Musical,BROADWAY ACROSS AMERICA KEY BRAND,,,,KovZpZAEAkvA,Old National Centre,Indianapolis,IN,39.7746468,-86.1514587,K8vZ9171X6V,Disney Presents The Lion King (Touring)
2026-09-18,vvG1fZ_5UaVPZZ,Disney Presents The Lion King (Touring),2026-10-06,19:00:00,America/New_York,onsale,Arts & Theatre,Theatre,Musical,BROADWAY ACROSS AMERICA KEY BRAND,,,,KovZpZAEAkvA,Old National Centre,Indianapolis,IN,39.7746468,-86.1514587,K8vZ9171X6V,Disney Presents The Lion King (Touring)
2026-09-18,vvG1fZ_5UaXgvM,Disney Presents The Lion King (Touring),2026-10-15,19:00:00,America/New_York,onsale,Arts & Theatre,Theatre,Musical,BROADWAY ACROSS AMERICA KEY BRAND,,,,KovZpZAEAkvA,Old National Centre,Indianapolis,IN,39.7746468,-86.1514587,K8vZ9171X6V,Disney Presents The Lion King (Touring)
2026-09-18,vvG1fZ_G5CRRZm,Little Big Town - For The Art Of It Tour,2026-11-14,19:30:00,America/New_York,onsale,Music,Country,Country,LIVE NATION MUSIC,,,,KovZpZAEAkvA,Old National Centre,Indianapolis,IN,39.7746468,-86.1514587,K8vZ9175ykf,Little Big Town
2026-09-18,vvG1fZ_5UaWgvR,Disney Presents The Lion King (Touring),2026-10-14,19:00:00,America/New_York,onsale,Arts & Theatre,Theatre,Musical,BROADWAY ACROSS AMERICA KEY BRAND,,,,KovZpZAEAkvA,Old National Centre,Indianapolis,IN,39.7746468,-86.1514587,K8vZ9171X6V,Disney Presents The Lion King (Touring)
2026-09-18,vv17fZ_6GkS6miMJ,$uicideboy$ Present Grey Day Tour 2026 W. Destroy Lonely & More,2026-09-20,18:30:00,America/Indiana/Indianapolis,onsale,Music,Hip-Hop/Rap,Trap,LIVE NATION MUSIC,,,,KovZpvEk7A,Ruoff Music Center,Noblesville,IN,40.0037320,-85.9342718,K8vZ917f2N7,$UICIDEBOY$
2026-09-18,vv1FfZ_3xppAZdu26,Damascus Road Tour with Josiah Queen,2027-04-10,19:00:00,America/Indiana/Indianapolis,onsale,Music,Religious,Gospel,TRANSPARENT PRODUCTIONS,,,,KovZpZA6keIA,Gainbridge Fieldhouse,Indianapolis,IN,39.7640640,-86.1555070,K8vZ917jMR7,Josiah Queen
2026-09-18,vv1aAZk3aPba_Ze8u,SOMBR - You Are The Reason Tour,2026-11-06,19:00:00,America/Indiana/Indianapolis,onsale,Music,Rock,Alternative Rock,LIVE NATION MUSIC,,,,KovZpZA6keIA,Gainbridge Fieldhouse,Indianapolis,IN,39.7640640,-86.1555070,K8vZ917ji4V,Sombr
2026-09-18,vv11v8vN_aF0Q_vG,Three Days Grace - Alienation Tour ,2026-11-04,19:00:00,America/Indiana/Indianapolis,onsale,Music,Rock,Pop,LIVE NATION MUSIC,,,,KovZpZA6keIA,Gainbridge Fieldhouse,Indianapolis,IN,39.7640640,-86.1555070,K8vZ9175jBV,Three Days Grace
2026-09-18,vvG1fZ_CDhCTqh,for KING & COUNTRY,2026-12-10,19:00:00,America/Indiana/Indianapolis,onsale,Music,Pop,Electro Pop,PROMOTED BY VENUE,,,,KovZpZA6keEA,Allen County War Memorial Coliseum,Fort Wayne,IN,41.1128080,-85.1254390,K8vZ9172rR0,for KING & COUNTRY
2026-09-18,vv17fZ_oGkmOjkIL,Christmas with Chris Tomlin,2026-12-16,19:00:00,America/New_York,onsale,Music,Religious,Gospel,LIVE NATION MUSIC,,,,KovZpZAEAkvA,Old National Centre,Indianapolis,IN,39.7746468,-86.1514587,K8vZ9175WR0,Chris Tomlin
2026-09-18,Z7r9jZ1A7-7FI,Indiana Hoosiers Football vs. Ohio State Football,2026-10-17,,,onsale,Sports,Football,College,,,,,ZFr9jZddeF,Memorial Stadium - Bloomington,Bloomington,IN,39.1716000,-86.5177000,K8vZ91755hf,Indiana Hoosiers Football
2026-09-18,vvG1fZ_G95nd0B,Indiana vs. North Carolina,2026-10-18,17:00:00,America/Indiana/Indianapolis,onsale,Sports,Basketball,College,PROMOTED BY VENUE,,,,KovZpZA6keIA,Gainbridge Fieldhouse,Indianapolis,IN,39.7640640,-86.1555070,K8vZ9171L-0,Indiana Hoosiers Men's Basketball
2026-09-18,vvG1fZ_1kTe-q0,2026 Indy Classic,2026-12-19,,America/Indiana/Indianapolis,onsale,Sports,Basketball,College,PROMOTED BY VENUE,,,,KovZpZA6keIA,Gainbridge Fieldhouse,Indianapolis,IN,39.7640640,-86.1555070,K8vZ917hLS0,Indy Classic
2026-09-18,vvG1fZ_CD5UcEy,Disney On Ice presents Magic of Family,2027-02-28,14:30:00,America/Indiana/Indianapolis,onsale,Miscellaneous,Ice Shows,Ice Shows,FELD ENTERTAINMENT DISNEY ON ICE,,,,KovZpZA6keEA,Allen County War Memorial Coliseum,Fort Wayne,IN,41.1128080,-85.1254390,K8vZ917QfVV,Disney On Ice presents Magic of Family
2026-09-18,vvG1fZ_CD5YWEd,Disney On Ice presents Magic of Family,2027-02-27,10:30:00,America/Indiana/Indianapolis,onsale,Miscellaneous,Ice Shows,Ice Shows,FELD ENTERTAINMENT DISNEY ON ICE,,,,KovZpZA6keEA,Allen County War Memorial Coliseum,Fort Wayne,IN,41.1128080,-85.1254390,K8vZ917QfVV,Disney On Ice presents Magic of Family
2026-09-18,vvG1fZ_CD5SuEC,Disney On Ice presents Magic of Family,2027-02-27,14:30:00,America/Indiana/Indianapolis,onsale,Miscellaneous,Ice Shows,Ice Shows,FELD ENTERTAINMENT DISNEY ON ICE,,,,KovZpZA6keEA,Allen County War Memorial Coliseum,Fort Wayne,IN,41.1128080,-85.1254390,K8vZ917QfVV,Disney On Ice presents Magic of Family
2026-09-18,vvG1fZ_CD5RcJM,Disney On Ice presents Magic of Family,2027-02-26,18:30:00,America/Indiana/Indianapolis,onsale,Miscellaneous,Ice Shows,Ice Shows,FELD ENTERTAINMENT DISNEY ON ICE,,,,KovZpZA6keEA,Allen County War Memorial Coliseum,Fort Wayne,IN,41.1128080,-85.1254390,K8vZ917QfVV,Disney On Ice presents Magic of Family
2026-09-18,vvG1fZ_CD5wuE6,Disney On Ice presents Magic of Family,2027-02-27,18:30:00,America/Indiana/Indianapolis,onsale,Miscellaneous,Ice Shows,Ice Shows,FELD ENTERTAINMENT DISNEY ON ICE,,,,KovZpZA6keEA,Allen County War Memorial Coliseum,Fort Wayne,IN,41.1128080,-85.1254390,K8vZ917QfVV,Disney On Ice presents Magic of Family
2026-09-18,vvG1fZ_CD5VqEq,Disney On Ice presents Magic of Family,2027-02-28,10:30:00,America/Indiana/Indianapolis,onsale,Miscellaneous,Ice Shows,Ice Shows,FELD ENTERTAINMENT DISNEY ON ICE,,,,KovZpZA6keEA,Allen County War Memorial Coliseum,Fort Wayne,IN,41.1128080,-85.1254390,K8vZ917QfVV,Disney On Ice presents Magic of Family
2026-09-18,vvG1fZ_CD5gcEn,Disney On Ice presents Magic of Family,2027-02-28,18:30:00,America/Indiana/Indianapolis,onsale,Miscellaneous,Ice Shows,Ice Shows,FELD ENTERTAINMENT DISNEY ON ICE,,,,KovZpZA6keEA,Allen County War Memorial Coliseum,Fort Wayne,IN,41.1128080,-85.1254390,K8vZ917QfVV,Disney On Ice presents Magic of Family
2026-09-18,vv1AAZkobGkeULrRX,STING 3.0 Tour,2026-10-22,20:00:00,America/New_York,onsale,Music,Rock,Pop,LIVE NATION MUSIC,,,,KovZpZAEAkvA,Old National Centre,Indianapolis,IN,39.7746468,-86.1514587,K8vZ91712w7,Sting
2026-09-18,vvG1fZ_Ch4nvcT,PBR: Unleash the Beast,2027-03-20,19:45:00,America/Indiana/Indianapolis,onsale,Sports,Rodeo,Bullriding,PROMOTED BY VENUE,,,,KovZpZA6keIA,Gainbridge Fieldhouse,Indianapolis,IN,39.7640640,-86.1555070,K8vZ9179q2V,PBR: Unleash the Beast
2026-09-18,vv17fZ_dGkwQ6tPE,Staind: Break The Cycle 25th Anniversary Tour,2026-09-26,18:00:00,America/Indiana/Indianapolis,onsale,Music,Rock,Alternative Rock,LIVE NATION MUSIC,,,,KovZpvEk7A,Ruoff Music Center,Noblesville,IN,40.0037320,-85.9342718,K8vZ9171ORf,Staind
2026-09-18,vv1AAZkobGkeUOCYQ,STING 3.0 Tour,2026-10-23,20:00:00,America/New_York,onsale,Music,Rock,Pop,LIVE NATION MUSIC,,,,KovZpZAEAkvA,Old National Centre,Indianapolis,IN,39.7746468,-86.1514587,K8vZ91712w7,Sting
2026-09-18,vv17fZ_kGkmhx6vd,"Disney Descendants, ZOMBIES & Camp Rock: Worlds Collide Concert Tour",2026-10-27,19:00:00,America/Indiana/Indianapolis,onsale,Music,Other,Other,AEG LIVE,,,,KovZpZA6keIA,Gainbridge Fieldhouse,Indianapolis,IN,39.7640640,-86.1555070,K8vZ917qo40,Disney Worlds Collide Concert Tour
2026-09-18,vv1AAZkuJGkexxahJ,"""Weird Al"" Yankovic: Bigger & Weirder 2026 Tour",2026-10-15,19:30:00,America/Indiana/Indianapolis,onsale,Arts & Theatre,Comedy,Comedy,LIVE NATION MUSIC,,,,KovZpZA6keEA,Allen County War Memorial Coliseum,Fort Wayne,IN,41.1128080,-85.1254390,K8vZ9171ux0,Weird Al Yankovic
2026-09-18,vv1AAZkfNGkd5_iG-,Jeff Dunham Inappropriate Contact,2027-02-04,19:00:00,America/Indiana/Indianapolis,onsale,Arts & Theatre,Comedy,Comedy,PROMOTED BY VENUE,,,,KovZpZAF77nA,Embassy Theatre,Fort Wayne,IN,41.0759493,-85.1396786,K8vZ91714jV,Jeff Dunham
2026-09-18,vv17fZ_dGkzAs6c0,Tim McGraw: Pawn Shop Guitar Tour 2026,2026-09-18,19:00:00,America/Indiana/Indianapolis,onsale,Music,Country,Country,LIVE NATION MUSIC,,,,KovZpvEk7A,Ruoff Music Center,Noblesville,IN,40.0037320,-85.9342718,K8vZ9171oE7,Tim McGraw
2026-09-18,vvG1fZ_Ch4lvm6,PBR: Unleash the Beast,2027-03-21,13:45:00,America/Indiana/Indianapolis,onsale,Sports,Rodeo,Bullriding,PROMOTED BY VENUE,,,,KovZpZA6keIA,Gainbridge Fieldhouse,Indianapolis,IN,39.7640640,-86.1555070,K8vZ9179q2V,PBR: Unleash the Beast
2026-09-18,vvG1fZ_297lWLu,Grand National Championships Presented By Yamaha And Sweetwater,2026-11-14,19:00:00,America/New_York,onsale,Music,Other,Other,PROMOTED BY VENUE,,,,KovZpZAdEJEA,Lucas Oil Stadium,Indianapolis,IN,39.7600700,-86.1638210,K8vZ9171r3f,Bands of America
2026-09-18,vvG1fZ_2rl1iu_,PBR Two Day Package - Ticket Includes Access To All Days,2027-03-20,,America/Indiana/Indianapolis,onsale,Sports,Rodeo,Bullriding,PROMOTED BY VENUE,,,,KovZpZA6keIA,Gainbridge Fieldhouse,Indianapolis,IN,39.7640640,-86.1555070,K8vZ9172_E0,PBR: Unleash the Beast
2026-09-18,vv17fZ_kGkltlcDn,Indiana vs. Syracuse,2026-11-09,18:30:00,America/Indiana/Indianapolis,onsale,Sports,Basketball,College,PROMOTED BY VENUE,,,,KovZpZA6keIA,Gainbridge Fieldhouse,Indianapolis,IN,39.7640640,-86.1555070,K8vZ9171L-0,Indiana Hoosiers Men's Basketball
2026-09-18,vvG1fZ_u5AtSzz,Jeff Arcuri: The Road Trip Tour,2027-02-27,20:00:00,America/New_York,onsale,Arts & Theatre,Comedy,Comedy,LIVE NATION MUSIC,,,,KovZpZAEAkvA,Old National Centre,Indianapolis,IN,39.7746468,-86.1514587,K8vZ9179td0,Jeff Arcuri
2026-09-18,vvG1fZ_ulaG6PA,Joe Bonamassa,2027-02-15,20:00:00,America/New_York,onsale,Music,Blues,Blues,LIVE NATION MUSIC,,,,KovZpZAEAkvA,Old National Centre,Indianapolis,IN,39.7746468,-86.1514587,K8vZ91751-V,Joe Bonamassa
2026-09-18,Z7r9jZ1A7OYkv,Notre Dame Fighting Irish Football vs. Michigan State Spartans Football,2026-09-19,19:30:00,,onsale,Sports,Football,College,,,,,ZFr9jZedee,Notre Dame Stadium,Notre Dame,IN,41.7197000,-86.2503970,K8vZ91710K7,Notre Dame Fighting Irish Football
2026-09-18,vv1AAZkfxGkdxqR5k,Jo Koy: Koy Meets World Tour,2027-04-09,20:00:00,America/Indiana/Indianapolis,onsale,Arts & Theatre,Comedy,Comedy,PROMOTED BY VENUE,,,,KovZpZAJdEkA,Clowes Memorial Hall,Indianapolis,IN,39.8386280,-86.1719940,K8vZ917GJk0,Jo Koy
2026-09-18,vvG1fZ_2k4tI1Q,IU vs. UK Men's Basketball,2026-11-20,19:00:00,America/New_York,offsale,Sports,Basketball,College,NCAA,,,,KovZpZAdEJEA,Lucas Oil Stadium,Indianapolis,IN,39.7600700,-86.1638210,K8vZ9174f57,Indiana University Men's Basketball
2026-09-18,vvG1fZ_2p2h4x1,Grand National Championships Presented By Yamaha And Sweetwater,2026-11-14,07:00:00,America/New_York,onsale,Music,Other,Other,PROMOTED BY VENUE,,,,KovZpZAdEJEA,Lucas Oil Stadium,Indianapolis,IN,39.7600700,-86.1638210,K8vZ9171r3f,Bands of America
2026-09-18,vvG1fZ_2p5Yg6m,Grand National Championships Presented By Yamaha And Sweetwater,2026-11-13,07:00:00,America/New_York,onsale,Music,Other,Other,PROMOTED BY VENUE,,,,KovZpZAdEJEA,Lucas Oil Stadium,Indianapolis,IN,39.7600700,-86.1638210,K8vZ9171r3f,Bands of America
2026-09-18,vv1AAZkf_Gkdw03bT,Free Film Screening: Coco,2026-10-08,18:30:00,America/Indiana/Indianapolis,onsale,Film,Family,Miscellaneous,PROMOTED BY VENUE,,,,KovZpZA6keIA,Gainbridge Fieldhouse,Indianapolis,IN,39.7640640,-86.1555070,,
2026-09-18,vvG1fZ_2dr6XSo,'Twas the Night Before... by Cirque du Soleil,2026-11-25,19:00:00,America/New_York,onsale,Arts & Theatre,Circus & Specialty Acts,Circus,LIVE NATION MUSIC,,,,KovZpZAEAkvA,Old National Centre,Indianapolis,IN,39.7746468,-86.1514587,K8vZ917boLf,'Twas the Night Before... by Cirque du Soleil
2026-09-18,vvG1fZ_2dr8rVq,'Twas the Night Before... by Cirque du Soleil,2026-11-29,15:00:00,America/New_York,onsale,Arts & Theatre,Circus & Specialty Acts,Circus,LIVE NATION MUSIC,,,,KovZpZAEAkvA,Old National Centre,Indianapolis,IN,39.7746468,-86.1514587,K8vZ917boLf,'Twas the Night Before... by Cirque du Soleil
2026-09-18,vvG1fZ_2drGrSD,'Twas the Night Before... by Cirque du Soleil,2026-11-28,13:00:00,America/New_York,onsale,Arts & Theatre,Circus & Specialty Acts,Circus,LIVE NATION MUSIC,,,,KovZpZAEAkvA,Old National Centre,Indianapolis,IN,39.7746468,-86.1514587,K8vZ917boLf,'Twas the Night Before... by Cirque du Soleil
2026-09-18,vvG1fZ_2dr2CV4,'Twas the Night Before... by Cirque du Soleil,2026-11-28,16:00:00,America/New_York,onsale,Arts & Theatre,Circus & Specialty Acts,Circus,LIVE NATION MUSIC,,,,KovZpZAEAkvA,Old National Centre,Indianapolis,IN,39.7746468,-86.1514587,K8vZ917boLf,'Twas the Night Before... by Cirque du Soleil
2026-09-18,vvG1fZ_2draCSb,'Twas the Night Before... by Cirque du Soleil,2026-11-27,13:00:00,America/New_York,onsale,Arts & Theatre,Circus & Specialty Acts,Circus,LIVE NATION MUSIC,,,,KovZpZAEAkvA,Old National Centre,Indianapolis,IN,39.7746468,-86.1514587,K8vZ917boLf,'Twas the Night Before... by Cirque du Soleil
2026-09-18,vvG1fZ_2drumVk,'Twas the Night Before... by Cirque du Soleil,2026-11-28,19:00:00,America/New_York,onsale,Arts & Theatre,Circus & Specialty Acts,Circus,LIVE NATION MUSIC,,,,KovZpZAEAkvA,Old National Centre,Indianapolis,IN,39.7746468,-86.1514587,K8vZ917boLf,'Twas the Night Before... by Cirque du Soleil
2026-09-18,vvG1fZ_2dr5rSY,'Twas the Night Before... by Cirque du Soleil,2026-11-27,16:00:00,America/New_York,onsale,Arts & Theatre,Circus & Specialty Acts,Circus,LIVE NATION MUSIC,,,,KovZpZAEAkvA,Old National Centre,Indianapolis,IN,39.7746468,-86.1514587,K8vZ917boLf,'Twas the Night Before... by Cirque du Soleil
2026-09-18,vvG1fZ_2pacVMT,Grand National Championships Presented By Yamaha And Sweetwater,2026-11-12,08:00:00,America/New_York,onsale,Music,Other,Other,PROMOTED BY VENUE,,,,KovZpZAdEJEA,Lucas Oil Stadium,Indianapolis,IN,39.7600700,-86.1638210,K8vZ9171r3f,Bands of America
2026-09-18,vvG1fZ_2dr1CSJ,'Twas the Night Before... by Cirque du Soleil,2026-11-27,19:00:00,America/New_York,onsale,Arts & Theatre,Circus & Specialty Acts,Circus,LIVE NATION MUSIC,,,,KovZpZAEAkvA,Old National Centre,Indianapolis,IN,39.7746468,-86.1514587,K8vZ917boLf,'Twas the Night Before... by Cirque du Soleil
2026-09-18,vvG1fZ_Cxyl1Kl,BOA Indianapolis Super Regional presented by Yamaha and Sweetwater,2026-10-17,19:30:00,America/New_York,onsale,Music,Other,Other,PROMOTED BY VENUE,,,,KovZpZAdEJEA,Lucas Oil Stadium,Indianapolis,IN,39.7600700,-86.1638210,K8vZ9171r3f,Bands of America
2026-09-18,vvG1fZ_Cxypn8t,BOA Indianapolis Super Regional presented by Yamaha and Sweetwater,2026-10-17,07:00:00,America/New_York,onsale,Music,Other,Other,PROMOTED BY VENUE,,,,KovZpZAdEJEA,Lucas Oil Stadium,Indianapolis,IN,39.7600700,-86.1638210,K8vZ9171r3f,Bands of America
2026-09-18,vvG1fZ_Cxyu1Cx,BOA Indianapolis Super Regional presented by Yamaha and Sweetwater,2026-10-16,07:00:00,America/New_York,onsale,Music,Other,Other,PROMOTED BY VENUE,,,,KovZpZAdEJEA,Lucas Oil Stadium,Indianapolis,IN,39.7600700,-86.1638210,K8vZ9171r3f,Bands of America
2026-09-18,vvG1fZ_1M8ti43,Straight No Chaser,2026-12-19,15:00:00,America/New_York,onsale,Music,Rock,Pop,LIVE NATION MUSIC,,,,KovZpZAEAkvA,Old National Centre,Indianapolis,IN,39.7746468,-86.1514587,K8vZ917GQQ0,Straight No Chaser
2026-09-18,vv17fZ_aGkS1zCd-,Elmo's Got the Moves,2026-11-01,14:00:00,America/New_York,onsale,Arts & Theatre,Children's Theatre,Children's Theatre,LIVE NATION MUSIC,,,,KovZpZAEAkvA,Old National Centre,Indianapolis,IN,39.7746468,-86.1514587,K8vZ9171o77,Sesame Street Live
2026-09-18,vvG1fZ_1M8nH49,Straight No Chaser,2026-12-20,15:00:00,America/New_York,onsale,Music,Rock,Pop,LIVE NATION MUSIC,,,,KovZpZAEAkvA,Old National Centre,Indianapolis,IN,39.7746468,-86.1514587,K8vZ917GQQ0,Straight No Chaser
2026-09-18,vvG1fZ_1M8Ejfy,Straight No Chaser,2026-12-18,20:00:00,America/New_York,onsale,Music,Rock,Pop,LIVE NATION MUSIC,,,,KovZpZAEAkvA,Old National Centre,Indianapolis,IN,39.7746468,-86.1514587,K8vZ917GQQ0,Straight No Chaser
2026-09-18,vvG1fZ_1M8Ii4Z,Straight No Chaser,2026-12-19,20:00:00,America/New_York,onsale,Music,Rock,Pop,LIVE NATION MUSIC,,,,KovZpZAEAkvA,Old National Centre,Indianapolis,IN,39.7746468,-86.1514587,K8vZ917GQQ0,Straight No Chaser
2026-09-18,vv1AAZkoyGkdQciMf,NUTCRACKER! Magical Christmas Ballet,2026-12-15,19:00:00,America/New_York,onsale,Arts & Theatre,Dance,Dance,LIVE NATION MUSIC,,,,KovZpZAEAkvA,Old National Centre,Indianapolis,IN,39.7746468,-86.1514587,K8vZ9178k80,NUTCRACKER! Magical Christmas Ballet
2026-09-18,vvG1fZ_1IPfLre,"TOBYMAC, THIRD DAY, CHRIS TOMLIN",2026-11-06,19:00:00,America/Chicago,onsale,Music,Religious,Gospel,AWAKENING EVENTS,,,,KovZpZAEAAlA,Ford Center,Evansville,IN,37.9734020,-87.5675690,K8vZ9175Av7,TOBYMAC
2026-09-18,vv1AAZku9GkdfVaJ6,Parker McCollum,2026-09-19,19:30:00,America/Chicago,onsale,Music,Country,Country,EMPORIUM PRESENTS,,,,KovZpZAEAAlA,Ford Center,Evansville,IN,37.9734020,-87.5675690,K8vZ9174n5V,Parker McCollum
2026-09-18,vvG1fZ_1KxwtRx,"MercyMe, Jeremy Camp, Tim Timmons, Sam Wesley",2026-11-12,19:00:00,America/New_York,onsale,Music,Rock,Pop,AWAKENING EVENTS,,,,KovZ917AmVB,Fishers Event Center,Fishers,IN,39.9474345,-86.0061368,K8vZ9175_R0,MercyMe
2026-09-18,vvG1fZ_C122gf0,The 42nd Annual Circle City Classic®,2026-09-26,10:00:00,America/New_York,onsale,Sports,Football,College,PROMOTED BY VENUE,,,,KovZpZAdEJEA,Lucas Oil Stadium,Indianapolis,IN,39.7600700,-86.1638210,K8vZ9175u-0,Circle City Classic
2026-09-18,vvG1fZ_1rxsHuf,Nurse John: Against Medical Advice Tour,2026-10-22,19:00:00,America/New_York,onsale,Arts & Theatre,Comedy,Comedy,LIVE NATION MUSIC,,,,KovZpZAEAkvA,Old National Centre,Indianapolis,IN,39.7746468,-86.1514587,K8vZ917jbg7,Nurse John
2026-09-18,vvG1fZ_uDesbSd,2026 ISSMA Marching Band State Finals,2026-11-07,09:30:00,America/New_York,onsale,Music,Other,Other,PROMOTED BY VENUE,,,,KovZpZAdEJEA,Lucas Oil Stadium,Indianapolis,IN,39.7600700,-86.1638210,K8vZ917KxAV,ISSMA Marching Band Finals
2026-09-18,vvG1jZ_5nczdit,Jo Koy Live,2026-09-26,20:00:00,America/Chicago,onsale,Arts & Theatre,Comedy,Comedy,PROMOTED BY VENUE,,,,KovZpZAEAlvA,The Venue at Horseshoe Casino,Hammond,IN,41.6930990,-87.5082446,K8vZ917GJk0,Jo Koy
2026-09-18,vvG1fZ_CE29TQj,Jon Pardi: Gamblin' Man Tour 2026,2026-09-24,19:00:00,America/Indiana/Indianapolis,onsale,Music,Country,Country,PROMOTED BY VENUE,,,,KovZpZA6keEA,Allen County War Memorial Coliseum,Fort Wayne,IN,41.1128080,-85.1254390,K8vZ917ugvf,Jon Pardi
2026-09-18,vv1AAZkfdGkd0w0Ky,Nurse John: Against Medical Advice Tour,2026-10-22,21:30:00,America/New_York,onsale,Arts & Theatre,Comedy,Comedy,LIVE NATION MUSIC,,,,KovZpZAEAkvA,Old National Centre,Indianapolis,IN,39.7746468,-86.1514587,K8vZ917jbg7,Nurse John
2026-09-18,vv17fZ_8GkIv0cLT,2026 Discover Big Ten Football Championship Game,2026-12-05,20:00:00,America/New_York,offsale,Sports,Football,College,PROMOTED BY VENUE,,,,KovZpZAdEJEA,Lucas Oil Stadium,Indianapolis,IN,39.7600700,-86.1638210,K8vZ9172Sh0,Big Ten Football Championship Game
2026-09-18,vvG1fZ_G3HAXS5,Underoath - Define the Great Line 20th Anniversary Tour,2026-12-05,18:30:00,America/New_York,onsale,Music,Rock,Pop,LIVE NATION MUSIC,,,,KovZpZAEAkvA,Old National Centre,Indianapolis,IN,39.7746468,-86.1514587,K8vZ9175Y30,Underoath
2026-09-18,vv1AAZk3pGkdhJ2dA,Suki Waterhouse: The Loveland Tour,2026-09-18,19:30:00,America/New_York,onsale,Music,Rock,Alternative Rock,LIVE NATION MUSIC,,,,KovZpZAEAkvA,Old National Centre,Indianapolis,IN,39.7746468,-86.1514587,K8vZ917QfmV,Suki Waterhouse
2026-09-18,vvG1fZ_55ITc_x,RuPaul's Drag Race Werq The World 2027 Tour,2027-04-01,19:30:00,America/New_York,onsale,Arts & Theatre,Performance Art,Performance Art,LIVE NATION MUSIC,,,,KovZpZAEAkvA,Old National Centre,Indianapolis,IN,39.7746468,-86.1514587,K8vZ917Qiff,RuPaul's Drag Race Werq the World Tour
2026-09-18,vv17fZ_dGklcdh7q,Leonid & Friends,2026-09-25,19:30:00,America/New_York,onsale,Music,Rock,Pop,LIVE NATION MUSIC,,,,KovZpZAEAkvA,Old National Centre,Indianapolis,IN,39.7746468,-86.1514587,K8vZ9179YL7,Leonid & Friends
2026-09-18,vvG1fZ_1wri9eQ,Bluey's Big Play,2027-02-20,11:00:00,America/New_York,onsale,Arts & Theatre,Children's Theatre,Children's Theatre,LIVE NATION MUSIC,,,,KovZpZAEAkvA,Old National Centre,Indianapolis,IN,39.7746468,-86.1514587,K8vZ917bs90,Bluey's Big Play
2026-09-18,vvG1fZ_1wrmEdd,Bluey's Big Play,2027-02-20,14:00:00,America/New_York,onsale,Arts & Theatre,Children's Theatre,Children's Theatre,LIVE NATION MUSIC,,,,KovZpZAEAkvA,Old National Centre,Indianapolis,IN,39.7746468,-86.1514587,K8vZ917bs90,Bluey's Big Play
2026-09-18,vvG1fZ_1wrcEew,Bluey's Big Play,2027-02-20,17:00:00,America/New_York,onsale,Arts & Theatre,Children's Theatre,Children's Theatre,LIVE NATION MUSIC,,,,KovZpZAEAkvA,Old National Centre,Indianapolis,IN,39.7746468,-86.1514587,K8vZ917bs90,Bluey's Big Play
2026-09-18,vvG1fZ_1wrRMdu,Bluey's Big Play,2027-02-21,11:00:00,America/New_York,onsale,Arts & Theatre,Children's Theatre,Children's Theatre,LIVE NATION MUSIC,,,,KovZpZAEAkvA,Old National Centre,Indianapolis,IN,39.7746468,-86.1514587,K8vZ917bs90,Bluey's Big Play
2026-09-18,vvG1fZ_1wrYMd_,Bluey's Big Play,2027-02-21,14:00:00,America/New_York,onsale,Arts & Theatre,Children's Theatre,Children's Theatre,LIVE NATION MUSIC,,,,KovZpZAEAkvA,Old National Centre,Indianapolis,IN,39.7746468,-86.1514587,K8vZ917bs90,Bluey's Big Play
2026-09-18,vv17fZ_3GkD4Vrbi,"Franco Escamilla ""El Juicio"" Tour",2027-08-20,20:30:00,America/New_York,onsale,Arts & Theatre,Comedy,Comedy,LIVE NATION MUSIC,,,,KovZpZAEAkvA,Old National Centre,Indianapolis,IN,39.7746468,-86.1514587,K8vZ9174jlV,Franco Escamilla
2026-09-18,vv1Fv8vPA8PUZ7u1ke,Yung Gravy: The Joyrider Tour,2026-11-19,20:00:00,America/New_York,onsale,Music,Hip-Hop/Rap,Trap,LIVE NATION MUSIC,,,,KovZpZAEAkvA,Old National Centre,Indianapolis,IN,39.7746468,-86.1514587,K8vZ917pl40,Yung Gravy
2026-09-18,vvG1fZ_19dBwtW,Mojo Brookzz Outta Pocket Comedy Tour 2026 (18+),2026-12-04,19:30:00,America/New_York,onsale,Arts & Theatre,Comedy,Comedy,LIVE NATION MUSIC,,,,KovZpZAEAkvA,Old National Centre,Indianapolis,IN,39.7746468,-86.1514587,K8vZ917QlK0,Mojo Brookzz
2026-09-18,vv1kfZ_kp3G7XbxT,Gary Allan,2026-09-24,19:30:00,America/New_York,onsale,Music,Country,Country,LIVE NATION MUSIC,,,,KovZpZAEAkvA,Old National Centre,Indianapolis,IN,39.7746468,-86.1514587,K8vZ9171bnf,Gary Allan
2026-09-18,vv1AAZkf7GkdtBE-g,Fort Wayne Komets vs. Indy Fuel,2026-10-24,19:30:00,America/Indiana/Indianapolis,onsale,Sports,Hockey,Minor League,PROMOTED BY VENUE,,,,KovZpZA6keEA,Allen County War Memorial Coliseum,Fort Wayne,IN,41.1128080,-85.1254390,K8vZ9171o3f,Fort Wayne Komets
2026-09-18,vv1AAZkf7Gkdty9-f,Fort Wayne Komets vs. Toledo Walleye,2026-10-17,19:30:00,America/Indiana/Indianapolis,onsale,Sports,Hockey,Minor League,PROMOTED BY VENUE,,,,KovZpZA6keEA,Allen County War Memorial Coliseum,Fort Wayne,IN,41.1128080,-85.1254390,K8vZ9171o3f,Fort Wayne Komets
2026-09-18,vv1AAZkf7GkdtDEx8,Fort Wayne Komets vs. Wheeling Nailers,2026-10-30,19:30:00,America/Indiana/Indianapolis,onsale,Sports,Hockey,Minor League,PROMOTED BY VENUE,,,,KovZpZA6keEA,Allen County War Memorial Coliseum,Fort Wayne,IN,41.1128080,-85.1254390,K8vZ9171o3f,Fort Wayne Komets
2026-09-18,vv1AAZkf7GkdtX6Nu,Fort Wayne Komets vs. Bloomington Bison,2026-11-06,19:30:00,America/Indiana/Indianapolis,onsale,Sports,Hockey,Minor League,PROMOTED BY VENUE,,,,KovZpZA6keEA,Allen County War Memorial Coliseum,Fort Wayne,IN,41.1128080,-85.1254390,K8vZ9171o3f,Fort Wayne Komets
2026-09-18,vv1AAZkf7GkdtT9Ni,Fort Wayne Komets vs. Toledo Walleye,2026-11-14,19:30:00,America/Indiana/Indianapolis,onsale,Sports,Hockey,Minor League,PROMOTED BY VENUE,,,,KovZpZA6keEA,Allen County War Memorial Coliseum,Fort Wayne,IN,41.1128080,-85.1254390,K8vZ9171o3f,Fort Wayne Komets
2026-09-18,vv1AAZkf7GkdnZ9NT,Fort Wayne Komets vs. Cincinnati Cyclones,2026-11-15,17:00:00,America/Indiana/Indianapolis,onsale,Sports,Hockey,Minor League,PROMOTED BY VENUE,,,,KovZpZA6keEA,Allen County War Memorial Coliseum,Fort Wayne,IN,41.1128080,-85.1254390,K8vZ9171o3f,Fort Wayne Komets
2026-09-18,vv1AAZkf7GkdnAMPv,Fort Wayne Komets vs. Wheeling Nailers,2026-12-12,19:30:00,America/Indiana/Indianapolis,onsale,Sports,Hockey,Minor League,PROMOTED BY VENUE,,,,KovZpZA6keEA,Allen County War Memorial Coliseum,Fort Wayne,IN,41.1128080,-85.1254390,K8vZ9171o3f,Fort Wayne Komets
2026-09-18,vv1AAZkf7Gkdn7E0M,Fort Wayne Komets vs. Bloomington Bison,2026-12-11,19:30:00,America/Indiana/Indianapolis,onsale,Sports,Hockey,Minor League,PROMOTED BY VENUE,,,,KovZpZA6keEA,Allen County War Memorial Coliseum,Fort Wayne,IN,41.1128080,-85.1254390,K8vZ9171o3f,Fort Wayne Komets
2026-09-18,17AOv0G62QbOAsN,Monster Jam,2027-03-13,17:00:00,America/New_York,offsale,Sports,Motorsports/Racing,Motorsports/Racing,FELD MOTORSPORTS,,,,KovZpZA6tdEA,Freedom Hall,Louisville,KY,38.1124000,-85.6929659,K8vZ917uyff,Monster Jam
2026-09-18,17AOv0G62Qb-4sM,Monster Jam,2027-03-14,15:00:00,America/New_York,offsale,Sports,Motorsports/Racing,Motorsports/Racing,FELD MOTORSPORTS,,,,KovZpZA6tdEA,Freedom Hall,Louisville,KY,38.1124000,-85.6929659,K8vZ917uyff,Monster Jam
2026-09-18,1ApZkf7GkeR9ziH,Pentatonix: Christmas in the City Tour ,2026-11-16,19:00:00,America/New_York,onsale,Music,Rock,Pop,LIVE NATION MUSIC,,,,KovZpaFnje,KFC Yum! Center,Louisville,KY,38.2571300,-85.7539580,K8vZ9172Wtf,Pentatonix
2026-09-18,1AvbZbUGkR_RG-w,Bourbon & Beyond,2026-09-27,12:00:00,America/New_York,onsale,Music,Undefined,Undefined,PROMOTED BY VENUE,,,,KovZpa3OYe,Kentucky Expo Center,Louisville,KY,38.1929980,-85.7405230,K8vZ9174HkV,Bourbon & Beyond
2026-09-18,1ApZkfIGkdDdTGV,Jeff Dunham Inappropriate Contact,2027-02-06,15:00:00,America/New_York,onsale,Arts & Theatre,Comedy,Comedy,LIVE NATION MUSIC,,,,KovZpZAEk6tA,The Louisville Palace,Louisville,KY,38.2481389,-85.7580034,K8vZ91714jV,Jeff Dunham
2026-09-18,17AOv0G6193QCJg,"MercyMe, Jeremy Camp, Tim Timmons, Sam Wesley",2026-11-13,19:00:00,America/New_York,onsale,Music,Rock,Pop,PROMOTED BY VENUE,,,,KovZpaFnje,KFC Yum! Center,Louisville,KY,38.2571300,-85.7539580,K8vZ9175_R0,MercyMe
2026-09-18,1AvbZbUGkR__GOG,Bourbon & Beyond,2026-09-26,12:00:00,America/New_York,onsale,Music,Undefined,Undefined,PROMOTED BY VENUE,,,,KovZpa3OYe,Kentucky Expo Center,Louisville,KY,38.1929980,-85.7405230,K8vZ9174HkV,Bourbon & Beyond
2026-09-18,17AOv0G65R_al4f,Gabriel Iglesias: The 1976 Tour,2026-11-15,19:30:00,America/New_York,onsale,Arts & Theatre,Comedy,Comedy,ICON CONCERTS,,,,KovZpZAFa6lA,Rupp Arena,Lexington,KY,38.0491480,-84.5010377,K8vZ9175rM7,Gabriel Iglesias
2026-09-18,1AvbZ_kGkYR04Kw,LIL WAYNE: 20 YEARS OF CARTER CLASSICS,2026-12-04,20:30:00,America/New_York,rescheduled,Music,Hip-Hop/Rap,Trap,LIVE NATION MUSIC,,,,KovZpZAFa6lA,Rupp Arena,Lexington,KY,38.0491480,-84.5010377,K8vZ917GemV,Lil Wayne
2026-09-18,16vbZ_637G7gPO4,Leanne Morgan: THE TIME OF OUR LIVES TOUR,2026-11-20,19:00:00,America/New_York,onsale,Arts & Theatre,Comedy,Comedy,OUTBACK CONCERTS,,,,KovZpaFnje,KFC Yum! Center,Louisville,KY,38.2571300,-85.7539580,K8vZ917fQxV,Leanne Morgan
2026-09-18,17AOv0G65nc9Edv,Bryson Tiller Presents: The Neo Trapsoul Tour,2026-10-07,19:30:00,America/New_York,onsale,Music,Hip-Hop/Rap,Trap,LIVE NATION MUSIC,,,,KovZpaFnje,KFC Yum! Center,Louisville,KY,38.2571300,-85.7539580,K8vZ917KBFf,Bryson Tiller
2026-09-18,1AvbZbUGkR_6irH,Bourbon & Beyond,2026-09-25,12:00:00,America/New_York,onsale,Music,Undefined,Undefined,PROMOTED BY VENUE,,,,KovZpa3OYe,Kentucky Expo Center,Louisville,KY,38.1929980,-85.7405230,K8vZ9174HkV,Bourbon & Beyond
2026-09-18,1AvbZ_6Gkz7yDUI,Johnny Blue Skies & the Dark Clouds - Mutiny for the Masses 2026 Tour,2026-10-30,20:00:00,America/New_York,onsale,Music,Rock,Pop,AEG LIVE,,,,KovZpZAFa6lA,Rupp Arena,Lexington,KY,38.0491480,-84.5010377,K8vZ9178Eof,Johnny Blue Skies
2026-09-18,1AvbZ_3GkUxqfI3,Dave Chappelle Karmageddon,2026-10-24,19:30:00,America/New_York,onsale,Arts & Theatre,Comedy,Comedy,LIVE NATION MUSIC,,,,KovZpaFnje,KFC Yum! Center,Louisville,KY,38.2571300,-85.7539580,K8vZ9171rcf,Dave Chappelle
2026-09-18,17AOv0G6G5A1i6W,Little Big Town - For The Art Of It Tour,2026-10-01,19:30:00,America/New_York,onsale,Music,Country,Country,LIVE NATION MUSIC,,,,KovZpZAEk6tA,The Louisville Palace,Louisville,KY,38.2481389,-85.7580034,K8vZ9175ykf,Little Big Town
2026-09-18,1AvbZ_8GkB06IVs,Jonas Brothers: The Burning Up Tour All Over Again,2026-10-17,19:30:00,America/New_York,onsale,Music,Pop,Electro Pop,LIVE NATION MUSIC,,,,KovZpZAFa6lA,Rupp Arena,Lexington,KY,38.0491480,-84.5010377,K8vZ9175T17,Jonas Brothers
2026-09-18,1ApZkfbGkeR-a4J,"TOBYMAC with Jeremy Camp, Seph Schlueter, Katy Nichole: Hits Deep Tour",2027-01-29,19:00:00,America/New_York,onsale,Music,Religious,Gospel,AWAKENING EVENTS,,,,KovZpZAFa6lA,Rupp Arena,Lexington,KY,38.0491480,-84.5010377,K8vZ9175Av7,TOBYMAC
2026-09-18,1AvbZbUGkRbYiq-,Bourbon & Beyond,2026-09-24,12:00:00,America/New_York,onsale,Music,Undefined,Undefined,PROMOTED BY VENUE,,,,KovZpa3OYe,Kentucky Expo Center,Louisville,KY,38.1929980,-85.7405230,K8vZ9174HkV,Bourbon & Beyond
2026-09-18,17AOv0G61w-XMPi,Kentucky Wildcats Football vs. University of South Alabama Jaguar Football,2026-09-26,12:45:00,America/New_York,onsale,Sports,Football,College,PROMOTED BY VENUE,,,,KovZpZAEk7JA,Kroger Field,Lexington,KY,38.0218220,-84.5094570,K8vZ9175ECV,Kentucky Wildcats Football
2026-09-18,17AOv0G613DdyiG,"MercyMe, Jeremy Camp, Tim Timmons, Sam Wesley",2026-10-17,19:00:00,America/New_York,onsale,Music,Rock,Pop,PROMOTED BY VENUE,,,,KovZpa3-Ce,Appalachian Wireless Arena (Formerly Eastern Kentucky Expo Ctr),Pikeville,KY,37.4816690,-82.5150920,K8vZ9175_R0,MercyMe
2026-09-18,17AOv0G61wxZ6PU,Kentucky Wildcats Football vs. Louisiana State University Football,2026-10-10,,America/New_York,onsale,Sports,Football,College,PROMOTED BY VENUE,,,,KovZpZAEk7JA,Kroger Field,Lexington,KY,38.0218220,-84.5094570,K8vZ9175ECV,Kentucky Wildcats Football
2026-09-18,17AOv0G61wxeEJa,Kentucky Wildcats Football vs. Florida Gators Football,2026-11-14,,America/New_York,onsale,Sports,Football,College,PROMOTED BY VENUE,,,,KovZpZAEk7JA,Kroger Field,Lexington,KY,38.0218220,-84.5094570,K8vZ9175ECV,Kentucky Wildcats Football
2026-09-18,17AOv0G61MKjhlX,PBR: Challenger Series,2026-10-10,19:00:00,America/New_York,onsale,Sports,Rodeo,Bullriding,PROMOTED BY VENUE,,,,KovZpaFnje,KFC Yum! Center,Louisville,KY,38.2571300,-85.7539580,K8vZ917Qfr7,PBR: Challenger Series
2026-09-18,1AvbZbUGkRaZlP0,Louder Than Life,2026-09-19,12:00:00,America/New_York,onsale,Music,Undefined,Undefined,PROMOTED BY VENUE,,,,KovZpa3OYe,Kentucky Expo Center,Louisville,KY,38.1929980,-85.7405230,K8vZ9173xW7,Louder Than Life
2026-09-18,17AOv0G61OJ4ehM,Disney Presents The Lion King (Touring),2026-11-12,13:00:00,America/New_York,onsale,Arts & Theatre,Theatre,Musical,BROADWAY ACROSS AMERICA KEY BRAND,,,,KovZpa9qHe,Whitney Hall,Louisville,KY,38.2572945,-85.7590072,K8vZ9171X6V,Disney Presents The Lion King (Touring)
2026-09-18,17AOv0G61OJ93j8,Disney Presents The Lion King (Touring),2026-11-14,19:30:00,America/New_York,onsale,Arts & Theatre,Theatre,Musical,BROADWAY ACROSS AMERICA KEY BRAND,,,,KovZpa9qHe,Whitney Hall,Louisville,KY,38.2572945,-85.7590072,K8vZ9171X6V,Disney Presents The Lion King (Touring)
2026-09-18,17AOv0G61OJrwqt,Disney Presents The Lion King (Touring),2026-11-20,19:00:00,America/New_York,onsale,Arts & Theatre,Theatre,Musical,BROADWAY ACROSS AMERICA KEY BRAND,,,,KovZpa9qHe,Whitney Hall,Louisville,KY,38.2572945,-85.7590072,K8vZ9171X6V,Disney Presents The Lion King (Touring)
2026-09-18,17AOv0G61OJOerk,Disney Presents The Lion King (Touring),2026-11-21,19:30:00,America/New_York,onsale,Arts & Theatre,Theatre,Musical,BROADWAY ACROSS AMERICA KEY BRAND,,,,KovZpa9qHe,Whitney Hall,Louisville,KY,38.2572945,-85.7590072,K8vZ9171X6V,Disney Presents The Lion King (Touring)
2026-09-18,17AOv0G61OJp3jd,Disney Presents The Lion King (Touring),2026-11-13,19:00:00,America/New_York,onsale,Arts & Theatre,Theatre,Musical,BROADWAY ACROSS AMERICA KEY BRAND,,,,KovZpa9qHe,Whitney Hall,Louisville,KY,38.2572945,-85.7590072,K8vZ9171X6V,Disney Presents The Lion King (Touring)
2026-09-18,17AOv0G61OJ_xjn,Disney Presents The Lion King (Touring),2026-11-15,18:30:00,America/New_York,onsale,Arts & Theatre,Theatre,Musical,BROADWAY ACROSS AMERICA KEY BRAND,,,,KovZpa9qHe,Whitney Hall,Louisville,KY,38.2572945,-85.7590072,K8vZ9171X6V,Disney Presents The Lion King (Touring)
2026-09-18,17AOv0G61OJN3rD,Disney Presents The Lion King (Touring),2026-11-22,13:00:00,America/New_York,onsale,Arts & Theatre,Theatre,Musical,BROADWAY ACROSS AMERICA KEY BRAND,,,,KovZpa9qHe,Whitney Hall,Louisville,KY,38.2572945,-85.7590072,K8vZ9171X6V,Disney Presents The Lion King (Touring)
2026-09-18,17AOv0G61OJ03L1,Disney Presents The Lion King (Touring),2026-11-24,19:00:00,America/New_York,onsale,Arts & Theatre,Theatre,Musical,BROADWAY ACROSS AMERICA KEY BRAND,,,,KovZpa9qHe,Whitney Hall,Louisville,KY,38.2572945,-85.7590072,K8vZ9171X6V,Disney Presents The Lion King (Touring)
2026-09-18,17AOv0G61OJ-er3,Disney Presents The Lion King (Touring),2026-11-21,14:00:00,America/New_York,onsale,Arts & Theatre,Theatre,Musical,BROADWAY ACROSS AMERICA KEY BRAND,,,,KovZpa9qHe,Whitney Hall,Louisville,KY,38.2572945,-85.7590072,K8vZ9171X6V,Disney Presents The Lion King (Touring)
2026-09-18,17AOv0G61OJExOC,Disney Presents The Lion King (Touring),2026-11-27,19:00:00,America/New_York,onsale,Arts & Theatre,Theatre,Musical,BROADWAY ACROSS AMERICA KEY BRAND,,,,KovZpa9qHe,Whitney Hall,Louisville,KY,38.2572945,-85.7590072,K8vZ9171X6V,Disney Presents The Lion King (Touring)
2026-09-18,17AOv0G61OJxerY,Disney Presents The Lion King (Touring),2026-11-22,18:30:00,America/New_York,onsale,Arts & Theatre,Theatre,Musical,BROADWAY ACROSS AMERICA KEY BRAND,,,,KovZpa9qHe,Whitney Hall,Louisville,KY,38.2572945,-85.7590072,K8vZ9171X6V,Disney Presents The Lion King (Touring)
2026-09-18,17AOv0G61OJtwOE,Disney Presents The Lion King (Touring),2026-11-28,14:00:00,America/New_York,onsale,Arts & Theatre,Theatre,Musical,BROADWAY ACROSS AMERICA KEY BRAND,,,,KovZpa9qHe,Whitney Hall,Louisville,KY,38.2572945,-85.7590072,K8vZ9171X6V,Disney Presents The Lion King (Touring)
2026-09-18,17AOv0G61OJb3jL,Disney Presents The Lion King (Touring),2026-11-14,14:00:00,America/New_York,onsale,Arts & Theatre,Theatre,Musical,BROADWAY ACROSS AMERICA KEY BRAND,,,,KovZpa9qHe,Whitney Hall,Louisville,KY,38.2572945,-85.7590072,K8vZ9171X6V,Disney Presents The Lion King (Touring)
2026-09-18,17AOv0G61OJhxq5,Disney Presents The Lion King (Touring),2026-11-17,19:00:00,America/New_York,onsale,Arts & Theatre,Theatre,Musical,BROADWAY ACROSS AMERICA KEY BRAND,,,,KovZpa9qHe,Whitney Hall,Louisville,KY,38.2572945,-85.7590072,K8vZ9171X6V,Disney Presents The Lion King (Touring)
2026-09-18,17AOv0G61OJjwqh,Disney Presents The Lion King (Touring),2026-11-18,19:00:00,America/New_York,onsale,Arts & Theatre,Theatre,Musical,BROADWAY ACROSS AMERICA KEY BRAND,,,,KovZpa9qHe,Whitney Hall,Louisville,KY,38.2572945,-85.7590072,K8vZ9171X6V,Disney Presents The Lion King (Touring)
2026-09-18,17AOv0G61OJfehl,Disney Presents The Lion King (Touring),2026-11-12,19:00:00,America/New_York,onsale,Arts & Theatre,Theatre,Musical,BROADWAY ACROSS AMERICA KEY BRAND,,,,KovZpa9qHe,Whitney Hall,Louisville,KY,38.2572945,-85.7590072,K8vZ9171X6V,Disney Presents The Lion King (Touring)
2026-09-18,17AOv0G61OJJxOv,Disney Presents The Lion King (Touring),2026-11-25,13:00:00,America/New_York,onsale,Arts & Theatre,Theatre,Musical,BROADWAY ACROSS AMERICA KEY BRAND,,,,KovZpa9qHe,Whitney Hall,Louisville,KY,38.2572945,-85.7590072,K8vZ9171X6V,Disney Presents The Lion King (Touring)
2026-09-18,17AOv0G61OJPxLJ,Disney Presents The Lion King (Touring),2026-11-25,19:00:00,America/New_York,onsale,Arts & Theatre,Theatre,Musical,BROADWAY ACROSS AMERICA KEY BRAND,,,,KovZpa9qHe,Whitney Hall,Louisville,KY,38.2572945,-85.7590072,K8vZ9171X6V,Disney Presents The Lion King (Touring)
2026-09-18,17AOv0G61OJQxjV,Disney Presents The Lion King (Touring),2026-11-15,13:00:00,America/New_York,onsale,Arts & Theatre,Theatre,Musical,BROADWAY ACROSS AMERICA KEY BRAND,,,,KovZpa9qHe,Whitney Hall,Louisville,KY,38.2572945,-85.7590072,K8vZ9171X6V,Disney Presents The Lion King (Touring)
2026-09-18,17AOv0G61OJqwqr,Disney Presents The Lion King (Touring),2026-11-19,19:00:00,America/New_York,onsale,Arts & Theatre,Theatre,Musical,BROADWAY ACROSS AMERICA KEY BRAND,,,,KovZpa9qHe,Whitney Hall,Louisville,KY,38.2572945,-85.7590072,K8vZ9171X6V,Disney Presents The Lion King (Touring)
2026-09-18,17AOv0G61OJie-d,Disney Presents The Lion King (Touring),2026-11-29,13:00:00,America/New_York,onsale,Arts & Theatre,Theatre,Musical,BROADWAY ACROSS AMERICA KEY BRAND,,,,KovZpa9qHe,Whitney Hall,Louisville,KY,38.2572945,-85.7590072,K8vZ9171X6V,Disney Presents The Lion King (Touring)
2026-09-18,17AOv0G61OJIxOh,Disney Presents The Lion King (Touring),2026-11-28,19:30:00,America/New_York,onsale,Arts & Theatre,Theatre,Musical,BROADWAY ACROSS AMERICA KEY BRAND,,,,KovZpa9qHe,Whitney Hall,Louisville,KY,38.2572945,-85.7590072,K8vZ9171X6V,Disney Presents The Lion King (Touring)
2026-09-18,17AOv0G61OJnwOX,Disney Presents The Lion King (Touring),2026-11-29,18:30:00,America/New_York,onsale,Arts & Theatre,Theatre,Musical,BROADWAY ACROSS AMERICA KEY BRAND,,,,KovZpa9qHe,Whitney Hall,Louisville,KY,38.2572945,-85.7590072,K8vZ9171X6V,Disney Presents The Lion King (Touring)
2026-09-18,1ApZkf_Gkd_jcjI,Jack's Lantern Trail,2026-10-03,,America/New_York,onsale,Arts & Theatre,Spectacular,Spectacular,PROMOTED BY VENUE,,,,KovZpZAaIFkA,Iroquois Amphitheater,Louisville,KY,38.1601057,-85.7795552,K8vZ917QJA0,Jack's Lantern Trail
2026-09-18,1ApZkf_Gkd_curO,Jack's Lantern Trail,2026-10-17,,America/New_York,onsale,Arts & Theatre,Spectacular,Spectacular,PROMOTED BY VENUE,,,,KovZpZAaIFkA,Iroquois Amphitheater,Louisville,KY,38.1601057,-85.7795552,K8vZ917QJA0,Jack's Lantern Trail
2026-09-18,17AOv0G6uhb8BMu,Joe Bonamassa,2027-02-17,20:00:00,America/New_York,onsale,Music,Blues,Blues,LIVE NATION MUSIC,,,,KovZpZAEk6tA,The Louisville Palace,Louisville,KY,38.2481389,-85.7580034,K8vZ91751-V,Joe Bonamassa
2026-09-18,1ApZkf_Gkd_0Wqn,Jack's Lantern Trail,2026-10-10,,America/New_York,onsale,Arts & Theatre,Spectacular,Spectacular,PROMOTED BY VENUE,,,,KovZpZAaIFkA,Iroquois Amphitheater,Louisville,KY,38.1601057,-85.7795552,K8vZ917QJA0,Jack's Lantern Trail
2026-09-18,1ApZkf_Gkd_Qujb,Jack's Lantern Trail,2026-10-01,,America/New_York,onsale,Arts & Theatre,Spectacular,Spectacular,PROMOTED BY VENUE,,,,KovZpZAaIFkA,Iroquois Amphitheater,Louisville,KY,38.1601057,-85.7795552,K8vZ917QJA0,Jack's Lantern Trail
2026-09-18,1ApZkf_Gkd_hqj0,Jack's Lantern Trail,2026-10-02,,America/New_York,onsale,Arts & Theatre,Spectacular,Spectacular,PROMOTED BY VENUE,,,,KovZpZAaIFkA,Iroquois Amphitheater,Louisville,KY,38.1601057,-85.7795552,K8vZ917QJA0,Jack's Lantern Trail
2026-09-18,1ApZkf_Gkd_VWL4,Jack's Lantern Trail,2026-10-24,,America/New_York,onsale,Arts & Theatre,Spectacular,Spectacular,PROMOTED BY VENUE,,,,KovZpZAaIFkA,Iroquois Amphitheater,Louisville,KY,38.1601057,-85.7795552,K8vZ917QJA0,Jack's Lantern Trail
2026-09-18,1ApZkf_Gkd_NWqx,Jack's Lantern Trail,2026-10-09,,America/New_York,onsale,Arts & Theatre,Spectacular,Spectacular,PROMOTED BY VENUE,,,,KovZpZAaIFkA,Iroquois Amphitheater,Louisville,KY,38.1601057,-85.7795552,K8vZ917QJA0,Jack's Lantern Trail
2026-09-18,1ApZkf_Gkd_iurp,Jack's Lantern Trail,2026-10-16,,America/New_York,onsale,Arts & Theatre,Spectacular,Spectacular,PROMOTED BY VENUE,,,,KovZpZAaIFkA,Iroquois Amphitheater,Louisville,KY,38.1601057,-85.7795552,K8vZ917QJA0,Jack's Lantern Trail
2026-09-18,1ApZkf_Gkd_qWjg,Jack's Lantern Trail,2026-10-04,,America/New_York,onsale,Arts & Theatre,Spectacular,Spectacular,PROMOTED BY VENUE,,,,KovZpZAaIFkA,Iroquois Amphitheater,Louisville,KY,38.1601057,-85.7795552,K8vZ917QJA0,Jack's Lantern Trail
2026-09-18,1ApZkf_Gkd_Juqg,Jack's Lantern Trail,2026-10-11,,America/New_York,onsale,Arts & Theatre,Spectacular,Spectacular,PROMOTED BY VENUE,,,,KovZpZAaIFkA,Iroquois Amphitheater,Louisville,KY,38.1601057,-85.7795552,K8vZ917QJA0,Jack's Lantern Trail
2026-09-18,1ApZkf_Gkd_xcqr,Jack's Lantern Trail,2026-10-08,,America/New_York,onsale,Arts & Theatre,Spectacular,Spectacular,PROMOTED BY VENUE,,,,KovZpZAaIFkA,Iroquois Amphitheater,Louisville,KY,38.1601057,-85.7795552,K8vZ917QJA0,Jack's Lantern Trail
2026-09-18,1ApZkf_Gkd_BcLz,Jack's Lantern Trail,2026-10-29,,America/New_York,onsale,Arts & Theatre,Spectacular,Spectacular,PROMOTED BY VENUE,,,,KovZpZAaIFkA,Iroquois Amphitheater,Louisville,KY,38.1601057,-85.7795552,K8vZ917QJA0,Jack's Lantern Trail
2026-09-18,1ApZkf_Gkd_SWLC,Jack's Lantern Trail,2026-10-23,,America/New_York,onsale,Arts & Theatre,Spectacular,Spectacular,PROMOTED BY VENUE,,,,KovZpZAaIFkA,Iroquois Amphitheater,Louisville,KY,38.1601057,-85.7795552,K8vZ917QJA0,Jack's Lantern Trail
2026-09-18,1ApZkf_Gkd_OuqG,Jack's Lantern Trail,2026-10-06,,America/New_York,onsale,Arts & Theatre,Spectacular,Spectacular,PROMOTED BY VENUE,,,,KovZpZAaIFkA,Iroquois Amphitheater,Louisville,KY,38.1601057,-85.7795552,K8vZ917QJA0,Jack's Lantern Trail
2026-09-18,1ApZkf_Gkd_mur0,Jack's Lantern Trail,2026-10-18,,America/New_York,onsale,Arts & Theatre,Spectacular,Spectacular,PROMOTED BY VENUE,,,,KovZpZAaIFkA,Iroquois Amphitheater,Louisville,KY,38.1601057,-85.7795552,K8vZ917QJA0,Jack's Lantern Trail
2026-09-18,1ApZkf_Gkd_LujW,Jack's Lantern Trail,2026-10-05,,America/New_York,onsale,Arts & Theatre,Spectacular,Spectacular,PROMOTED BY VENUE,,,,KovZpZAaIFkA,Iroquois Amphitheater,Louisville,KY,38.1601057,-85.7795552,K8vZ917QJA0,Jack's Lantern Trail
2026-09-18,1ApZkf_Gkd_DWLB,Jack's Lantern Trail,2026-10-30,,America/New_York,onsale,Arts & Theatre,Spectacular,Spectacular,PROMOTED BY VENUE,,,,KovZpZAaIFkA,Iroquois Amphitheater,Louisville,KY,38.1601057,-85.7795552,K8vZ917QJA0,Jack's Lantern Trail
2026-09-18,1ApZkf_Gkd_EqqB,Jack's Lantern Trail,2026-10-12,,America/New_York,onsale,Arts & Theatre,Spectacular,Spectacular,PROMOTED BY VENUE,,,,KovZpZAaIFkA,Iroquois Amphitheater,Louisville,KY,38.1601057,-85.7795552,K8vZ917QJA0,Jack's Lantern Trail
2026-09-18,1ApZkf_Gkd_nWr5,Jack's Lantern Trail,2026-10-15,,America/New_York,onsale,Arts & Theatre,Spectacular,Spectacular,PROMOTED BY VENUE,,,,KovZpZAaIFkA,Iroquois Amphitheater,Louisville,KY,38.1601057,-85.7795552,K8vZ917QJA0,Jack's Lantern Trail
2026-09-18,1ApZkf_Gkd_WuOv,Jack's Lantern Trail,2026-10-31,,America/New_York,onsale,Arts & Theatre,Spectacular,Spectacular,PROMOTED BY VENUE,,,,KovZpZAaIFkA,Iroquois Amphitheater,Louisville,KY,38.1601057,-85.7795552,K8vZ917QJA0,Jack's Lantern Trail
2026-09-18,1ApZkf_Gkd_IcqX,Jack's Lantern Trail,2026-10-13,,America/New_York,onsale,Arts & Theatre,Spectacular,Spectacular,PROMOTED BY VENUE,,,,KovZpZAaIFkA,Iroquois Amphitheater,Louisville,KY,38.1601057,-85.7795552,K8vZ917QJA0,Jack's Lantern Trail
2026-09-18,1ApZkf_Gkd_tcrF,Jack's Lantern Trail,2026-10-14,,America/New_York,onsale,Arts & Theatre,Spectacular,Spectacular,PROMOTED BY VENUE,,,,KovZpZAaIFkA,Iroquois Amphitheater,Louisville,KY,38.1601057,-85.7795552,K8vZ917QJA0,Jack's Lantern Trail
2026-09-18,1ApZkf_Gkd_wcLF,Jack's Lantern Trail,2026-10-22,,America/New_York,onsale,Arts & Theatre,Spectacular,Spectacular,PROMOTED BY VENUE,,,,KovZpZAaIFkA,Iroquois Amphitheater,Louisville,KY,38.1601057,-85.7795552,K8vZ917QJA0,Jack's Lantern Trail
2026-09-18,1ApZkf_Gkd_YqrY,Jack's Lantern Trail,2026-10-20,,America/New_York,onsale,Arts & Theatre,Spectacular,Spectacular,PROMOTED BY VENUE,,,,KovZpZAaIFkA,Iroquois Amphitheater,Louisville,KY,38.1601057,-85.7795552,K8vZ917QJA0,Jack's Lantern Trail
2026-09-18,1ApZkf_Gkd_Rqrt,Jack's Lantern Trail,2026-10-19,,America/New_York,onsale,Arts & Theatre,Spectacular,Spectacular,PROMOTED BY VENUE,,,,KovZpZAaIFkA,Iroquois Amphitheater,Louisville,KY,38.1601057,-85.7795552,K8vZ917QJA0,Jack's Lantern Trail
2026-09-18,1ApZkf_Gkd_-qq9,Jack's Lantern Trail,2026-10-07,,America/New_York,onsale,Arts & Theatre,Spectacular,Spectacular,PROMOTED BY VENUE,,,,KovZpZAaIFkA,Iroquois Amphitheater,Louisville,KY,38.1601057,-85.7795552,K8vZ917QJA0,Jack's Lantern Trail
2026-09-18,1ApZkf_Gkd_MqLI,Jack's Lantern Trail,2026-10-26,,America/New_York,onsale,Arts & Theatre,Spectacular,Spectacular,PROMOTED BY VENUE,,,,KovZpZAaIFkA,Iroquois Amphitheater,Louisville,KY,38.1601057,-85.7795552,K8vZ917QJA0,Jack's Lantern Trail
2026-09-18,1ApZkf_Gkd_UuLr,Jack's Lantern Trail,2026-10-25,,America/New_York,onsale,Arts & Theatre,Spectacular,Spectacular,PROMOTED BY VENUE,,,,KovZpZAaIFkA,Iroquois Amphitheater,Louisville,KY,38.1601057,-85.7795552,K8vZ917QJA0,Jack's Lantern Trail
2026-09-18,1ApZkf_Gkd_scLZ,Jack's Lantern Trail,2026-10-21,,America/New_York,onsale,Arts & Theatre,Spectacular,Spectacular,PROMOTED BY VENUE,,,,KovZpZAaIFkA,Iroquois Amphitheater,Louisville,KY,38.1601057,-85.7795552,K8vZ917QJA0,Jack's Lantern Trail
2026-09-18,1ApZkf_Gkd_zqLm,Jack's Lantern Trail,2026-10-27,,America/New_York,onsale,Arts & Theatre,Spectacular,Spectacular,PROMOTED BY VENUE,,,,KovZpZAaIFkA,Iroquois Amphitheater,Louisville,KY,38.1601057,-85.7795552,K8vZ917QJA0,Jack's Lantern Trail
2026-09-18,1ApZkf_Gkd_ycLV,Jack's Lantern Trail,2026-10-28,,America/New_York,onsale,Arts & Theatre,Spectacular,Spectacular,PROMOTED BY VENUE,,,,KovZpZAaIFkA,Iroquois Amphitheater,Louisville,KY,38.1601057,-85.7795552,K8vZ917QJA0,Jack's Lantern Trail
2026-09-18,1ApZkf_Gkd_XuO1,Jack's Lantern Trail,2026-11-01,,America/New_York,onsale,Arts & Theatre,Spectacular,Spectacular,PROMOTED BY VENUE,,,,KovZpZAaIFkA,Iroquois Amphitheater,Louisville,KY,38.1601057,-85.7795552,K8vZ917QJA0,Jack's Lantern Trail
2026-09-18,1ApZkfbGkesTtPe,Jack's Lantern Trail Sensory Night,2026-10-19,17:30:00,America/New_York,onsale,Arts & Theatre,Spectacular,Spectacular,MISCELLANEOUS PROMOTER,,,,KovZpZAaIFkA,Iroquois Amphitheater,Louisville,KY,38.1601057,-85.7795552,K8vZ917QJA0,Jack's Lantern Trail
2026-09-18,17AOv0G61wxv9J7,Kentucky Wildcats Football vs. Vanderbilt Commodores Football,2026-10-24,,America/New_York,onsale,Sports,Football,College,PROMOTED BY VENUE,,,,KovZpZAEk7JA,Kroger Field,Lexington,KY,38.0218220,-84.5094570,K8vZ9175ECV,Kentucky Wildcats Football
2026-09-18,1kAOv0qFGA16kuD,Pixies: Presented By 91.9 WFPK,2026-09-22,19:00:00,America/New_York,onsale,Music,Rock,Alternative Rock,MISCELLANEOUS PROMOTER,,,,KovZpZAaIFkA,Iroquois Amphitheater,Louisville,KY,38.1601057,-85.7795552,K8vZ9171F7V,Pixies
2026-09-18,17AOv0G61wxdEJG,Kentucky Wildcats Football vs. Louisville Cardinals Football,2026-11-28,,America/New_York,onsale,Sports,Football,College,PROMOTED BY VENUE,,,,KovZpZAEk7JA,Kroger Field,Lexington,KY,38.0218220,-84.5094570,K8vZ9175ECV,Kentucky Wildcats Football
2026-09-18,1ApZkoPGkdPMqxh,Hot Wheels Monster Trucks Live Glow-N-Fire,2026-10-17,11:30:00,America/New_York,onsale,Sports,Motorsports/Racing,Motorsports/Racing,PROMOTED BY VENUE,,,,KovZpaFnje,KFC Yum! Center,Louisville,KY,38.2571300,-85.7539580,K8vZ917q7NV,Hot Wheels Monster Trucks™ Live Glow-N-Fire
2026-09-18,1AvbZbUGkRFlD0F,Louder Than Life,2026-09-18,12:00:00,America/New_York,onsale,Music,Undefined,Undefined,PROMOTED BY VENUE,,,,KovZpa3OYe,Kentucky Expo Center,Louisville,KY,38.1929980,-85.7405230,K8vZ9173xW7,Louder Than Life
2026-09-18,1ApZkoPGkdPzuxr,Hot Wheels Monster Trucks Live Glow-N-Fire,2026-10-17,18:30:00,America/New_York,onsale,Sports,Motorsports/Racing,Motorsports/Racing,PROMOTED BY VENUE,,,,KovZpaFnje,KFC Yum! Center,Louisville,KY,38.2571300,-85.7539580,K8vZ917q7NV,Hot Wheels Monster Trucks™ Live Glow-N-Fire
2026-09-18,1ApZkoPGkdPzWx-,Hot Wheels Monster Trucks Live Glow-N-Fire,2026-10-18,13:30:00,America/New_York,onsale,Sports,Motorsports/Racing,Motorsports/Racing,PROMOTED BY VENUE,,,,KovZpaFnje,KFC Yum! Center,Louisville,KY,38.2571300,-85.7539580,K8vZ917q7NV,Hot Wheels Monster Trucks™ Live Glow-N-Fire
2026-09-18,17AOv0G6CBE0p-o,Louisville Cardinals Women's Volleyball vs. Georgia Tech Yellow Jackets Women's Volleyball,2026-11-01,12:00:00,America/New_York,onsale,Sports,Volleyball,Volleyball,PROMOTED BY VENUE,,,,KovZpaFnje,KFC Yum! Center,Louisville,KY,38.2571300,-85.7539580,K8vZ91712V7,Louisville Cardinals Women's Volleyball
2026-09-18,17AOv0G6CBEPJ-p,Louisville Cardinals Women's Volleyball vs. SMU Mustangs Womens Volleyball,2026-11-28,13:00:00,America/New_York,onsale,Sports,Volleyball,Volleyball,PROMOTED BY VENUE,,,,KovZpaFnje,KFC Yum! Center,Louisville,KY,38.2571300,-85.7539580,K8vZ91712V7,Louisville Cardinals Women's Volleyball
2026-09-18,17AOv0G6CiPG-ng,The Best of Steve Martin & Martin Short,2027-01-29,20:00:00,America/New_York,onsale,Arts & Theatre,Comedy,Comedy,LIVE NATION MUSIC,,,,KovZpZAEk6tA,The Louisville Palace,Louisville,KY,38.2481389,-85.7580034,K8vZ917Cjj7,Steve Martin & Martin Short
2026-09-18,Z7r9jZ1A70f_w,Journey,2026-10-22,19:30:00,,onsale,Music,Rock,Classic Rock,,,,,ZFr9jZFa6v,KFC Yum! Center,Louisville,KY,38.2536010,-85.7498020,K8vZ91712F0,Journey
2026-09-18,17AOv0G6CWacwRo,Derek Hough Dance For The Holidays,2026-12-22,20:00:00,America/New_York,onsale,Arts & Theatre,Dance,Dance,LIVE NATION MUSIC,,,,KovZpZAEk6tA,The Louisville Palace,Louisville,KY,38.2481389,-85.7580034,K8vZ9179G5f,Derek Hough
2026-09-18,1AvbZ_oGkR5zGDB,2026 Kentucky Wildcats Football Blue & White Memories,2026-11-28,13:00:00,America/New_York,onsale,Sports,Football,College,PROMOTED BY VENUE,,,,KovZpZAEk7JA,Kroger Field,Lexington,KY,38.0218220,-84.5094570,K8vZ917-hwV,Kentucky Wildcats Football Blue & White Memories
2026-09-18,1ApZkoyGkdllqCK,NUTCRACKER! Magical Christmas Ballet,2026-12-08,19:00:00,America/New_York,onsale,Arts & Theatre,Dance,Dance,LIVE NATION MUSIC,,,,KovZpZAEk6tA,The Louisville Palace,Louisville,KY,38.2481389,-85.7580034,K8vZ9178k80,NUTCRACKER! Magical Christmas Ballet
2026-09-18,1ApZk3bGkdSqNAk,Morrissey,2026-10-21,20:00:00,America/New_York,onsale,Music,Pop,Electro Pop,LIVE NATION MUSIC,,,,KovZpZAEk6tA,The Louisville Palace,Louisville,KY,38.2481389,-85.7580034,K8vZ9171Fvf,Morrissey
2026-09-18,Z7r9jZ1A7-0Ja,Foreigner,2026-09-26,19:00:00,,onsale,Music,Rock,Classic Rock,,,,,Z7r9jZadp8,Beaver Dam Amphitheater,Beaver Dam,KY,37.3559000,-86.8747020,K8vZ9171CG7,Foreigner
2026-09-18,1ApZkobGkdd_mSt,Koe Wetzel: The Night Champion World Tour,2026-09-24,18:45:00,America/New_York,onsale,Music,Country,Country,AEG LIVE,,,,KovZpa3-Ce,Appalachian Wireless Arena (Formerly Eastern Kentucky Expo Ctr),Pikeville,KY,37.4816690,-82.5150920,K8vZ917pldV,Koe Wetzel
2026-09-18,1AvbZbUGkRallIZ,Louder Than Life,2026-09-20,12:00:00,America/New_York,onsale,Music,Undefined,Undefined,PROMOTED BY VENUE,,,,KovZpa3OYe,Kentucky Expo Center,Louisville,KY,38.1929980,-85.7405230,K8vZ9173xW7,Louder Than Life
2026-09-18,1ApZkfIGkdnjcls,Big Blue Madness,2026-10-02,19:00:00,America/New_York,offsale,Sports,Basketball,College,PROMOTED BY VENUE,,,,KovZpZAFa6lA,Rupp Arena,Lexington,KY,38.0491480,-84.5010377,K8vZ9171O7V,Kentucky Wildcats Men's Basketball
2026-09-18,1AvbZ_8GkUuWAkY,Alabama Live In Concert,2026-10-11,19:00:00,America/New_York,onsale,Music,Country,Country,OUTBACK CONCERTS,,,,KovZpZAE7EvA,Truist Arena,Highland Heights,KY,39.0332377,-84.4604585,K8vZ9171FG0,Alabama
2026-09-18,17AOv0G61HG6jlp,Matt Mathews: Not What I Ordered World Tour,2026-11-07,20:00:00,America/New_York,onsale,Arts & Theatre,Comedy,Comedy,LIVE NATION MUSIC,,,,KovZpa3-Ce,Appalachian Wireless Arena (Formerly Eastern Kentucky Expo Ctr),Pikeville,KY,37.4816690,-82.5150920,K8vZ917hCO7,Matt Mathews
2026-09-18,1AvbZ_oGkyvrW-Y,Matt Mathews: Not What I Ordered World Tour,2026-11-07,16:00:00,America/New_York,onsale,Arts & Theatre,Comedy,Comedy,LIVE NATION MUSIC,,,,KovZpa3-Ce,Appalachian Wireless Arena (Formerly Eastern Kentucky Expo Ctr),Pikeville,KY,37.4816690,-82.5150920,K8vZ917hCO7,Matt Mathews
2026-09-18,17AOv0G65waVAp9,Louisville Cardinals Football vs. SMU Mustangs Football,2026-09-19,15:30:00,America/New_York,onsale,Sports,Football,College,PROMOTED BY VENUE,,,,KovZpZAFklJA,L&N Federal Credit Union Stadium,Louisville,KY,38.2042450,-85.7569170,K8vZ9171JPV,Louisville Cardinals Football
2026-09-18,17AOv0G655efn86,RuPaul's Drag Race Werq The World 2027 Tour,2027-03-31,20:00:00,America/New_York,onsale,Arts & Theatre,Performance Art,Performance Art,LIVE NATION MUSIC,,,,KovZpZAEk6tA,The Louisville Palace,Louisville,KY,38.2481389,-85.7580034,K8vZ917Qiff,RuPaul's Drag Race Werq the World Tour
2026-09-18,17AOv0G652nDTJ_,Clint Black & Midland - Live in Concert: 8 Nights Only,2026-10-15,19:00:00,America/New_York,onsale,Music,Country,Country,LIVE NATION MUSIC,,,,KovZpZAEk6tA,The Louisville Palace,Louisville,KY,38.2481389,-85.7580034,K8vZ9171F20,Clint Black
2026-09-18,1AvbZ_8GkMesQ6y,Bluey's Big Play,2027-03-13,11:00:00,America/New_York,onsale,Arts & Theatre,Children's Theatre,Children's Theatre,LIVE NATION MUSIC,,,,KovZpZAEk6tA,The Louisville Palace,Louisville,KY,38.2481389,-85.7580034,K8vZ917bs90,Bluey's Big Play
2026-09-18,1AvbZ_AGknB3H_2,The Temptations & The Four Tops,2026-10-10,20:00:00,America/New_York,onsale,Music,R&B,R&B,LIVE NATION MUSIC,,,,KovZpZAEk6tA,The Louisville Palace,Louisville,KY,38.2481389,-85.7580034,K8vZ91724cV,The Temptations & The Four Tops
2026-09-18,1AvbZ_8GkMemn6_,Bluey's Big Play,2027-03-13,14:00:00,America/New_York,onsale,Arts & Theatre,Children's Theatre,Children's Theatre,LIVE NATION MUSIC,,,,KovZpZAEk6tA,The Louisville Palace,Louisville,KY,38.2481389,-85.7580034,K8vZ917bs90,Bluey's Big Play
2026-09-18,1AvbZ_8GkMeUBat,Bluey's Big Play,2027-03-14,11:00:00,America/New_York,onsale,Arts & Theatre,Children's Theatre,Children's Theatre,LIVE NATION MUSIC,,,,KovZpZAEk6tA,The Louisville Palace,Louisville,KY,38.2481389,-85.7580034,K8vZ917bs90,Bluey's Big Play
2026-09-18,1AvbZ_8GkMeV1FX,Bluey's Big Play,2027-03-14,14:00:00,America/New_York,onsale,Arts & Theatre,Children's Theatre,Children's Theatre,LIVE NATION MUSIC,,,,KovZpZAEk6tA,The Louisville Palace,Louisville,KY,38.2481389,-85.7580034,K8vZ917bs90,Bluey's Big Play
2026-09-18,17AOv0G61S3HD1g,Sonic Live in Concert,2026-10-17,20:00:00,America/New_York,onsale,Arts & Theatre,Classical,Symphonic,LIVE NATION MUSIC,,,,KovZpZAEk6tA,The Louisville Palace,Louisville,KY,38.2481389,-85.7580034,K8vZ917h9W0,Sonic Live in Concert
2026-09-18,17AOv0G6CJp40AP,North American Championship Rodeo,2026-11-13,19:00:00,America/New_York,onsale,Sports,Rodeo,Rodeo,PROMOTED BY VENUE,,,,KovZpZA6tdEA,Freedom Hall,Louisville,KY,38.1124000,-85.6929659,K8vZ9171nQ7,North American Championship Rodeo
2026-09-18,17AOv0G6GwbMUI-,Sesame Street Live! Elmo's Got the Moves,2026-10-29,18:00:00,America/New_York,onsale,Arts & Theatre,Children's Theatre,Children's Theatre,MISCELLANEOUS PROMOTER,,,,KovZpZAFkFtA,Lexington Opera House,Lexington,KY,38.0495018,-84.4991489,K8vZ9171o77,Sesame Street Live
2026-09-18,17AOv0G65Y5xCB9,The Rocky Horror Picture Show Spooktacular Tour Starring Nell Campbell,2026-10-03,20:00:00,America/New_York,onsale,Film,Music,Music,LIVE NATION MUSIC,,,,KovZpZAEk6tA,The Louisville Palace,Louisville,KY,38.2481389,-85.7580034,K8vZ9171hSf,The Rocky Horror Picture Show
2026-09-18,17AOv0G6ChhQy2A,Tauren Wells - Air1 Worship Now Tour,2026-10-16,19:00:00,America/New_York,onsale,Music,Pop,Electro Pop,LIVE NATION MUSIC,,,,KovZpZAEk6tA,The Louisville Palace,Louisville,KY,38.2481389,-85.7580034,K8vZ9174GcV,Tauren Wells
2026-09-18,1ApZk8JGkdiN115,Jim Henson's Labyrinth: In Concert 40th Anniversary pres by 91.9 WFPK ,2026-11-19,20:00:00,America/New_York,onsale,Film,Family,Miscellaneous,LIVE NATION MUSIC,,,,KovZpZAEk6tA,The Louisville Palace,Louisville,KY,38.2481389,-85.7580034,K8vZ9173qL0,Jim Henson's Labyrinth
2026-09-18,17AOv0G6CEUvaBk,Cirque Musica Holiday Wonderland,2026-12-15,19:00:00,America/New_York,onsale,Arts & Theatre,Performance Art,Performance Art,LIVE NATION MUSIC,,,,KovZpZAEk6tA,The Louisville Palace,Louisville,KY,38.2481389,-85.7580034,K8vZ9179pE7,Cirque Musica Holiday Wonderland
2026-09-18,17AOv0G629rlldO,Jodeci - 35th Anniversary Tour of Forever My Lady,2026-11-22,20:00:00,America/New_York,onsale,Music,R&B,R&B,LIVE NATION MUSIC,,,,KovZpZAEk6tA,The Louisville Palace,Louisville,KY,38.2481389,-85.7580034,K8vZ91711H7,Jodeci
2026-09-18,LvZ18QnlnEqLPcQz4PCiG,"Jurassic Quest – Louisville, KY | Kentucky Expo Center",2027-01-08,13:00:00,America/Kentucky/Louisville,onsale,Miscellaneous,Fairs & Festivals,Fairs & Festivals,,,,,KovZpa3OYe,Kentucky Expo Center,Louisville,KY,38.1929980,-85.7405230,K8vZ9174Tx0,Jurassic Quest
2026-09-18,LvZ18QnlnEqLPcQz4PCiu,"Jurassic Quest – Louisville, KY | Kentucky Expo Center",2027-01-08,15:00:00,America/Kentucky/Louisville,onsale,Miscellaneous,Fairs & Festivals,Fairs & Festivals,,,,,KovZpa3OYe,Kentucky Expo Center,Louisville,KY,38.1929980,-85.7405230,K8vZ9174Tx0,Jurassic Quest
2026-09-18,LvZ18QnlnEqLPcQz4PCi3,"Jurassic Quest – Louisville, KY | Kentucky Expo Center",2027-01-09,12:00:00,America/Kentucky/Louisville,onsale,Miscellaneous,Fairs & Festivals,Fairs & Festivals,,,,,KovZpa3OYe,Kentucky Expo Center,Louisville,KY,38.1929980,-85.7405230,K8vZ9174Tx0,Jurassic Quest
2026-09-18,LvZ18QnlnEqLPcQz4PCi8,"Jurassic Quest – Louisville, KY | Kentucky Expo Center",2027-01-09,08:00:00,America/Kentucky/Louisville,onsale,Miscellaneous,Fairs & Festivals,Fairs & Festivals,,,,,KovZpa3OYe,Kentucky Expo Center,Louisville,KY,38.1929980,-85.7405230,K8vZ9174Tx0,Jurassic Quest
2026-09-18,LvZ18QnlnEqLPcQz4PCiK,"Jurassic Quest – Louisville, KY | Kentucky Expo Center",2027-01-09,15:00:00,America/Kentucky/Louisville,onsale,Miscellaneous,Fairs & Festivals,Fairs & Festivals,,,,,KovZpa3OYe,Kentucky Expo Center,Louisville,KY,38.1929980,-85.7405230,K8vZ9174Tx0,Jurassic Quest
2026-09-18,LvZ18QnlnEqLPcQz4PCif,"Jurassic Quest – Louisville, KY | Kentucky Expo Center",2027-01-09,17:00:00,America/Kentucky/Louisville,onsale,Miscellaneous,Fairs & Festivals,Fairs & Festivals,,,,,KovZpa3OYe,Kentucky Expo Center,Louisville,KY,38.1929980,-85.7405230,K8vZ9174Tx0,Jurassic Quest
2026-09-18,LvZ18QnlnEqLPcQz4PCio,"Jurassic Quest – Louisville, KY | Kentucky Expo Center",2027-01-09,09:00:00,America/Kentucky/Louisville,onsale,Miscellaneous,Fairs & Festivals,Fairs & Festivals,,,,,KovZpa3OYe,Kentucky Expo Center,Louisville,KY,38.1929980,-85.7405230,K8vZ9174Tx0,Jurassic Quest
2026-09-18,LvZ18QnlnE_K6G7lbzPr3,"Jurassic Quest – Louisville, KY | Kentucky Expo Center",2027-01-10,13:00:00,America/Kentucky/Louisville,onsale,Miscellaneous,Fairs & Festivals,Fairs & Festivals,,,,,KovZpa3OYe,Kentucky Expo Center,Louisville,KY,38.1929980,-85.7405230,K8vZ9174Tx0,Jurassic Quest
2026-09-18,LvZ18QnlnE_K6G7lbzPro,"Jurassic Quest – Louisville, KY | Kentucky Expo Center",2027-01-10,09:00:00,America/Kentucky/Louisville,onsale,Miscellaneous,Fairs & Festivals,Fairs & Festivals,,,,,KovZpa3OYe,Kentucky Expo Center,Louisville,KY,38.1929980,-85.7405230,K8vZ9174Tx0,Jurassic Quest
2026-09-18,17AOv0G6GEu-PsS,Rumours of Fleetwood Mac,2026-10-25,19:30:00,America/New_York,onsale,Music,Undefined,Undefined,LIVE NATION MUSIC,,,,KovZpZAEk6tA,The Louisville Palace,Louisville,KY,38.2481389,-85.7580034,K8vZ9175no7,Rumours of Fleetwood Mac
2026-09-18,17AOv0G6CL-xhvd,THE STRAY CATS,2026-11-17,20:00:00,America/New_York,onsale,Music,Rock,Pop,LIVE NATION MUSIC,,,,KovZpZAEk6tA,The Louisville Palace,Louisville,KY,38.2481389,-85.7580034,K8vZ91718h0,THE STRAY CATS
2026-09-18,1AvbZbUGkSSSXK0,Exacta Pass,2026-09-17,,America/New_York,onsale,Music,Undefined,Undefined,PROMOTED BY VENUE,,,,KovZpa3OYe,Kentucky Expo Center,Louisville,KY,38.1929980,-85.7405230,K8vZ917Qp-7,Exacta Pass
2026-09-18,1AvbZ_oGki8vIf8,Matthew West Come Home For Christmas Live On Tour,2026-12-18,19:00:00,America/New_York,onsale,Music,Religious,Gospel,LIVE NATION MUSIC,,,,KovZpZAEk6tA,The Louisville Palace,Louisville,KY,38.2481389,-85.7580034,K8vZ917Gn3f,Matthew West
2026-09-18,17AOv0G6CJpp7An,North American Championship Rodeo,2026-11-14,19:00:00,America/New_York,onsale,Sports,Rodeo,Rodeo,PROMOTED BY VENUE,,,,KovZpZA6tdEA,Freedom Hall,Louisville,KY,38.1124000,-85.6929659,K8vZ9171nQ7,North American Championship Rodeo
2026-09-18,17AOv0G6CWd0xLM,Ryan Bingham and The Texas Gentlemen - Still Gettin' Away With It Tour,2026-10-14,20:00:00,America/New_York,onsale,Music,Rock,Pop,LIVE NATION MUSIC,,,,KovZpZAEk6tA,The Louisville Palace,Louisville,KY,38.2481389,-85.7580034,K8vZ917GaG7,Ryan Bingham
2026-09-18,1ApZk3dGkdAYWPx,William Shatner Live On-stage with Star Trek II: The Wrath of Khan,2026-10-31,19:30:00,America/New_York,onsale,Arts & Theatre,Comedy,Comedy,LIVE NATION MUSIC,,,,KovZpZAEk6tA,The Louisville Palace,Louisville,KY,38.2481389,-85.7580034,K8vZ9171Vz7,William Shatner
2026-09-18,1ApZkoxGkdqTiyG,"Sawyer Brown ""The Boys And Me Live"" Tour",2026-11-14,20:00:00,America/New_York,onsale,Music,Country,Country,LIVE NATION MUSIC,,,,KovZpZAEk6tA,The Louisville Palace,Louisville,KY,38.2481389,-85.7580034,K8vZ9171aof,Sawyer Brown
2026-09-18,16pZkf-adZAu76vv,Twilight In Concert,2027-01-31,19:00:00,America/New_York,onsale,Music,Other,Other,LIVE NATION MUSIC,,,,KovZpZAEk6tA,The Louisville Palace,Louisville,KY,38.2481389,-85.7580034,K8vZ917hryf,Twilight In Concert
2026-09-18,1ApZkoSGkdaAqns,Outlander in Concert,2026-10-13,20:00:00,America/New_York,onsale,Film,Drama,Drama,LIVE NATION MUSIC,,,,KovZpZAEk6tA,The Louisville Palace,Louisville,KY,38.2481389,-85.7580034,K8vZ917LqH7,Outlander in Concert
2026-09-18,G5viZ_6xBU2V0,The Rock Orchestra By Candlelight,2026-11-19,20:00:00,America/Chicago,onsale,Music,Rock,Pop,PROMOTED BY VENUE,,,,KovZ917A0We,RiverPark Center,Owensboro,KY,37.7756750,-87.1093800,K8vZ917hdF7,The Rock Orchestra By Candlelight
2026-09-18,1ApZk36GkeWOaGw,The Bacon Brothers - People In The World Tour presented by 91.9 WFPK,2027-06-26,20:00:00,America/New_York,rescheduled,Music,Country,Country,LIVE NATION MUSIC,,,,KovZpZAEk6tA,The Louisville Palace,Louisville,KY,38.2481389,-85.7580034,K8vZ9171_Ff,The Bacon Brothers
2026-09-18,17AOv0G6GT48HBr,Stand By Me: The Film and Its Stars 40 Years Later,2026-11-13,19:30:00,America/New_York,onsale,Film,Drama,Drama,LIVE NATION MUSIC,,,,KovZpZAEk6tA,The Louisville Palace,Louisville,KY,38.2481389,-85.7580034,K8vZ917r-w7,Stand By Me
2026-09-18,1ApZkC8GkdZdF7O,Acoustic Jam 2026 presented by 97.5 WAMZ,2026-12-09,19:30:00,America/New_York,onsale,Music,Country,Country,LIVE NATION MUSIC,,,,KovZpZAEk6tA,The Louisville Palace,Louisville,KY,38.2481389,-85.7580034,K8vZ917bPfV,Acoustic Jam Louisville
2026-09-18,1AvbZ_aGkSawinr,Blade Runner Live,2026-11-05,20:00:00,America/New_York,onsale,Arts & Theatre,Classical,Symphonic,LIVE NATION MUSIC,,,,KovZpZAEk6tA,The Louisville Palace,Louisville,KY,38.2481389,-85.7580034,K8vZ917otsf,Blade Runner Live
2026-09-18,11AOv0-yFd4zvG,Elmo's Got the Moves,2026-10-06,18:00:00,America/New_York,onsale,Arts & Theatre,Children's Theatre,Children's Theatre,VENUWORKS CORPORATE,,,,KovZ917AEt7,Paramount Theater Ashland,Ashland,KY,38.4801936,-82.6429278,K8vZ9171o77,Sesame Street Live
2026-09-18,1AvbZ_8GklmqjOz,SIX (Touring),2027-06-26,13:00:00,America/New_York,onsale,Arts & Theatre,Theatre,Musical,PROMOTED BY VENUE,,,,KovZpZAFkFtA,Lexington Opera House,Lexington,KY,38.0495018,-84.4991489,K8vZ917bYhV,SIX (Touring)
2026-09-18,1AvbZ_8GklmqiOD,SIX (Touring),2027-06-26,19:30:00,America/New_York,onsale,Arts & Theatre,Theatre,Musical,PROMOTED BY VENUE,,,,KovZpZAFkFtA,Lexington Opera House,Lexington,KY,38.0495018,-84.4991489,K8vZ917bYhV,SIX (Touring)
2026-09-18,1AvbZ_8GklmrG-Z,SIX (Touring),2027-06-27,13:00:00,America/New_York,onsale,Arts & Theatre,Theatre,Musical,PROMOTED BY VENUE,,,,KovZpZAFkFtA,Lexington Opera House,Lexington,KY,38.0495018,-84.4991489,K8vZ917bYhV,SIX (Touring)
2026-09-18,1AvbZ_8GklmqGOS,SIX (Touring),2027-06-25,19:30:00,America/New_York,onsale,Arts & Theatre,Theatre,Musical,PROMOTED BY VENUE,,,,KovZpZAFkFtA,Lexington Opera House,Lexington,KY,38.0495018,-84.4991489,K8vZ917bYhV,SIX (Touring)
2026-09-18,17AOv0G6udOjCmP,AJ McLean presents Alexander James : The Better Man Tour,2026-11-15,20:00:00,America/New_York,onsale,Music,Rock,Pop,LIVE NATION MUSIC,,,,KovZpZAEk6tA,The Louisville Palace,Louisville,KY,38.2481389,-85.7580034,K8vZ917f1-0,AJ McLean
2026-09-18,1AvbZ_8Gklmrj-d,SIX (Touring),2027-06-27,18:30:00,America/New_York,onsale,Arts & Theatre,Theatre,Musical,PROMOTED BY VENUE,,,,KovZpZAFkFtA,Lexington Opera House,Lexington,KY,38.0495018,-84.4991489,K8vZ917bYhV,SIX (Touring)
2026-09-18,G5viZ_Cx-Lb03,Sesame Street Live,2026-12-13,14:00:00,America/Chicago,onsale,Arts & Theatre,Children's Theatre,Children's Theatre,PROMOTED BY VENUE,,,,KovZ917A0We,RiverPark Center,Owensboro,KY,37.7756750,-87.1093800,K8vZ9171o77,Sesame Street Live
2026-09-18,17AOv0G62RLdCD3,Love Actually Live in Concert,2026-11-24,19:30:00,America/New_York,onsale,Film,Music,Music,LIVE NATION MUSIC,,,,KovZpZAEk6tA,The Louisville Palace,Louisville,KY,38.2481389,-85.7580034,K8vZ917bnE7,Love Actually Live in Concert
2026-09-18,17AOv0G6C7IlPId,Magic Inc. presents Nutcracker In A Nutshell,2026-12-05,14:00:00,America/New_York,onsale,Arts & Theatre,Dance,Dance,LIVE NATION MUSIC,,,,KovZpZAEk6tA,The Louisville Palace,Louisville,KY,38.2481389,-85.7580034,K8vZ917_UFV,Magic Inc. presents Nutcracker In A Nutshell
2026-09-18,16vbZ_3OAG7T-xs,William Shakespeare’s Romeo + Juliet Film in Concert,2027-03-16,19:30:00,America/New_York,onsale,Arts & Theatre,Classical,Symphonic,LIVE NATION MUSIC,,,,KovZpZAEk6tA,The Louisville Palace,Louisville,KY,38.2481389,-85.7580034,K8vZ917-JZV,William Shakespeare’s Romeo + Juliet Film in Concert
2026-09-18,17AOv0G62Ml0R5P,Third Day with very special guest Zach Williams & Scout and the Saints,2027-04-02,19:00:00,America/New_York,onsale,Music,Rock,Pop,AWAKENING EVENTS,,,,KovZpa4wBe,The Corbin Arena,Corbin,KY,36.9486986,-84.0968761,K8vZ9171O9f,Third Day
2026-09-18,17AOv0G6Ciot2oX,Daniel In The Lions' Den featuring Queen Esther,2026-10-07,18:30:00,America/New_York,onsale,Arts & Theatre,Theatre,Musical,LIVE NATION MUSIC,,,,KovZpZAEk6tA,The Louisville Palace,Louisville,KY,38.2481389,-85.7580034,K8vZ917OrPV,Daniel In The Lions' Den
2026-09-18,G5viZ_uEPmGd_,Mannheim Steamroller Christmas,2026-12-16,19:00:00,America/Chicago,onsale,Music,New Age,New Age,PROMOTED BY VENUE,,,,KovZ917A0We,RiverPark Center,Owensboro,KY,37.7756750,-87.1093800,K8vZ9175nZV,Mannheim Steamroller Christmas
2026-09-18,1ApZkfIGkdtfcPJ,Cirque Alice,2027-02-07,16:00:00,America/New_York,onsale,Arts & Theatre,Circus & Specialty Acts,Circus,LIVE NATION MUSIC,,,,KovZpZAEk6tA,The Louisville Palace,Louisville,KY,38.2481389,-85.7580034,K8vZ917LZx0,Cirque Alice
2026-09-18,1AvbZ_8GkRbG1Fb,The Black Jacket Symphony Presents Michael Jackson's 'Thriller',2027-02-06,20:00:00,America/New_York,onsale,Music,Rock,Pop,EMPORIUM PRESENTS,,,,KovZpZAFkFtA,Lexington Opera House,Lexington,KY,38.0495018,-84.4991489,K8vZ917C_4f,Black Jacket Symphony
2026-09-18,17AOv0G6uecUypE,The Crown Live in the Ville,2026-10-24,19:00:00,America/New_York,cancelled,Music,Hip-Hop/Rap,Trap,PROMOTED BY VENUE,,,,KovZpZAFklJA,L&N Federal Credit Union Stadium,Louisville,KY,38.2042450,-85.7569170,K8vZ9171w9f,Ludacris
2026-09-18,1AvbZ_oGkSrPmnB,Blackberry Smoke: 25th Anniversary Tour,2026-10-02,19:30:00,America/New_York,onsale,Music,Rock,Pop,LIVE NATION MUSIC,,,,KovZpZAFkFtA,Lexington Opera House,Lexington,KY,38.0495018,-84.4991489,K8vZ917Gbh7,Blackberry Smoke
2026-09-18,17AOv0G65w5dgjO,Louisville Cardinals Football vs. Florida State Seminoles Football,2026-10-09,19:00:00,America/New_York,onsale,Sports,Football,College,PROMOTED BY VENUE,,,,KovZpZAFklJA,L&N Federal Credit Union Stadium,Louisville,KY,38.2042450,-85.7569170,K8vZ9171JPV,Louisville Cardinals Football
2026-09-18,1ApZk3aGkd2BG6o,Three Dog Night,2027-02-25,20:00:00,America/New_York,rescheduled,Music,Rock,Pop,FRANK PRODUCTIONS,,,,KovZpZAFkFtA,Lexington Opera House,Lexington,KY,38.0495018,-84.4991489,K8vZ91712UV,Three Dog Night
2026-09-18,1AvbZ_8GkRb5BF4,The Black Jacket Symphony Presents Michael Jackson's 'Thriller',2027-02-06,16:00:00,America/New_York,onsale,Music,Rock,Pop,EMPORIUM PRESENTS,,,,KovZpZAFkFtA,Lexington Opera House,Lexington,KY,38.0495018,-84.4991489,K8vZ917C_4f,Black Jacket Symphony
2026-09-18,Z7r9jZ1A7Opvt,Nikki Glaser,2026-10-03,19:00:00,,onsale,Arts & Theatre,,,,,,,ZFr9jZeaFF,Kentucky Center - Whitney Hall,Louisville,KY,38.2536010,-85.7498020,K8vZ917uwA7,Nikki Glaser
2026-09-18,Z7r9jZ1A7xfxA,Nikki Glaser,2026-10-04,19:00:00,,onsale,Arts & Theatre,,,,,,,ZFr9jZeaFF,Kentucky Center - Whitney Hall,Louisville,KY,38.2536010,-85.7498020,K8vZ917uwA7,Nikki Glaser
2026-09-18,Z7r9jZ1A7-UGI,Leanne Morgan,2026-11-19,19:00:00,,onsale,Arts & Theatre,Miscellaneous,Miscellaneous,,,,,ZFr9jZkk1a,Owensboro Sportscenter,Owensboro,KY,37.7352980,-87.2433010,K8vZ917fQxV,Leanne Morgan
2026-09-18,17AOv0G65w10P_H,Louisville Cardinals Football vs. Wake Forest Demon Deacons Football,2026-09-26,12:00:00,America/New_York,onsale,Sports,Football,College,PROMOTED BY VENUE,,,,KovZpZAFklJA,L&N Federal Credit Union Stadium,Louisville,KY,38.2042450,-85.7569170,K8vZ9171JPV,Louisville Cardinals Football
2026-09-18,1kAOv0j9GAG9NQH,Tommy James & The Shondells; Herman's Hermits starring Peter Noone,2026-10-17,18:00:00,America/New_York,rescheduled,Music,Rock,Oldies & Classics,MISCELLANEOUS PROMOTER,,,,KovZ917AYlX,Gatton Park,Lexington,KY,38.0524007,-84.5085918,K8vZ917ujyV,Tommy James and the Shondells
2026-09-18,1AvbZ_aGknrpMrm,Desi Banks: Your Favorite Cousin,2026-10-03,19:00:00,America/New_York,onsale,Arts & Theatre,Comedy,Comedy,OUTBACK CONCERTS,,,,KovZpZAFkFtA,Lexington Opera House,Lexington,KY,38.0495018,-84.4991489,K8vZ917ba-V,Desi Banks
2026-09-18,1ApZkf-Gkd0oc79,Club 90s Presents MJ Night (18+ event),2026-10-03,21:00:00,America/New_York,onsale,Music,Pop,Electro Pop,LIVE NATION MUSIC,,,,KovZpZAEk7EA,Mercury Ballroom,Louisville,KY,38.2485145,-85.7578900,K8vZ9179Xd0,Club 90s
2026-09-18,Z7r9jZ1A7Pkkk,Knocked Loose and Denzel Curry,2026-09-26,19:00:00,,onsale,Music,Other,Other,,,,,Z7r9jZa7bI,MegaCorp Pavilion,Newport,KY,39.0726010,-84.4814000,K8vZ917KFS0,Knocked Loose
2026-09-18,17AOv0G6CJp47Aj,North American Championship Rodeo,2026-11-12,19:00:00,America/New_York,onsale,Sports,Rodeo,Rodeo,PROMOTED BY VENUE,,,,KovZpZA6tdEA,Freedom Hall,Louisville,KY,38.1124000,-85.6929659,K8vZ9171nQ7,North American Championship Rodeo
2026-09-18,Z7r9jZ1A70Iqs,Matt Mathews,2027-05-13,19:00:00,,onsale,Arts & Theatre,Comedy,Comedy,,,,,ZFr9jZA17v,The Carson Center for the Performing Arts,Paducah,KY,37.0014990,-88.5830000,K8vZ917hCO7,Matt Mathews
2026-09-18,1AvbZ_aGkDtBLPP,Scott Bradlee's Postmodern Jukebox - The Future Is Vintage World Tour,2026-10-06,20:00:00,America/New_York,onsale,Music,Jazz,Jazz,FRANK PRODUCTIONS,,,,KovZpZAFkFtA,Lexington Opera House,Lexington,KY,38.0495018,-84.4991489,K8vZ917KQQV,Scott Bradlee's Postmodern Jukebox
2026-09-18,17AOv0G6G5NXrC3,Wynonna Judd: Kentucky Queen Tour,2026-09-30,19:30:00,America/New_York,onsale,Music,Country,Country,MISCELLANEOUS PROMOTER,,,,KovZpZAFkFtA,Lexington Opera House,Lexington,KY,38.0495018,-84.4991489,K8vZ9171aKf,Wynonna Judd
2026-09-18,17AOv0G65wGEgPP,Louisville Cardinals Football vs. Stanford Cardinal Football,2026-10-31,,America/New_York,onsale,Sports,Football,College,PROMOTED BY VENUE,,,,KovZpZAFklJA,L&N Federal Credit Union Stadium,Louisville,KY,38.2042450,-85.7569170,K8vZ9171JPV,Louisville Cardinals Football
2026-09-18,17AOv0G65wuL4lx,Louisville Cardinals Football vs. Pittsburgh Panthers College Football,2026-11-21,,America/New_York,onsale,Sports,Football,College,PROMOTED BY VENUE,,,,KovZpZAFklJA,L&N Federal Credit Union Stadium,Louisville,KY,38.2042450,-85.7569170,K8vZ9171JPV,Louisville Cardinals Football
2026-09-18,1ApZkoVGkdXnMip,Ty Myers: The Legal Tour 2026,2026-10-24,19:30:00,America/New_York,onsale,Music,Country,Country,AEG LIVE,,,,KovZpa3-Ce,Appalachian Wireless Arena (Formerly Eastern Kentucky Expo Ctr),Pikeville,KY,37.4816690,-82.5150920,K8vZ917j970,Ty Myers
2026-09-18,17AOv0G6Clqk_g_,Cirque Musica Holiday Wonderland,2026-12-09,19:00:00,America/New_York,onsale,Arts & Theatre,Performance Art,Performance Art,LIVE NATION MUSIC,,,,KovZpZAFkFtA,Lexington Opera House,Lexington,KY,38.0495018,-84.4991489,K8vZ9179pE7,Cirque Musica Holiday Wonderland
2026-09-18,Z7r9jZ1A70eoA,Modest Mouse w/ Caroline Rose,2026-10-01,20:00:00,,onsale,Music,Alternative,Alternative Rock,,,,,Z7r9jZa7bI,MegaCorp Pavilion,Newport,KY,39.0726010,-84.4814000,K8vZ9171Nd0,Modest Mouse
2026-09-18,17AOv0G6GJ3vrxt,Daughtry: 20 Years Unplugged Tour (Ages 21 & Over),2026-10-24,20:30:00,America/New_York,onsale,Music,Rock,Pop,PROMOTED BY VENUE,,,,KovZpZA1eaIA,Turfway Park,Florence,KY,39.0216340,-84.6361610,K8vZ917GZFf,Daughtry
2026-09-18,1kAOvPvIGACs7iC,Sugarland,2026-11-06,19:00:00,America/New_York,onsale,Music,Country,Country,PROMOTER NOT DEFINED,,,,KovZpa3-Ce,Appalachian Wireless Arena (Formerly Eastern Kentucky Expo Ctr),Pikeville,KY,37.4816690,-82.5150920,K8vZ9175cBV,Sugarland
2026-09-18,1ApZk3dGkd6cWsk,"Brit Floyd: The Wall, The Moon and Beyond",2026-09-26,20:00:00,America/New_York,onsale,Music,Rock,Pop,LIVE NATION MUSIC,,,,KovZ917AYlX,Gatton Park,Lexington,KY,38.0524007,-84.5085918,K8vZ917C96f,Brit Floyd
2026-09-18,1ApZk3aGkd6Ul08,Jesse McCartney (Ages 21 & Over),2026-10-02,21:00:00,America/New_York,onsale,Music,Rock,Pop,PROMOTED BY VENUE,,,,KovZpZA1eaIA,Turfway Park,Florence,KY,39.0216340,-84.6361610,K8vZ9175YVV,Jesse McCartney
2026-09-18,17AOv0G629qGnHm,Kentucky Wildcats Women's Volleyball vs. Louisville Cardinals Women's Volleyball,2026-09-20,15:00:00,America/New_York,onsale,Sports,Volleyball,Volleyball,PROMOTED BY VENUE,,,,KovZpZAFkdIA,Memorial Coliseum,Lexington,KY,38.0395545,-84.5016901,K8vZ9175hff,Kentucky Wildcats Women's Volleyball
2026-09-18,1ApZk36GkdaTtBf,Becky Robinson: The Beasts In Me Tour,2026-10-10,20:00:00,America/New_York,onsale,Arts & Theatre,Comedy,Comedy,MISCELLANEOUS PROMOTER,,,,KovZpZAFkFtA,Lexington Opera House,Lexington,KY,38.0495018,-84.4991489,K8vZ917Q-b7,Becky Robinson
2026-09-18,1AvbZ_kGkRNyrAF,Hawthorne Heights - 20th anniversary of If Only You Were Lonely,2026-11-04,19:00:00,America/New_York,onsale,Music,Rock,Pop,LIVE NATION MUSIC,,,,KovZpZAEk7EA,Mercury Ballroom,Louisville,KY,38.2485145,-85.7578900,K8vZ9175ww7,Hawthorne Heights
2026-09-18,1ApZkozGkdaJBtl,Kenny Wayne Shepherd Band,2026-10-09,20:00:00,America/New_York,onsale,Music,Blues,Blues,FRANK PRODUCTIONS,,,,KovZpZAFkFtA,Lexington Opera House,Lexington,KY,38.0495018,-84.4991489,K8vZ9171fEf,Kenny Wayne Shepherd
2026-09-18,G5viZ_FCFk1xf,Gary Allan,2026-09-25,20:00:00,America/Chicago,onsale,Music,Country,Country,,,,,KovZ917AJjV,Oak Grove Racing Gaming and Hotel,Oak Grove,KY,36.6587941,-87.4392883,K8vZ9171bnf,Gary Allan
2026-09-18,17AOv0G6CMSB52t,Larry Fleet,2026-09-18,20:00:00,America/New_York,onsale,Music,Country,Country,LIVE NATION MUSIC,,,,KovZpZAFkFtA,Lexington Opera House,Lexington,KY,38.0495018,-84.4991489,K8vZ917btUV,Larry Fleet
2026-09-18,17AOv0G6uCSBahi,Be Like Blippi Tour,2026-11-10,18:00:00,America/New_York,onsale,Arts & Theatre,Children's Theatre,Children's Theatre,VENUWORKS CORPORATE,,,,KovZ917AEt7,Paramount Theater Ashland,Ashland,KY,38.4801936,-82.6429278,K8vZ917b-c7,Blippi Live!
2026-09-18,Z7r9jZ1A7Oxj-,Racing Louisville FC vs. San Diego Wave FC,2026-09-25,18:30:00,,onsale,Sports,Miscellaneous,Miscellaneous,,,,,Z7r9jZa76E,Lynn Family Stadium,Louisville,KY,0.0000000,0.0000000,K8vZ917_pjV,Racing Louisville FC
2026-09-18,1AvbZ_8GklmijxA,Shucked (Touring),2027-02-13,13:00:00,America/New_York,onsale,Arts & Theatre,Theatre,Musical,PROMOTED BY VENUE,,,,KovZpZAFkFtA,Lexington Opera House,Lexington,KY,38.0495018,-84.4991489,K8vZ917q7u0,Shucked (Touring)
2026-09-18,1AvbZ_8GklmiHxa,Shucked (Touring),2027-02-13,19:30:00,America/New_York,onsale,Arts & Theatre,Theatre,Musical,PROMOTED BY VENUE,,,,KovZpZAFkFtA,Lexington Opera House,Lexington,KY,38.0495018,-84.4991489,K8vZ917q7u0,Shucked (Touring)
2026-09-18,1AvbZ_8GklmcGxG,Shucked (Touring),2027-02-14,13:00:00,America/New_York,onsale,Arts & Theatre,Theatre,Musical,PROMOTED BY VENUE,,,,KovZpZAFkFtA,Lexington Opera House,Lexington,KY,38.0495018,-84.4991489,K8vZ917q7u0,Shucked (Touring)
2026-09-18,1AvbZ_8GklmiGxd,Shucked (Touring),2027-02-12,19:30:00,America/New_York,onsale,Arts & Theatre,Theatre,Musical,PROMOTED BY VENUE,,,,KovZpZAFkFtA,Lexington Opera House,Lexington,KY,38.0495018,-84.4991489,K8vZ917q7u0,Shucked (Touring)
2026-09-18,Z7r9jZ1A7xpCK,Zach Williams w/ Cochren & Co.,2026-10-16,19:00:00,,onsale,Music,Rock,Pop,,,,,ZFr9jZakdv,EKU Center for the Arts,Richmond,KY,37.7631990,-84.3052980,K8vZ917497f,Zach Williams
2026-09-18,1AvbZ_8Gklmcjx8,Shucked (Touring),2027-02-14,18:30:00,America/New_York,onsale,Arts & Theatre,Theatre,Musical,PROMOTED BY VENUE,,,,KovZpZAFkFtA,Lexington Opera House,Lexington,KY,38.0495018,-84.4991489,K8vZ917q7u0,Shucked (Touring)
2026-09-18,1AvbZ_FGkleSWY3,Jim Henson's Fraggle Rock: Back to the Rock Live!,2026-10-01,19:00:00,America/New_York,onsale,Arts & Theatre,Miscellaneous Theatre,Miscellaneous Theatre,PROMOTED BY VENUE,,,,KovZpZAFkFtA,Lexington Opera House,Lexington,KY,38.0495018,-84.4991489,K8vZ917qdvV,Jim Henson's Fraggle Rock: Back to the Rock Live!
2026-09-18,1AvbZ_8GkwoP7Pg,Monster Jam,2027-02-13,12:00:00,America/New_York,offsale,Sports,Motorsports/Racing,Motorsports/Racing,FELD MOTORSPORTS,,,,KovZpZA6taeA,PPG Paints Arena,Pittsburgh,PA,40.4388401,-79.9908551,K8vZ917uyff,Monster Jam
2026-09-18,1AvbZ_8Gkw8gfOn,Monster Jam,2027-02-12,19:00:00,America/New_York,offsale,Sports,Motorsports/Racing,Motorsports/Racing,FELD MOTORSPORTS,,,,KovZpZA6taeA,PPG Paints Arena,Pittsburgh,PA,40.4388401,-79.9908551,K8vZ917uyff,Monster Jam
2026-09-18,1AvbZ_8GkwoMVIp,Monster Jam,2027-02-13,18:00:00,America/New_York,offsale,Sports,Motorsports/Racing,Motorsports/Racing,FELD MOTORSPORTS,,,,KovZpZA6taeA,PPG Paints Arena,Pittsburgh,PA,40.4388401,-79.9908551,K8vZ917uyff,Monster Jam
2026-09-18,1AvbZ_8Gkw3Cfnp,Monster Jam,2027-02-14,12:00:00,America/New_York,offsale,Sports,Motorsports/Racing,Motorsports/Racing,FELD MOTORSPORTS,,,,KovZpZA6taeA,PPG Paints Arena,Pittsburgh,PA,40.4388401,-79.9908551,K8vZ917uyff,Monster Jam
2026-09-18,vv17FZ_kGkUpFBjj,Philadelphia Eagles vs. Pittsburgh Steelers,2026-11-22,16:25:00,America/New_York,onsale,Sports,Football,NFL,NFL REGULAR SEASON,,,,KovZpa2yme,Lincoln Financial Field,Philadelphia,PA,39.9007060,-75.1674060,K8vZ9171oU0,Philadelphia Eagles
2026-09-18,vv17FZ_kGkUpdnhG,Philadelphia Eagles vs. Dallas Cowboys,2026-10-26,20:15:00,America/New_York,onsale,Sports,Football,NFL,NFL REGULAR SEASON,,,,KovZpa2yme,Lincoln Financial Field,Philadelphia,PA,39.9007060,-75.1674060,K8vZ9171oU0,Philadelphia Eagles
2026-09-18,vv17FZ_kGkUpenQH,Philadelphia Eagles vs. Carolina Panthers,2026-10-18,13:00:00,America/New_York,onsale,Sports,Football,NFL,NFL REGULAR SEASON,,,,KovZpa2yme,Lincoln Financial Field,Philadelphia,PA,39.9007060,-75.1674060,K8vZ9171oU0,Philadelphia Eagles
2026-09-18,vv17FZ_kGkUp6BjC,Philadelphia Eagles vs. New York Giants,2026-11-08,13:00:00,America/New_York,onsale,Sports,Football,NFL,NFL REGULAR SEASON,,,,KovZpa2yme,Lincoln Financial Field,Philadelphia,PA,39.9007060,-75.1674060,K8vZ9171oU0,Philadelphia Eagles
2026-09-18,1ApZkoYGkdLe5Rr,Pittsburgh Steelers vs. Cincinnati Bengals,2026-09-27,13:00:00,America/New_York,onsale,Sports,Football,NFL,NFL REGULAR SEASON,,,,KovZpZAFa6nA,Acrisure Stadium,Pittsburgh,PA,40.4460930,-80.0158840,K8vZ9171ogV,Pittsburgh Steelers
2026-09-18,1ApZkoYGkdLADRS,Pittsburgh Steelers vs. Indianapolis Colts,2026-10-11,13:00:00,America/New_York,onsale,Sports,Football,NFL,NFL REGULAR SEASON,,,,KovZpZAFa6nA,Acrisure Stadium,Pittsburgh,PA,40.4460930,-80.0158840,K8vZ9171ogV,Pittsburgh Steelers
2026-09-18,vv17FZ_kGkUp1BjB,Philadelphia Eagles vs. Seattle Seahawks,2026-12-19,17:00:00,America/New_York,onsale,Sports,Football,NFL,NFL REGULAR SEASON,,,,KovZpa2yme,Lincoln Financial Field,Philadelphia,PA,39.9007060,-75.1674060,K8vZ9171oU0,Philadelphia Eagles
2026-09-18,vv17FZ_kGkUpABhU,Philadelphia Eagles vs. Indianapolis Colts,2026-12-13,13:00:00,America/New_York,onsale,Sports,Football,NFL,NFL REGULAR SEASON,,,,KovZpa2yme,Lincoln Financial Field,Philadelphia,PA,39.9007060,-75.1674060,K8vZ9171oU0,Philadelphia Eagles
2026-09-18,vv17FZ_kGkUp7BhQ,Philadelphia Eagles vs. Houston Texans,2026-12-24,20:15:00,America/New_York,onsale,Sports,Football,NFL,NFL REGULAR SEASON,,,,KovZpa2yme,Lincoln Financial Field,Philadelphia,PA,39.9007060,-75.1674060,K8vZ9171oU0,Philadelphia Eagles
2026-09-18,vv17FZ_kGkUpkBhT,Philadelphia Eagles vs. Los Angeles Rams,2026-10-04,13:00:00,America/New_York,onsale,Sports,Football,NFL,NFL REGULAR SEASON,,,,KovZpa2yme,Lincoln Financial Field,Philadelphia,PA,39.9007060,-75.1674060,K8vZ9171oU0,Philadelphia Eagles
2026-09-18,1ApZkoYGkdLd5RP,Pittsburgh Steelers vs. Cleveland Browns,2026-11-01,13:00:00,America/New_York,onsale,Sports,Football,NFL,NFL REGULAR SEASON,,,,KovZpZAFa6nA,Acrisure Stadium,Pittsburgh,PA,40.4460930,-80.0158840,K8vZ9171ogV,Pittsburgh Steelers
2026-09-18,1ApZkoYGkdLdDRt,Pittsburgh Steelers vs. Denver Broncos,2026-11-27,15:00:00,America/New_York,onsale,Sports,Football,NFL,NFL REGULAR SEASON,,,,KovZpZAFa6nA,Acrisure Stadium,Pittsburgh,PA,40.4460930,-80.0158840,K8vZ9171ogV,Pittsburgh Steelers
2026-09-18,1ApZkoYGkdLZhR4,Pittsburgh Steelers vs. Baltimore Ravens,2026-12-20,13:00:00,America/New_York,onsale,Sports,Football,NFL,NFL REGULAR SEASON,,,,KovZpZAFa6nA,Acrisure Stadium,Pittsburgh,PA,40.4460930,-80.0158840,K8vZ9171ogV,Pittsburgh Steelers
2026-09-18,1AdZZ_8GkwJW0ph,Preseason: Boston Celtics v Philadelphia 76ers,2026-10-16,19:00:00,America/New_York,onsale,Sports,Basketball,NBA,NBA EXHIBITION & PRESEASON,,,,KovZ917AiMF,Xfinity Mobile Arena,Philadelphia,PA,39.9045510,-75.1736273,K8vZ9171oZ0,Philadelphia 76ers
2026-09-18,1AdZZ_8GkwEA09L,Philadelphia 76ers vs. Boston Celtics,2026-11-10,20:00:00,America/New_York,onsale,Sports,Basketball,NBA,NBA REGULAR SEASON,,,,KovZ917AiMF,Xfinity Mobile Arena,Philadelphia,PA,39.9045510,-75.1736273,K8vZ9171oZ0,Philadelphia 76ers
2026-09-18,1ApZkoYGkdL7DRm,Pittsburgh Steelers vs. Houston Texans,2026-12-06,20:20:00,America/New_York,onsale,Sports,Football,NFL,NFL REGULAR SEASON,,,,KovZpZAFa6nA,Acrisure Stadium,Pittsburgh,PA,40.4460930,-80.0158840,K8vZ9171ogV,Pittsburgh Steelers
2026-09-18,1AdZZ_8GkwJHfpC,Preseason: New York Knicks v Philadelphia 76ers,2026-10-05,19:00:00,America/New_York,onsale,Sports,Basketball,NBA,NBA EXHIBITION & PRESEASON,,,,KovZ917AiMF,Xfinity Mobile Arena,Philadelphia,PA,39.9045510,-75.1736273,K8vZ9171oZ0,Philadelphia 76ers
2026-09-18,1AdZZ_8GkwEeV9G,Philadelphia 76ers vs. New York Knicks,2026-10-30,19:30:00,America/New_York,onsale,Sports,Basketball,NBA,NBA REGULAR SEASON,,,,KovZ917AiMF,Xfinity Mobile Arena,Philadelphia,PA,39.9045510,-75.1736273,K8vZ9171oZ0,Philadelphia 76ers
2026-09-18,1AdZZ_8GkwJs0fy,Philadelphia 76ers vs. Los Angeles Lakers,2027-03-04,19:00:00,America/New_York,onsale,Sports,Basketball,NBA,NBA REGULAR SEASON,,,,KovZ917AiMF,Xfinity Mobile Arena,Philadelphia,PA,39.9045510,-75.1736273,K8vZ9171oZ0,Philadelphia 76ers
2026-09-18,1AdZZ_8GkwJnVfF,Philadelphia 76ers vs. Boston Celtics,2027-02-07,19:00:00,America/New_York,onsale,Sports,Basketball,NBA,NBA REGULAR SEASON,,,,KovZ917AiMF,Xfinity Mobile Arena,Philadelphia,PA,39.9045510,-75.1736273,K8vZ9171oZ0,Philadelphia 76ers
2026-09-18,1AdZZ_8GkwJz74N,Philadelphia 76ers vs. Golden State Warriors,2027-03-31,19:00:00,America/New_York,onsale,Sports,Basketball,NBA,NBA REGULAR SEASON,,,,KovZ917AiMF,Xfinity Mobile Arena,Philadelphia,PA,39.9045510,-75.1736273,K8vZ9171oZ0,Philadelphia 76ers
2026-09-18,17AOv0G61-BV06d,Pittsburgh Steelers v Bengals: 1933 Club Pass (NOT A GAME TICKET),2026-09-27,13:00:00,America/New_York,onsale,Sports,Football,NFL,NFL REGULAR SEASON,,,,KovZpZAFa6nA,Acrisure Stadium,Pittsburgh,PA,40.4460930,-80.0158840,K8vZ9171ogV,Pittsburgh Steelers
2026-09-18,17AOv0G61-By76c,Pittsburgh Steelers v Colts: 1933 Club Pass (NOT A GAME TICKET),2026-10-11,13:00:00,America/New_York,onsale,Sports,Football,NFL,NFL REGULAR SEASON,,,,KovZpZAFa6nA,Acrisure Stadium,Pittsburgh,PA,40.4460930,-80.0158840,K8vZ9171ogV,Pittsburgh Steelers
2026-09-18,17AOv0G61-BUV64,Pittsburgh Steelers v Broncos: 1933 Club Pass (NOT A GAME TICKET),2026-11-27,15:00:00,America/New_York,onsale,Sports,Football,NFL,NFL REGULAR SEASON,,,,KovZpZAFa6nA,Acrisure Stadium,Pittsburgh,PA,40.4460930,-80.0158840,K8vZ9171ogV,Pittsburgh Steelers
2026-09-18,17AOv0G61-Bg06u,Pittsburgh Steelers v Browns: 1933 Club Pass (NOT A GAME TICKET),2026-11-01,13:00:00,America/New_York,onsale,Sports,Football,NFL,NFL REGULAR SEASON,,,,KovZpZAFa6nA,Acrisure Stadium,Pittsburgh,PA,40.4460930,-80.0158840,K8vZ9171ogV,Pittsburgh Steelers
2026-09-18,17AOv0G61-BwfkN,Pittsburgh Steelers v Ravens: 1933 Club Pass (NOT A GAME TICKET),2026-12-20,13:00:00,America/New_York,onsale,Sports,Football,NFL,NFL REGULAR SEASON,,,,KovZpZAFa6nA,Acrisure Stadium,Pittsburgh,PA,40.4460930,-80.0158840,K8vZ9171ogV,Pittsburgh Steelers
2026-09-18,17AOv0G61-BMV6O,Pittsburgh Steelers v Texans: 1933 Club Pass (NOT A GAME TICKET),2026-12-06,20:20:00,America/New_York,onsale,Sports,Football,NFL,NFL REGULAR SEASON,,,,KovZpZAFa6nA,Acrisure Stadium,Pittsburgh,PA,40.4460930,-80.0158840,K8vZ9171ogV,Pittsburgh Steelers
2026-09-18,17GZv0G6CDmOr7N,Preseason: Boston Bruins v Philadelphia Flyers,2026-09-24,19:00:00,America/New_York,onsale,Sports,Hockey,NHL,NHL EXHIBITION & PRESEASON,,,,KovZ917AiMF,Xfinity Mobile Arena,Philadelphia,PA,39.9045510,-75.1736273,K8vZ9171oy0,Philadelphia Flyers
2026-09-18,1AdZZ_8GkwJc0fh,Philadelphia 76ers vs. New York Knicks,2027-02-11,19:00:00,America/New_York,onsale,Sports,Basketball,NBA,NBA REGULAR SEASON,,,,KovZ917AiMF,Xfinity Mobile Arena,Philadelphia,PA,39.9045510,-75.1736273,K8vZ9171oZ0,Philadelphia 76ers
2026-09-18,17GZv0G6CDmhrdz,Philadelphia Flyers vs. Boston Bruins,2027-03-18,19:00:00,America/New_York,onsale,Sports,Hockey,NHL,NHL REGULAR SEASON,,,,KovZ917AiMF,Xfinity Mobile Arena,Philadelphia,PA,39.9045510,-75.1736273,K8vZ9171oy0,Philadelphia Flyers
2026-09-18,1AdZZ_8GkwE30_6,Philadelphia 76ers vs. Dallas Mavericks,2026-12-17,19:00:00,America/New_York,onsale,Sports,Basketball,NBA,NBA REGULAR SEASON,,,,KovZ917AiMF,Xfinity Mobile Arena,Philadelphia,PA,39.9045510,-75.1736273,K8vZ9171oZ0,Philadelphia 76ers
2026-09-18,1AdZZ_8GkwE50bO,Philadelphia 76ers vs. Miami Heat,2026-11-25,17:00:00,America/New_York,onsale,Sports,Basketball,NBA,NBA REGULAR SEASON,,,,KovZ917AiMF,Xfinity Mobile Arena,Philadelphia,PA,39.9045510,-75.1736273,K8vZ9171oZ0,Philadelphia 76ers
2026-09-18,17GZv0G6CDmxX7M,Philadelphia Flyers vs. Pittsburgh Penguins,2026-09-30,19:30:00,America/New_York,onsale,Sports,Hockey,NHL,NHL REGULAR SEASON,,,,KovZ917AiMF,Xfinity Mobile Arena,Philadelphia,PA,39.9045510,-75.1736273,K8vZ9171oy0,Philadelphia Flyers
2026-09-18,1AdZZ_8GkwJrfoX,Philadelphia 76ers vs. Miami Heat,2027-01-08,19:00:00,America/New_York,onsale,Sports,Basketball,NBA,NBA REGULAR SEASON,,,,KovZ917AiMF,Xfinity Mobile Arena,Philadelphia,PA,39.9045510,-75.1736273,K8vZ9171oZ0,Philadelphia 76ers
2026-09-18,1AdZZ_8GkwJUV44,Philadelphia 76ers vs. San Antonio Spurs,2027-03-21,19:30:00,America/New_York,onsale,Sports,Basketball,NBA,NBA REGULAR SEASON,,,,KovZ917AiMF,Xfinity Mobile Arena,Philadelphia,PA,39.9045510,-75.1736273,K8vZ9171oZ0,Philadelphia 76ers
2026-09-18,1AdZZ_8GkwJ-73-,Philadelphia 76ers vs. Brooklyn Nets,2027-01-14,19:00:00,America/New_York,onsale,Sports,Basketball,NBA,NBA REGULAR SEASON,,,,KovZ917AiMF,Xfinity Mobile Arena,Philadelphia,PA,39.9045510,-75.1736273,K8vZ9171oZ0,Philadelphia 76ers
2026-09-18,1AdZZ_8GkwEZfps,Philadelphia 76ers vs. Milwaukee Bucks,2026-10-24,19:30:00,America/New_York,onsale,Sports,Basketball,NBA,NBA REGULAR SEASON,,,,KovZ917AiMF,Xfinity Mobile Arena,Philadelphia,PA,39.9045510,-75.1736273,K8vZ9171oZ0,Philadelphia 76ers
2026-09-18,1AdZZ_8GkwJi7fu,Philadelphia 76ers vs. Brooklyn Nets,2027-02-08,19:00:00,America/New_York,onsale,Sports,Basketball,NBA,NBA REGULAR SEASON,,,,KovZ917AiMF,Xfinity Mobile Arena,Philadelphia,PA,39.9045510,-75.1736273,K8vZ9171oZ0,Philadelphia 76ers
2026-09-18,17AOv0G6Clg0hNG,Pittsburgh Penguins vs. Boston Bruins,2026-11-05,19:00:00,America/New_York,onsale,Sports,Hockey,NHL,NHL REGULAR SEASON,,,,KovZpZA6taeA,PPG Paints Arena,Pittsburgh,PA,40.4388401,-79.9908551,K8vZ9171o8f,Pittsburgh Penguins
2026-09-18,1AdZZ_8GkwE6V9g,Philadelphia 76ers vs. Indiana Pacers,2026-11-15,13:00:00,America/New_York,onsale,Sports,Basketball,NBA,NBA REGULAR SEASON,,,,KovZ917AiMF,Xfinity Mobile Arena,Philadelphia,PA,39.9045510,-75.1736273,K8vZ9171oZ0,Philadelphia 76ers
2026-09-18,1AdZZ_8GkwEo7bW,Philadelphia 76ers vs. Orlando Magic,2026-12-12,19:30:00,America/New_York,onsale,Sports,Basketball,NBA,NBA REGULAR SEASON,,,,KovZ917AiMF,Xfinity Mobile Arena,Philadelphia,PA,39.9045510,-75.1736273,K8vZ9171oZ0,Philadelphia 76ers
2026-09-18,17AOv0G6Clg3D-t,Pittsburgh Penguins vs. Boston Bruins,2027-03-11,19:30:00,America/New_York,onsale,Sports,Hockey,NHL,NHL REGULAR SEASON,,,,KovZpZA6taeA,PPG Paints Arena,Pittsburgh,PA,40.4388401,-79.9908551,K8vZ9171o8f,Pittsburgh Penguins
2026-09-18,1AdZZ_8GkwEa79D,Philadelphia 76ers vs. Milwaukee Bucks,2026-11-21,13:00:00,America/New_York,onsale,Sports,Basketball,NBA,NBA REGULAR SEASON,,,,KovZ917AiMF,Xfinity Mobile Arena,Philadelphia,PA,39.9045510,-75.1736273,K8vZ9171oZ0,Philadelphia 76ers
2026-09-18,1AdZZ_8GkwJXVpt,Philadelphia 76ers vs. Cleveland Cavaliers,2026-10-22,19:00:00,America/New_York,onsale,Sports,Basketball,NBA,NBA REGULAR SEASON,,,,KovZ917AiMF,Xfinity Mobile Arena,Philadelphia,PA,39.9045510,-75.1736273,K8vZ9171oZ0,Philadelphia 76ers
2026-09-18,1AdZZ_8GkwEk09E,Philadelphia 76ers vs. Toronto Raptors,2026-11-12,19:00:00,America/New_York,onsale,Sports,Basketball,NBA,NBA REGULAR SEASON,,,,KovZ917AiMF,Xfinity Mobile Arena,Philadelphia,PA,39.9045510,-75.1736273,K8vZ9171oZ0,Philadelphia 76ers
2026-09-18,1AdZZ_8GkwJxf3i,Philadelphia 76ers vs. Minnesota Timberwolves,2027-01-16,12:30:00,America/New_York,onsale,Sports,Basketball,NBA,NBA REGULAR SEASON,,,,KovZ917AiMF,Xfinity Mobile Arena,Philadelphia,PA,39.9045510,-75.1736273,K8vZ9171oZ0,Philadelphia 76ers
2026-09-18,1AdZZ_8GkwJmVfJ,Philadelphia 76ers vs. Phoenix Suns,2027-02-17,19:00:00,America/New_York,onsale,Sports,Basketball,NBA,NBA REGULAR SEASON,,,,KovZ917AiMF,Xfinity Mobile Arena,Philadelphia,PA,39.9045510,-75.1736273,K8vZ9171oZ0,Philadelphia 76ers
2026-09-18,1AdZZ_8GkwE1fb2,Philadelphia 76ers vs. Portland Trail Blazers,2026-11-23,19:00:00,America/New_York,onsale,Sports,Basketball,NBA,NBA REGULAR SEASON,,,,KovZ917AiMF,Xfinity Mobile Arena,Philadelphia,PA,39.9045510,-75.1736273,K8vZ9171oZ0,Philadelphia 76ers
2026-09-18,1AdZZ_8GkwJhVor,Philadelphia 76ers vs. Oklahoma City Thunder,2027-01-06,19:30:00,America/New_York,onsale,Sports,Basketball,NBA,NBA REGULAR SEASON,,,,KovZ917AiMF,Xfinity Mobile Arena,Philadelphia,PA,39.9045510,-75.1736273,K8vZ9171oZ0,Philadelphia 76ers
2026-09-18,1AdZZ_8GkwJ_0ob,Philadelphia 76ers vs. Atlanta Hawks,2027-01-04,19:00:00,America/New_York,onsale,Sports,Basketball,NBA,NBA REGULAR SEASON,,,,KovZ917AiMF,Xfinity Mobile Arena,Philadelphia,PA,39.9045510,-75.1736273,K8vZ9171oZ0,Philadelphia 76ers
2026-09-18,1AdZZ_8GkwEu7bP,Philadelphia 76ers vs. Memphis Grizzlies,2026-12-01,19:00:00,America/New_York,onsale,Sports,Basketball,NBA,NBA REGULAR SEASON,,,,KovZ917AiMF,Xfinity Mobile Arena,Philadelphia,PA,39.9045510,-75.1736273,K8vZ9171oZ0,Philadelphia 76ers
2026-09-18,1AdZZ_8GkwJL031,Philadelphia 76ers vs. Washington Wizards,2027-01-12,20:00:00,America/New_York,onsale,Sports,Basketball,NBA,NBA REGULAR SEASON,,,,KovZ917AiMF,Xfinity Mobile Arena,Philadelphia,PA,39.9045510,-75.1736273,K8vZ9171oZ0,Philadelphia 76ers
2026-09-18,17GZv0G6CDmkrv6,Philadelphia Flyers vs. Chicago Blackhawks,2027-01-10,19:30:00,America/New_York,onsale,Sports,Hockey,NHL,NHL REGULAR SEASON,,,,KovZ917AiMF,Xfinity Mobile Arena,Philadelphia,PA,39.9045510,-75.1736273,K8vZ9171oy0,Philadelphia Flyers
2026-09-18,17GZv0G6CDmjm7Z,Philadelphia Flyers vs. Pittsburgh Penguins,2027-03-30,19:00:00,America/New_York,onsale,Sports,Hockey,NHL,NHL REGULAR SEASON,,,,KovZ917AiMF,Xfinity Mobile Arena,Philadelphia,PA,39.9045510,-75.1736273,K8vZ9171oy0,Philadelphia Flyers
2026-09-18,1AdZZ_8GkwJy04m,Philadelphia 76ers vs. Atlanta Hawks,2027-04-04,13:00:00,America/New_York,onsale,Sports,Basketball,NBA,NBA REGULAR SEASON,,,,KovZ917AiMF,Xfinity Mobile Arena,Philadelphia,PA,39.9045510,-75.1736273,K8vZ9171oZ0,Philadelphia 76ers
2026-09-18,1AdZZ_8GkwJY7fY,Philadelphia 76ers vs. Charlotte Hornets,2027-03-03,19:00:00,America/New_York,onsale,Sports,Basketball,NBA,NBA REGULAR SEASON,,,,KovZ917AiMF,Xfinity Mobile Arena,Philadelphia,PA,39.9045510,-75.1736273,K8vZ9171oZ0,Philadelphia 76ers
2026-09-18,1AdZZ_8GkwJBVpa,Philadelphia 76ers vs. Charlotte Hornets,2027-04-11,18:00:00,America/New_York,onsale,Sports,Basketball,NBA,NBA REGULAR SEASON,,,,KovZ917AiMF,Xfinity Mobile Arena,Philadelphia,PA,39.9045510,-75.1736273,K8vZ9171oZ0,Philadelphia 76ers
2026-09-18,17AOv0G6ClgBhPS,Pittsburgh Penguins vs. Montreal Canadiens (Home Opener),2026-10-03,19:00:00,America/New_York,onsale,Sports,Hockey,NHL,NHL REGULAR SEASON,,,,KovZpZA6taeA,PPG Paints Arena,Pittsburgh,PA,40.4388401,-79.9908551,K8vZ9171o8f,Pittsburgh Penguins
2026-09-18,1AdZZ_8GkwJJ0KE,Philadelphia 76ers vs. Sacramento Kings,2027-01-27,19:00:00,America/New_York,onsale,Sports,Basketball,NBA,NBA REGULAR SEASON,,,,KovZ917AiMF,Xfinity Mobile Arena,Philadelphia,PA,39.9045510,-75.1736273,K8vZ9171oZ0,Philadelphia 76ers
2026-09-18,1AdZZ_8GkwJNVKF,Philadelphia 76ers vs. Indiana Pacers,2027-01-19,19:00:00,America/New_York,onsale,Sports,Basketball,NBA,NBA REGULAR SEASON,,,,KovZ917AiMF,Xfinity Mobile Arena,Philadelphia,PA,39.9045510,-75.1736273,K8vZ9171oZ0,Philadelphia 76ers
2026-09-18,1AdZZ_8GkwJV74d,Philadelphia 76ers vs. Toronto Raptors,2027-03-15,19:00:00,America/New_York,onsale,Sports,Basketball,NBA,NBA REGULAR SEASON,,,,KovZ917AiMF,Xfinity Mobile Arena,Philadelphia,PA,39.9045510,-75.1736273,K8vZ9171oZ0,Philadelphia 76ers
2026-09-18,1AdZZ_8GkwJI7KR,Philadelphia 76ers vs. New Orleans Pelicans,2027-02-01,19:00:00,America/New_York,onsale,Sports,Basketball,NBA,NBA REGULAR SEASON,,,,KovZ917AiMF,Xfinity Mobile Arena,Philadelphia,PA,39.9045510,-75.1736273,K8vZ9171oZ0,Philadelphia 76ers
2026-09-18,17GZv0G6CDmnCAl,Philadelphia Flyers vs. Anaheim Ducks,2026-10-24,13:00:00,America/New_York,onsale,Sports,Hockey,NHL,NHL REGULAR SEASON,,,,KovZ917AiMF,Xfinity Mobile Arena,Philadelphia,PA,39.9045510,-75.1736273,K8vZ9171oy0,Philadelphia Flyers
2026-09-18,1AdZZ_8GkwJwVfW,Philadelphia 76ers vs. Utah Jazz,2027-03-08,19:00:00,America/New_York,onsale,Sports,Basketball,NBA,NBA REGULAR SEASON,,,,KovZ917AiMF,Xfinity Mobile Arena,Philadelphia,PA,39.9045510,-75.1736273,K8vZ9171oZ0,Philadelphia 76ers
2026-09-18,17AOv0G6Clgml0q,Pittsburgh Penguins vs. Tampa Bay Lightning,2026-12-15,19:00:00,America/New_York,onsale,Sports,Hockey,NHL,NHL REGULAR SEASON,,,,KovZpZA6taeA,PPG Paints Arena,Pittsburgh,PA,40.4388401,-79.9908551,K8vZ9171o8f,Pittsburgh Penguins
2026-09-18,17AOv0G6ClgUDP_,Pittsburgh Penguins vs. Tampa Bay Lightning,2027-02-02,19:00:00,America/New_York,onsale,Sports,Hockey,NHL,NHL REGULAR SEASON,,,,KovZpZA6taeA,PPG Paints Arena,Pittsburgh,PA,40.4388401,-79.9908551,K8vZ9171o8f,Pittsburgh Penguins
2026-09-18,1AdZZ_8GkwE7f9f,Philadelphia 76ers vs. Chicago Bulls,2026-11-02,19:30:00,America/New_York,onsale,Sports,Basketball,NBA,NBA REGULAR SEASON,,,,KovZ917AiMF,Xfinity Mobile Arena,Philadelphia,PA,39.9045510,-75.1736273,K8vZ9171oZ0,Philadelphia 76ers
2026-09-18,17AOv0G6ClgPlNK,Pittsburgh Penguins vs. Ottawa Senators,2026-11-14,19:00:00,America/New_York,onsale,Sports,Hockey,NHL,NHL REGULAR SEASON,,,,KovZpZA6taeA,PPG Paints Arena,Pittsburgh,PA,40.4388401,-79.9908551,K8vZ9171o8f,Pittsburgh Penguins
2026-09-18,1AdZZ_8GkwEv0pW,Philadelphia 76ers vs. Detroit Pistons,2026-10-25,19:30:00,America/New_York,onsale,Sports,Basketball,NBA,NBA REGULAR SEASON,,,,KovZ917AiMF,Xfinity Mobile Arena,Philadelphia,PA,39.9045510,-75.1736273,K8vZ9171oZ0,Philadelphia 76ers
2026-09-18,17AOv0G6ClglhNz,Pittsburgh Penguins vs. New Jersey Devils,2026-12-05,15:00:00,America/New_York,onsale,Sports,Hockey,NHL,NHL REGULAR SEASON,,,,KovZpZA6taeA,PPG Paints Arena,Pittsburgh,PA,40.4388401,-79.9908551,K8vZ9171o8f,Pittsburgh Penguins
2026-09-18,17AOv0G6ClgQDxF,Pittsburgh Penguins vs. Buffalo Sabres (Preseason),2026-09-21,19:00:00,America/New_York,onsale,Sports,Hockey,NHL,NHL REGULAR SEASON,,,,KovZpZA6taeA,PPG Paints Arena,Pittsburgh,PA,40.4388401,-79.9908551,K8vZ9171o8f,Pittsburgh Penguins
2026-09-18,17AOv0G6ClgODxn,Pittsburgh Penguins vs. Nashville Predators,2026-10-24,19:00:00,America/New_York,onsale,Sports,Hockey,NHL,NHL REGULAR SEASON,,,,KovZpZA6taeA,PPG Paints Arena,Pittsburgh,PA,40.4388401,-79.9908551,K8vZ9171o8f,Pittsburgh Penguins
2026-09-18,17AOv0G6ClgihNT,Pittsburgh Penguins vs. San Jose Sharks,2026-12-06,15:00:00,America/New_York,onsale,Sports,Hockey,NHL,NHL REGULAR SEASON,,,,KovZpZA6taeA,PPG Paints Arena,Pittsburgh,PA,40.4388401,-79.9908551,K8vZ9171o8f,Pittsburgh Penguins
2026-09-18,17AOv0G6Clgq5xp,Pittsburgh Penguins vs. Winnipeg Jets,2026-10-05,19:30:00,America/New_York,onsale,Sports,Hockey,NHL,NHL REGULAR SEASON,,,,KovZpZA6taeA,PPG Paints Arena,Pittsburgh,PA,40.4388401,-79.9908551,K8vZ9171o8f,Pittsburgh Penguins
2026-09-18,17GZv0G6CDmzX6f,Philadelphia Flyers vs. Detroit Red Wings,2026-12-18,19:00:00,America/New_York,onsale,Sports,Hockey,NHL,NHL REGULAR SEASON,,,,KovZ917AiMF,Xfinity Mobile Arena,Philadelphia,PA,39.9045510,-75.1736273,K8vZ9171oy0,Philadelphia Flyers
2026-09-18,17AOv0G6ClgglP8,Pittsburgh Penguins vs. Philadelphia Flyers,2027-01-31,12:00:00,America/New_York,onsale,Sports,Hockey,NHL,NHL REGULAR SEASON,,,,KovZpZA6taeA,PPG Paints Arena,Pittsburgh,PA,40.4388401,-79.9908551,K8vZ9171o8f,Pittsburgh Penguins
2026-09-18,17AOv0G6ClgEDNO,Pittsburgh Penguins vs. Calgary Flames,2026-11-25,19:00:00,America/New_York,onsale,Sports,Hockey,NHL,NHL REGULAR SEASON,,,,KovZpZA6taeA,PPG Paints Arena,Pittsburgh,PA,40.4388401,-79.9908551,K8vZ9171o8f,Pittsburgh Penguins
2026-09-18,17AOv0G6Clgj5x3,Pittsburgh Penguins vs. Detroit Red Wings (Preseason),2026-09-22,19:00:00,America/New_York,onsale,Sports,Hockey,NHL,NHL REGULAR SEASON,,,,KovZpZA6taeA,PPG Paints Arena,Pittsburgh,PA,40.4388401,-79.9908551,K8vZ9171o8f,Pittsburgh Penguins
2026-09-18,17AOv0G6ClgLlxE,Pittsburgh Penguins vs. Florida Panthers,2026-10-22,19:00:00,America/New_York,onsale,Sports,Hockey,NHL,NHL REGULAR SEASON,,,,KovZpZA6taeA,PPG Paints Arena,Pittsburgh,PA,40.4388401,-79.9908551,K8vZ9171o8f,Pittsburgh Penguins
2026-09-18,17GZv0G6CDm_Xdc,Philadelphia Flyers vs. Detroit Red Wings,2027-03-16,19:00:00,America/New_York,onsale,Sports,Hockey,NHL,NHL REGULAR SEASON,,,,KovZ917AiMF,Xfinity Mobile Arena,Philadelphia,PA,39.9045510,-75.1736273,K8vZ9171oy0,Philadelphia Flyers
2026-09-18,17AOv0G6ClgShPd,Pittsburgh Penguins vs. Minnesota Wild,2027-01-01,18:00:00,America/New_York,onsale,Sports,Hockey,NHL,NHL REGULAR SEASON,,,,KovZpZA6taeA,PPG Paints Arena,Pittsburgh,PA,40.4388401,-79.9908551,K8vZ9171o8f,Pittsburgh Penguins
2026-09-18,17AOv0G6ClgRD0N,Pittsburgh Penguins vs. Seattle Kraken,2026-12-18,19:00:00,America/New_York,onsale,Sports,Hockey,NHL,NHL REGULAR SEASON,,,,KovZpZA6taeA,PPG Paints Arena,Pittsburgh,PA,40.4388401,-79.9908551,K8vZ9171o8f,Pittsburgh Penguins
2026-09-18,17AOv0G6Clgy5Pt,Pittsburgh Penguins vs. Philadelphia Flyers,2027-04-03,20:00:00,America/New_York,onsale,Sports,Hockey,NHL,NHL REGULAR SEASON,,,,KovZpZA6taeA,PPG Paints Arena,Pittsburgh,PA,40.4388401,-79.9908551,K8vZ9171o8f,Pittsburgh Penguins
2026-09-18,17AOv0G6Clga5Or,Pittsburgh Penguins vs. Edmonton Oilers,2027-01-03,15:00:00,America/New_York,onsale,Sports,Hockey,NHL,NHL REGULAR SEASON,,,,KovZpZA6taeA,PPG Paints Arena,Pittsburgh,PA,40.4388401,-79.9908551,K8vZ9171o8f,Pittsburgh Penguins
2026-09-18,17AOv0G6ClgN5Nd,Pittsburgh Penguins vs. Vegas Golden Knights,2026-11-03,19:00:00,America/New_York,onsale,Sports,Hockey,NHL,NHL REGULAR SEASON,,,,KovZpZA6taeA,PPG Paints Arena,Pittsburgh,PA,40.4388401,-79.9908551,K8vZ9171o8f,Pittsburgh Penguins
2026-09-18,17AOv0G6Clgph-M,Pittsburgh Penguins vs. New Jersey Devils,2027-03-25,19:00:00,America/New_York,onsale,Sports,Hockey,NHL,NHL REGULAR SEASON,,,,KovZpZA6taeA,PPG Paints Arena,Pittsburgh,PA,40.4388401,-79.9908551,K8vZ9171o8f,Pittsburgh Penguins
2026-09-18,17AOv0G6Clgw50V,Pittsburgh Penguins vs. Carolina Hurricanes,2026-12-29,19:00:00,America/New_York,onsale,Sports,Hockey,NHL,NHL REGULAR SEASON,,,,KovZpZA6taeA,PPG Paints Arena,Pittsburgh,PA,40.4388401,-79.9908551,K8vZ9171o8f,Pittsburgh Penguins
2026-09-18,17AOv0G6Clgx5xy,Pittsburgh Penguins vs. Utah Mammoth,2026-10-29,19:00:00,America/New_York,onsale,Sports,Hockey,NHL,NHL REGULAR SEASON,,,,KovZpZA6taeA,PPG Paints Arena,Pittsburgh,PA,40.4388401,-79.9908551,K8vZ9171o8f,Pittsburgh Penguins
2026-09-18,17AOv0G6Clgch0u,Pittsburgh Penguins vs. Chicago Blackhawks,2026-12-08,19:30:00,America/New_York,onsale,Sports,Hockey,NHL,NHL REGULAR SEASON,,,,KovZpZA6taeA,PPG Paints Arena,Pittsburgh,PA,40.4388401,-79.9908551,K8vZ9171o8f,Pittsburgh Penguins
2026-09-18,17AOv0G6ClgYD0l,Pittsburgh Penguins vs. Buffalo Sabres,2026-12-22,19:00:00,America/New_York,onsale,Sports,Hockey,NHL,NHL REGULAR SEASON,,,,KovZpZA6taeA,PPG Paints Arena,Pittsburgh,PA,40.4388401,-79.9908551,K8vZ9171o8f,Pittsburgh Penguins
2026-09-18,17AOv0G6ClgC5-e,Pittsburgh Penguins vs. Vancouver Canucks,2027-01-23,19:00:00,America/New_York,onsale,Sports,Hockey,NHL,NHL REGULAR SEASON,,,,KovZpZA6taeA,PPG Paints Arena,Pittsburgh,PA,40.4388401,-79.9908551,K8vZ9171o8f,Pittsburgh Penguins
2026-09-18,Z7r9jZ1A7JbbM,Pittsburgh Pirates vs. New York Yankees,2027-04-05,,,offsale,Sports,Baseball,MLB,,,,,ZFr9jZdvae,PNC Park,Pittsburgh,PA,40.4558980,-80.0662990,K8vZ9171oAV,Pittsburgh Pirates
2026-09-18,Z7r9jZ1A7Jbbz,Pittsburgh Pirates vs. New York Yankees,2027-04-06,,,offsale,Sports,Baseball,MLB,,,,,ZFr9jZdvae,PNC Park,Pittsburgh,PA,40.4558980,-80.0662990,K8vZ9171oAV,Pittsburgh Pirates
2026-09-18,Z7r9jZ1A7Jbby,Pittsburgh Pirates vs. New York Yankees,2027-04-07,,,offsale,Sports,Baseball,MLB,,,,,ZFr9jZdvae,PNC Park,Pittsburgh,PA,40.4558980,-80.0662990,K8vZ9171oAV,Pittsburgh Pirates
2026-09-18,1AdZZ_8GkwEKV_9,Philadelphia 76ers vs. Houston Rockets,2026-12-23,19:30:00,America/New_York,onsale,Sports,Basketball,NBA,NBA REGULAR SEASON,,,,KovZ917AiMF,Xfinity Mobile Arena,Philadelphia,PA,39.9045510,-75.1736273,K8vZ9171oZ0,Philadelphia 76ers
2026-09-18,17AOv0G6Clg45-s,Pittsburgh Penguins vs. Detroit Red Wings,2027-03-14,14:00:00,America/New_York,onsale,Sports,Hockey,NHL,NHL REGULAR SEASON,,,,KovZpZA6taeA,PPG Paints Arena,Pittsburgh,PA,40.4388401,-79.9908551,K8vZ9171o8f,Pittsburgh Penguins
2026-09-18,17AOv0G6ClgDlPz,Pittsburgh Penguins vs. Los Angeles Kings,2026-12-17,19:00:00,America/New_York,onsale,Sports,Hockey,NHL,NHL REGULAR SEASON,,,,KovZpZA6taeA,PPG Paints Arena,Pittsburgh,PA,40.4388401,-79.9908551,K8vZ9171o8f,Pittsburgh Penguins
2026-09-18,17AOv0G6ClgJDNq,Pittsburgh Penguins vs. St. Louis Blues,2026-11-19,19:00:00,America/New_York,onsale,Sports,Hockey,NHL,NHL REGULAR SEASON,,,,KovZpZA6taeA,PPG Paints Arena,Pittsburgh,PA,40.4388401,-79.9908551,K8vZ9171o8f,Pittsburgh Penguins
2026-09-18,17AOv0G6Clg1lOn,Pittsburgh Penguins vs. Colorado Avalanche,2027-01-12,19:00:00,America/New_York,onsale,Sports,Hockey,NHL,NHL REGULAR SEASON,,,,KovZpZA6taeA,PPG Paints Arena,Pittsburgh,PA,40.4388401,-79.9908551,K8vZ9171o8f,Pittsburgh Penguins
2026-09-18,17AOv0G6Clgn5NS,Pittsburgh Penguins vs. Columbus Blue Jackets,2026-11-30,19:00:00,America/New_York,onsale,Sports,Hockey,NHL,NHL REGULAR SEASON,,,,KovZpZA6taeA,PPG Paints Arena,Pittsburgh,PA,40.4388401,-79.9908551,K8vZ9171o8f,Pittsburgh Penguins
2026-09-18,17AOv0G6Clg9h-W,Pittsburgh Penguins vs. Carolina Hurricanes,2027-03-27,19:00:00,America/New_York,onsale,Sports,Hockey,NHL,NHL REGULAR SEASON,,,,KovZpZA6taeA,PPG Paints Arena,Pittsburgh,PA,40.4388401,-79.9908551,K8vZ9171o8f,Pittsburgh Penguins
2026-09-18,17AOv0G6Clgu5OW,Pittsburgh Penguins vs. Anaheim Ducks,2027-01-21,19:00:00,America/New_York,onsale,Sports,Hockey,NHL,NHL REGULAR SEASON,,,,KovZpZA6taeA,PPG Paints Arena,Pittsburgh,PA,40.4388401,-79.9908551,K8vZ9171o8f,Pittsburgh Penguins
2026-09-18,17AOv0G6Clgol-O,Pittsburgh Penguins vs. Ottawa Senators,2027-03-09,19:00:00,America/New_York,onsale,Sports,Hockey,NHL,NHL REGULAR SEASON,,,,KovZpZA6taeA,PPG Paints Arena,Pittsburgh,PA,40.4388401,-79.9908551,K8vZ9171o8f,Pittsburgh Penguins
2026-09-18,17AOv0G6Clgz5PO,Pittsburgh Penguins vs. Columbus Blue Jackets,2027-03-22,19:00:00,America/New_York,onsale,Sports,Hockey,NHL,NHL REGULAR SEASON,,,,KovZpZA6taeA,PPG Paints Arena,Pittsburgh,PA,40.4388401,-79.9908551,K8vZ9171o8f,Pittsburgh Penguins
2026-09-18,17AOv0G61L1nqWd,Pittsburgh Penguins Season Ticket Interest Form,2026-09-20,19:00:00,America/New_York,onsale,Sports,Hockey,NHL,PROMOTED BY VENUE,,,,KovZpZA6taeA,PPG Paints Arena,Pittsburgh,PA,40.4388401,-79.9908551,K8vZ9171o8f,Pittsburgh Penguins
2026-09-18,1AdZZ_8GkwJg04G,Philadelphia 76ers vs. Chicago Bulls,2027-03-17,19:00:00,America/New_York,onsale,Sports,Basketball,NBA,NBA REGULAR SEASON,,,,KovZ917AiMF,Xfinity Mobile Arena,Philadelphia,PA,39.9045510,-75.1736273,K8vZ9171oZ0,Philadelphia 76ers
2026-09-18,17GZv0G6CDm-m7i,Preseason: Washington Capitals v Philadelphia Flyers,2026-09-26,17:00:00,America/New_York,onsale,Sports,Hockey,NHL,NHL EXHIBITION & PRESEASON,,,,KovZ917AiMF,Xfinity Mobile Arena,Philadelphia,PA,39.9045510,-75.1736273,K8vZ9171oy0,Philadelphia Flyers
2026-09-18,1AdZZ_8GkwJtfKD,Philadelphia 76ers vs. Detroit Pistons,2027-02-05,19:00:00,America/New_York,onsale,Sports,Basketball,NBA,NBA REGULAR SEASON,,,,KovZ917AiMF,Xfinity Mobile Arena,Philadelphia,PA,39.9045510,-75.1736273,K8vZ9171oZ0,Philadelphia 76ers
2026-09-18,17GZv0G6CDmLC79,Philadelphia Flyers vs. Washington Capitals,2027-04-10,12:00:00,America/New_York,onsale,Sports,Hockey,NHL,NHL REGULAR SEASON,,,,KovZ917AiMF,Xfinity Mobile Arena,Philadelphia,PA,39.9045510,-75.1736273,K8vZ9171oy0,Philadelphia Flyers
2026-09-18,1AdZZ_8GkwJP7K9,Philadelphia 76ers vs. LA Clippers,2027-01-25,19:00:00,America/New_York,onsale,Sports,Basketball,NBA,NBA REGULAR SEASON,,,,KovZ917AiMF,Xfinity Mobile Arena,Philadelphia,PA,39.9045510,-75.1736273,K8vZ9171oZ0,Philadelphia 76ers
2026-09-18,17GZv0G6CDmqX75,Philadelphia Flyers vs. Washington Capitals,2027-04-01,19:00:00,America/New_York,onsale,Sports,Hockey,NHL,NHL REGULAR SEASON,,,,KovZ917AiMF,Xfinity Mobile Arena,Philadelphia,PA,39.9045510,-75.1736273,K8vZ9171oy0,Philadelphia Flyers
2026-09-18,17GZv0G6CDmMm68,Philadelphia Flyers vs. New York Rangers,2026-12-16,19:30:00,America/New_York,onsale,Sports,Hockey,NHL,NHL REGULAR SEASON,,,,KovZ917AiMF,Xfinity Mobile Arena,Philadelphia,PA,39.9045510,-75.1736273,K8vZ9171oy0,Philadelphia Flyers
2026-09-18,17GZv0G6CDmoreO,Philadelphia Flyers vs. New York Rangers,2027-02-20,12:00:00,America/New_York,onsale,Sports,Hockey,NHL,NHL REGULAR SEASON,,,,KovZ917AiMF,Xfinity Mobile Arena,Philadelphia,PA,39.9045510,-75.1736273,K8vZ9171oy0,Philadelphia Flyers
2026-09-18,17AOv0G6Clgt5Nn,Pittsburgh Penguins vs. Toronto Maple Leafs,2026-11-28,19:00:00,America/New_York,onsale,Sports,Hockey,NHL,NHL REGULAR SEASON,,,,KovZpZA6taeA,PPG Paints Arena,Pittsburgh,PA,40.4388401,-79.9908551,K8vZ9171o8f,Pittsburgh Penguins
2026-09-18,17AOv0G6ClgKD-c,Pittsburgh Penguins vs. Washington Capitals,2027-03-13,15:00:00,America/New_York,onsale,Sports,Hockey,NHL,NHL REGULAR SEASON,,,,KovZpZA6taeA,PPG Paints Arena,Pittsburgh,PA,40.4388401,-79.9908551,K8vZ9171o8f,Pittsburgh Penguins
2026-09-18,17AOv0G6Clg5DOY,Pittsburgh Penguins vs. Washington Capitals,2027-01-18,16:00:00,America/New_York,onsale,Sports,Hockey,NHL,NHL REGULAR SEASON,,,,KovZpZA6taeA,PPG Paints Arena,Pittsburgh,PA,40.4388401,-79.9908551,K8vZ9171o8f,Pittsburgh Penguins
2026-09-18,17AOv0G6Clg2h-A,Pittsburgh Penguins vs. Toronto Maple Leafs,2027-02-25,19:00:00,America/New_York,onsale,Sports,Hockey,NHL,NHL REGULAR SEASON,,,,KovZpZA6taeA,PPG Paints Arena,Pittsburgh,PA,40.4388401,-79.9908551,K8vZ9171o8f,Pittsburgh Penguins
2026-09-18,17GZv0G6CDm7XZB,Philadelphia Flyers vs. Toronto Maple Leafs,2027-01-07,19:00:00,America/New_York,onsale,Sports,Hockey,NHL,NHL REGULAR SEASON,,,,KovZ917AiMF,Xfinity Mobile Arena,Philadelphia,PA,39.9045510,-75.1736273,K8vZ9171oy0,Philadelphia Flyers
2026-09-18,17AOv0G6Clg8l-2,Pittsburgh Penguins vs. New York Rangers,2027-02-28,13:00:00,America/New_York,onsale,Sports,Hockey,NHL,NHL REGULAR SEASON,,,,KovZpZA6taeA,PPG Paints Arena,Pittsburgh,PA,40.4388401,-79.9908551,K8vZ9171o8f,Pittsburgh Penguins
2026-09-18,17AOv0G6ClgVhPG,Pittsburgh Penguins vs. New York Rangers,2027-01-29,19:00:00,America/New_York,onsale,Sports,Hockey,NHL,NHL REGULAR SEASON,,,,KovZpZA6taeA,PPG Paints Arena,Pittsburgh,PA,40.4388401,-79.9908551,K8vZ9171o8f,Pittsburgh Penguins
2026-09-18,17GZv0G6CDm9rdp,Philadelphia Flyers vs. Dallas Stars,2027-03-05,19:00:00,America/New_York,onsale,Sports,Hockey,NHL,NHL REGULAR SEASON,,,,KovZ917AiMF,Xfinity Mobile Arena,Philadelphia,PA,39.9045510,-75.1736273,K8vZ9171oy0,Philadelphia Flyers
2026-09-18,17AOv0G6Clgrhx_,Pittsburgh Penguins vs. Dallas Stars,2026-10-10,19:00:00,America/New_York,onsale,Sports,Hockey,NHL,NHL REGULAR SEASON,,,,KovZpZA6taeA,PPG Paints Arena,Pittsburgh,PA,40.4388401,-79.9908551,K8vZ9171o8f,Pittsburgh Penguins
2026-09-18,1AdZZ_8GkwECfbS,Philadelphia 76ers vs. Denver Nuggets,2026-12-02,19:00:00,America/New_York,onsale,Sports,Basketball,NBA,NBA REGULAR SEASON,,,,KovZ917AiMF,Xfinity Mobile Arena,Philadelphia,PA,39.9045510,-75.1736273,K8vZ9171oZ0,Philadelphia 76ers
2026-09-18,vvG1FZ_u1rNiqw,NHL Preseason - Washington Capitals Vs. Philadelphia Flyers,2026-09-21,19:00:00,America/New_York,onsale,Sports,Hockey,NHL,PROMOTED BY VENUE,,,,KovZpZAdE6dA,GIANT Center,Hershey,PA,40.2857170,-76.6758748,K8vZ9171o8V,Washington Capitals
2026-09-18,17GZv0G6CDmwrkt,Philadelphia Flyers vs. New York Islanders,2026-11-28,19:30:00,America/New_York,onsale,Sports,Hockey,NHL,NHL REGULAR SEASON,,,,KovZ917AiMF,Xfinity Mobile Arena,Philadelphia,PA,39.9045510,-75.1736273,K8vZ9171oy0,Philadelphia Flyers
2026-09-18,17GZv0G6CDmSmkS,Philadelphia Flyers vs. New York Islanders,2026-12-03,19:00:00,America/New_York,onsale,Sports,Hockey,NHL,NHL REGULAR SEASON,,,,KovZ917AiMF,Xfinity Mobile Arena,Philadelphia,PA,39.9045510,-75.1736273,K8vZ9171oy0,Philadelphia Flyers
2026-09-18,17AOv0G6Clg_Dx7,Pittsburgh Penguins vs. New York Islanders,2027-04-01,19:00:00,America/New_York,onsale,Sports,Hockey,NHL,NHL REGULAR SEASON,,,,KovZpZA6taeA,PPG Paints Arena,Pittsburgh,PA,40.4388401,-79.9908551,K8vZ9171o8f,Pittsburgh Penguins
2026-09-18,17AOv0G6Clgblxe,Pittsburgh Penguins vs. New York Islanders,2027-01-26,19:00:00,America/New_York,onsale,Sports,Hockey,NHL,NHL REGULAR SEASON,,,,KovZpZA6taeA,PPG Paints Arena,Pittsburgh,PA,40.4388401,-79.9908551,K8vZ9171o8f,Pittsburgh Penguins
2026-09-18,Z7r9jZ1A7JbeK,Philadelphia Phillies vs. Los Angeles Dodgers,2027-04-20,,,offsale,Sports,Baseball,MLB,,,,,ZFr9jZ7edk,Citizens Bank Park,Philadelphia,PA,39.9109990,-75.1533970,K8vZ91718B0,Philadelphia Phillies
2026-09-18,Z7r9jZ1A7Jbef,Philadelphia Phillies vs. Los Angeles Dodgers,2027-04-21,,,offsale,Sports,Baseball,MLB,,,,,ZFr9jZ7edk,Citizens Bank Park,Philadelphia,PA,39.9109990,-75.1533970,K8vZ91718B0,Philadelphia Phillies
2026-09-18,Z7r9jZ1A7Jbe4,Philadelphia Phillies vs. Los Angeles Dodgers,2027-04-22,,,offsale,Sports,Baseball,MLB,,,,,ZFr9jZ7edk,Citizens Bank Park,Philadelphia,PA,39.9109990,-75.1533970,K8vZ91718B0,Philadelphia Phillies
2026-09-18,Z7r9jZ1A7Jb_U,Pittsburgh Pirates vs. Los Angeles Dodgers,2027-07-06,,,offsale,Sports,Baseball,MLB,,,,,ZFr9jZdvae,PNC Park,Pittsburgh,PA,40.4558980,-80.0662990,K8vZ9171oAV,Pittsburgh Pirates
2026-09-18,Z7r9jZ1A7Jb_M,Pittsburgh Pirates vs. Los Angeles Dodgers,2027-07-07,,,offsale,Sports,Baseball,MLB,,,,,ZFr9jZdvae,PNC Park,Pittsburgh,PA,40.4558980,-80.0662990,K8vZ9171oAV,Pittsburgh Pirates
2026-09-18,Z7r9jZ1A7Jb_z,Pittsburgh Pirates vs. Los Angeles Dodgers,2027-07-08,,,offsale,Sports,Baseball,MLB,,,,,ZFr9jZdvae,PNC Park,Pittsburgh,PA,40.4558980,-80.0662990,K8vZ9171oAV,Pittsburgh Pirates
2026-09-18,Z7r9jZ1A7P380,Lady A - Ages 21+,2026-12-18,20:00:00,,onsale,Music,Country,Country Folk,,,,,Z7r9jZadD1,Xcite Center,Bensalem,PA,40.1068000,-74.9378970,K8vZ917GFIf,Lady A
2026-09-18,Z7r9jZ1A7r80g,Philadelphia Union vs. Orlando City SC,2026-09-26,19:30:00,,onsale,Sports,Soccer,MLS,,,,,ZFr9jZF6F7,Subaru Park,Chester,PA,39.8462980,-75.3740010,K8vZ917G-z0,Philadelphia Union
2026-09-18,vv1AeZkGsGkdcEk7P,Ed Sheeran: LOOP Tour,2026-09-19,17:30:00,America/New_York,onsale,Music,Pop,Electro Pop,THE MESSINA GROUP (TMG),,,,KovZpa2yme,Lincoln Financial Field,Philadelphia,PA,39.9007060,-75.1674060,K8vZ917CAQV,Ed Sheeran
2026-09-18,vv17FZ_8GklpK2ll,Luke Combs - My Kinda Saturday Night Tour 2027,2027-04-24,17:20:00,America/New_York,onsale,Music,Country,Country,AEG LIVE,,,,KovZpa2yme,Lincoln Financial Field,Philadelphia,PA,39.9007060,-75.1674060,K8vZ917KVr7,Luke Combs
2026-09-18,1AdZZ_8GkBPbARL,Trans-Siberian Orchestra - The Ghosts Of Christmas Eve,2026-12-20,15:00:00,America/New_York,onsale,Music,Rock,Pop,LIVE NATION MUSIC,,,,KovZ917AiMF,Xfinity Mobile Arena,Philadelphia,PA,39.9045510,-75.1736273,K8vZ9171L10,Trans-Siberian Orchestra
2026-09-18,1AdZZ_8GkBPMgVp,Trans-Siberian Orchestra - The Ghosts Of Christmas Eve,2026-12-20,19:30:00,America/New_York,onsale,Music,Rock,Pop,LIVE NATION MUSIC,,,,KovZ917AiMF,Xfinity Mobile Arena,Philadelphia,PA,39.9045510,-75.1736273,K8vZ9171L10,Trans-Siberian Orchestra
2026-09-18,17AOv0G6uky4i7Y,Rod Wave: Don't Look Down Tour,2026-10-23,20:00:00,America/New_York,onsale,Music,Hip-Hop/Rap,Trap,LIVE NATION MUSIC,,,,KovZpZA6taeA,PPG Paints Arena,Pittsburgh,PA,40.4388401,-79.9908551,K8vZ917b8z7,Rod Wave
2026-09-18,1ApZkfdGkeJ_JI6,Trans-Siberian Orchestra - The Ghosts Of Christmas Eve,2026-12-19,14:30:00,America/New_York,onsale,Music,Rock,Pop,LIVE NATION MUSIC,,,,KovZpZA6taeA,PPG Paints Arena,Pittsburgh,PA,40.4388401,-79.9908551,K8vZ9171L10,Trans-Siberian Orchestra
2026-09-18,1ApZkfdGkeEJpRS,Trans-Siberian Orchestra - The Ghosts Of Christmas Eve,2026-12-19,19:30:00,America/New_York,onsale,Music,Rock,Pop,LIVE NATION MUSIC,,,,KovZpZA6taeA,PPG Paints Arena,Pittsburgh,PA,40.4388401,-79.9908551,K8vZ9171L10,Trans-Siberian Orchestra
2026-09-18,vv17FZ_kGkyU2g-z,Lil Wayne 20 Years of Carter Classics,2026-09-18,20:00:00,America/New_York,onsale,Music,Hip-Hop/Rap,Trap,LIVE NATION MUSIC,,,,KovZpaoUze,Bryce Jordan Center,University Park,PA,40.8086435,-77.8558448,K8vZ917GemV,Lil Wayne
2026-09-18,1AvbZ_8GkD1oiqd,Luke Combs - My Kinda Saturday Night Tour 2027,2027-05-08,17:20:00,America/New_York,onsale,Music,Country,Country,AEG - TICKETING,,,,KovZpZAFa6nA,Acrisure Stadium,Pittsburgh,PA,40.4460930,-80.0158840,K8vZ917KVr7,Luke Combs
2026-09-18,vv16eZkuPoYZAG55av,"""Weird Al"" Yankovic: Bigger & Weirder 2026 Tour",2026-10-11,19:30:00,America/New_York,onsale,Arts & Theatre,Comedy,Comedy,LIVE NATION MUSIC,,,,KovZpaoUze,Bryce Jordan Center,University Park,PA,40.8086435,-77.8558448,K8vZ9171ux0,Weird Al Yankovic
2026-09-18,vvG1FZ_1udEDTR,"MercyMe, Jeremy Camp, Tim Timmons, Sam Wesley",2026-10-24,19:00:00,America/New_York,onsale,Music,Rock,Pop,PROMOTED BY VENUE,,,,KovZpaoUze,Bryce Jordan Center,University Park,PA,40.8086435,-77.8558448,K8vZ9175_R0,MercyMe
2026-09-18,vvG1FZ_55aAnmw,JOHN SUMMIT - CTRL ESCAPE ARENA TOUR,2026-10-30,19:00:00,America/New_York,onsale,Music,Dance/Electronic,Amapiano,LIVE NATION MUSIC,,,,KovZpaoUze,Bryce Jordan Center,University Park,PA,40.8086435,-77.8558448,K8vZ917_pO7,John Summit
2026-09-18,1AdZZ_aGkMZLMMg,Olivia Rodrigo: The Unraveled Tour,2026-11-07,19:00:00,America/New_York,onsale,Music,Pop,Electro Pop,LIVE NATION MUSIC,,,,KovZ917AiMF,Xfinity Mobile Arena,Philadelphia,PA,39.9045510,-75.1736273,K8vZ917_Su0,Olivia Rodrigo
2026-09-18,1AdZZ_FGkM5WPjT,Teddy Swims: The UGLY Tour,2026-10-10,19:00:00,America/New_York,onsale,Music,Pop,Electro Pop,AEG LIVE,,,,KovZ917AiMF,Xfinity Mobile Arena,Philadelphia,PA,39.9045510,-75.1736273,K8vZ917bnP0,Teddy Swims
2026-09-18,vv17FZ_8GkUnFdCY,Alabama Live In Concert,2026-10-09,19:00:00,America/New_York,onsale,Music,Country,Country,OUTBACK CONCERTS,,,,KovZpaoUze,Bryce Jordan Center,University Park,PA,40.8086435,-77.8558448,K8vZ9171FG0,Alabama
2026-09-18,vv1AeZkfIGkdubjP8,Kenny Chesney: The Original Vibe Room Tour with Eric Church,2027-06-12,16:30:00,America/New_York,offsale,Music,Country,Country,THE MESSINA GROUP (TMG),,,,KovZpa2yme,Lincoln Financial Field,Philadelphia,PA,39.9007060,-75.1674060,K8vZ9171f30,Kenny Chesney
2026-09-18,1AvbZ_aGkM9w2rv,Olivia Rodrigo: The Unraveled Tour,2026-09-29,19:00:00,America/New_York,onsale,Music,Pop,Electro Pop,LIVE NATION MUSIC,,,,KovZpZA6taeA,PPG Paints Arena,Pittsburgh,PA,40.4388401,-79.9908551,K8vZ917_Su0,Olivia Rodrigo
2026-09-18,1AdZZ_aGkMZOEMy,Olivia Rodrigo: The Unraveled Tour,2026-11-08,19:00:00,America/New_York,onsale,Music,Pop,Electro Pop,LIVE NATION MUSIC,,,,KovZ917AiMF,Xfinity Mobile Arena,Philadelphia,PA,39.9045510,-75.1736273,K8vZ917_Su0,Olivia Rodrigo
2026-09-18,1ApZkfdGkdrCD8B,Pentatonix: Christmas in the City Tour ,2026-11-21,19:00:00,America/New_York,onsale,Music,Rock,Pop,LIVE NATION MUSIC,,,,KovZpZA6taeA,PPG Paints Arena,Pittsburgh,PA,40.4388401,-79.9908551,K8vZ9172Wtf,Pentatonix
2026-09-18,1AYZk8yGkdwg9ej,"ANDREA BOCELLI ""Romanza - 30th Anniversary World Tour""",2026-12-22,20:00:00,America/New_York,onsale,Music,Classical,Classical/Vocal,AEG LIVE,,,,KovZ917AiMF,Xfinity Mobile Arena,Philadelphia,PA,39.9045510,-75.1736273,K8vZ9171bQ0,Andrea Bocelli
2026-09-18,vv1AOv0jVGA55LFv,John Mulaney: Mister Whatever,2026-10-22,19:30:00,America/New_York,onsale,Arts & Theatre,Comedy,Comedy,PROMOTED BY VENUE,,,,KovZpaoUze,Bryce Jordan Center,University Park,PA,40.8086435,-77.8558448,K8vZ917CjDV,John Mulaney
2026-09-18,vv17FZbgGkXzXB8X,AC/DC - POWER UP TOUR 2026 ,2026-09-29,19:00:00,America/New_York,onsale,Music,Metal,Nu-Metal,LIVE NATION MUSIC,,,,KovZpa2yme,Lincoln Financial Field,Philadelphia,PA,39.9007060,-75.1674060,K8vZ91715hf,AC/DC
2026-09-18,1AvbZ_aGkM9wRr7,Olivia Rodrigo: The Unraveled Tour,2026-09-30,19:00:00,America/New_York,onsale,Music,Pop,Electro Pop,LIVE NATION MUSIC,,,,KovZpZA6taeA,PPG Paints Arena,Pittsburgh,PA,40.4388401,-79.9908551,K8vZ917_Su0,Olivia Rodrigo
2026-09-18,17GZv0G65pRu4zD,Gracie Abrams: The Look at My Life Tour presented by Capital One,2027-03-12,20:00:00,America/New_York,onsale,Music,Pop,Pop,LIVE NATION MUSIC,,,,KovZ917AiMF,Xfinity Mobile Arena,Philadelphia,PA,39.9045510,-75.1736273,K8vZ917_vc7,Gracie Abrams
2026-09-18,17GZv0G65pRugzW,Gracie Abrams: The Look at My Life Tour presented by Capital One,2027-03-13,20:00:00,America/New_York,onsale,Music,Pop,Pop,LIVE NATION MUSIC,,,,KovZ917AiMF,Xfinity Mobile Arena,Philadelphia,PA,39.9045510,-75.1736273,K8vZ917_vc7,Gracie Abrams
2026-09-18,vv1AOvPkFGAu5bFb,Trans-Siberian Orchestra - The Ghosts Of Christmas Eve,2026-12-18,15:00:00,America/New_York,onsale,Music,Rock,Pop,LIVE NATION MUSIC,,,,KovZpZAdE6dA,GIANT Center,Hershey,PA,40.2857170,-76.6758748,K8vZ9171L10,Trans-Siberian Orchestra
2026-09-18,vv1AOvPkFGAuNFuO,Trans-Siberian Orchestra - The Ghosts Of Christmas Eve,2026-12-18,19:30:00,America/New_York,onsale,Music,Rock,Pop,LIVE NATION MUSIC,,,,KovZpZAdE6dA,GIANT Center,Hershey,PA,40.2857170,-76.6758748,K8vZ9171L10,Trans-Siberian Orchestra
2026-09-18,1AYZkowGkezNfpR,WEEZER: The Gathering,2026-09-29,19:00:00,America/New_York,onsale,Music,Rock,Alternative Rock,LIVE NATION MUSIC,,,,KovZ917AiMF,Xfinity Mobile Arena,Philadelphia,PA,39.9045510,-75.1736273,K8vZ91713gf,Weezer
2026-09-18,vv1AeZkfNGkeNU5FN,Hot Wheels Monster Trucks Live Color Bash,2027-04-03,12:00:00,America/New_York,onsale,Sports,Motorsports/Racing,Motorsports/Racing,PROMOTED BY VENUE,,,,KovZpaoUze,Bryce Jordan Center,University Park,PA,40.8086435,-77.8558448,K8vZ917-bkV,Hot Wheels Monster Trucks Live Color Bash
2026-09-18,vv1AeZkfNGkeNMDaa,Hot Wheels Monster Trucks Live Color Bash,2027-04-03,19:00:00,America/New_York,onsale,Sports,Motorsports/Racing,Motorsports/Racing,PROMOTED BY VENUE,,,,KovZpaoUze,Bryce Jordan Center,University Park,PA,40.8086435,-77.8558448,K8vZ917-bkV,Hot Wheels Monster Trucks Live Color Bash
2026-09-18,vv1AeZkfNGkeNylar,Hot Wheels Monster Trucks Live Color Bash,2027-04-04,14:00:00,America/New_York,onsale,Sports,Motorsports/Racing,Motorsports/Racing,PROMOTED BY VENUE,,,,KovZpaoUze,Bryce Jordan Center,University Park,PA,40.8086435,-77.8558448,K8vZ917-bkV,Hot Wheels Monster Trucks Live Color Bash
2026-09-18,1ApZk8VGkdk8zer,"ANDREA BOCELLI ""Romanza - 30th Anniversary World Tour""",2026-12-21,20:00:00,America/New_York,onsale,Music,Classical,Classical/Vocal,AEG LIVE,,,,KovZpZA6taeA,PPG Paints Arena,Pittsburgh,PA,40.4388401,-79.9908551,K8vZ9171bQ0,Andrea Bocelli
2026-09-18,1AdZZ_8GkMklPEi,Jonas Brothers: The Burning Up Tour All Over Again,2026-10-02,19:30:00,America/New_York,onsale,Music,Pop,Electro Pop,LIVE NATION MUSIC,,,,KovZ917AiMF,Xfinity Mobile Arena,Philadelphia,PA,39.9045510,-75.1736273,K8vZ9175T17,Jonas Brothers
2026-09-18,17GZv0G62Dv8E6s,Trans-Siberian Orchestra - The Ghosts Of Christmas Eve,2026-12-09,19:30:00,America/New_York,onsale,Music,Rock,Pop,LIVE NATION MUSIC,,,,KovZ917ARFJ,PPL Center,Allentown,PA,40.6022099,-75.4716700,K8vZ9171L10,Trans-Siberian Orchestra
2026-09-18,1ApZkfxGkdbuj3L,Kenny Chesney: The Original Vibe Room Tour with Eric Church,2027-05-29,16:30:00,America/New_York,offsale,Music,Country,Country,THE MESSINA GROUP (TMG),,,,KovZpZAFa6nA,Acrisure Stadium,Pittsburgh,PA,40.4460930,-80.0158840,K8vZ9171f30,Kenny Chesney
2026-09-18,1AdZZbSGkldzVUa,Doja Cat - Tour Ma Vie World Tour,2026-11-29,19:30:00,America/New_York,onsale,Music,Hip-Hop/Rap,Trap,LIVE NATION MUSIC,,,,KovZ917AiMF,Xfinity Mobile Arena,Philadelphia,PA,39.9045510,-75.1736273,K8vZ9173TJf,Doja Cat
2026-09-18,17GZv0G61p0-pPK,JOURNEY - Final Frontier Tour (An Evening With),2026-10-28,19:30:00,America/New_York,onsale,Music,Rock,Pop,AEG LIVE,,,,KovZ917AiMF,Xfinity Mobile Arena,Philadelphia,PA,39.9045510,-75.1736273,K8vZ91712F0,Journey
2026-09-18,vv17FZ_8GkU2VDcC,Trans-Siberian Orchestra - The Ghosts Of Christmas Eve,2026-11-24,19:30:00,America/New_York,onsale,Music,Rock,Pop,PROMOTED BY VENUE,,,,KovZpaoMee,Mohegan Arena at Casey Plaza,Wilkes Barre,PA,41.2402205,-75.8485956,K8vZ9171L10,Trans-Siberian Orchestra
2026-09-18,17GZv0G6CDmCXeA,Philadelphia Flyers vs. Tampa Bay Lightning,2027-02-03,19:30:00,America/New_York,onsale,Sports,Hockey,NHL,NHL REGULAR SEASON,,,,KovZ917AiMF,Xfinity Mobile Arena,Philadelphia,PA,39.9045510,-75.1736273,K8vZ9171oy0,Philadelphia Flyers
2026-09-18,1AdZZ_6GkBXIwTi,WXPN Welcomes Johnny Blue Skies & the Dark Clouds ,2026-10-15,20:00:00,America/New_York,onsale,Music,Rock,Pop,AEG LIVE,,,,KovZ917AiMF,Xfinity Mobile Arena,Philadelphia,PA,39.9045510,-75.1736273,K8vZ9178Eof,Johnny Blue Skies
2026-09-18,1AvbZ_FGkXMBa_6,Jim Gaffigan: Everything is Wonderful!,2026-11-07,19:00:00,America/New_York,onsale,Arts & Theatre,Comedy,Comedy,OUTBACK CONCERTS,,,,KovZpZA6taeA,PPG Paints Arena,Pittsburgh,PA,40.4388401,-79.9908551,K8vZ9175R0V,Jim Gaffigan
2026-09-18,17GZv0G6CDm1Cvn,Philadelphia Flyers vs. New Jersey Devils,2027-01-23,19:30:00,America/New_York,onsale,Sports,Hockey,NHL,NHL REGULAR SEASON,,,,KovZ917AiMF,Xfinity Mobile Arena,Philadelphia,PA,39.9045510,-75.1736273,K8vZ9171oy0,Philadelphia Flyers
2026-09-18,17GZv0G6CDm8Ce_,Philadelphia Flyers vs. New Jersey Devils,2027-02-13,19:30:00,America/New_York,onsale,Sports,Hockey,NHL,NHL REGULAR SEASON,,,,KovZ917AiMF,Xfinity Mobile Arena,Philadelphia,PA,39.9045510,-75.1736273,K8vZ9171oy0,Philadelphia Flyers
2026-09-18,17GZv0G65mMH_Yf,Phoebe Bridgers: The Lost Tour,2026-09-28,19:30:00,America/New_York,onsale,Music,Rock,Alternative Rock,THE MESSINA GROUP (TMG),,,,KovZ917AiMF,Xfinity Mobile Arena,Philadelphia,PA,39.9045510,-75.1736273,K8vZ917KN9V,Phoebe Bridgers
2026-09-18,17GZv0G6CDmlrAY,Philadelphia Flyers vs. Columbus Blue Jackets,2026-10-27,19:00:00,America/New_York,onsale,Sports,Hockey,NHL,NHL REGULAR SEASON,,,,KovZ917AiMF,Xfinity Mobile Arena,Philadelphia,PA,39.9045510,-75.1736273,K8vZ9171oy0,Philadelphia Flyers
2026-09-18,17GZv0G6CDmBC6q,Philadelphia Flyers vs. Columbus Blue Jackets,2026-12-21,19:00:00,America/New_York,onsale,Sports,Hockey,NHL,NHL REGULAR SEASON,,,,KovZ917AiMF,Xfinity Mobile Arena,Philadelphia,PA,39.9045510,-75.1736273,K8vZ9171oy0,Philadelphia Flyers
2026-09-18,17GZv0G6CDmfXdv,Philadelphia Flyers vs. San Jose Sharks,2027-02-27,19:00:00,America/New_York,onsale,Sports,Hockey,NHL,NHL REGULAR SEASON,,,,KovZ917AiMF,Xfinity Mobile Arena,Philadelphia,PA,39.9045510,-75.1736273,K8vZ9171oy0,Philadelphia Flyers
2026-09-18,17GZv0G6CDm0CA7,Philadelphia Flyers vs. Carolina Hurricanes,2026-10-03,19:00:00,America/New_York,onsale,Sports,Hockey,NHL,NHL REGULAR SEASON,,,,KovZ917AiMF,Xfinity Mobile Arena,Philadelphia,PA,39.9045510,-75.1736273,K8vZ9171oy0,Philadelphia Flyers
2026-09-18,17GZv0G6CDmIXAP,Philadelphia Flyers vs. Carolina Hurricanes,2026-10-11,19:00:00,America/New_York,onsale,Sports,Hockey,NHL,NHL REGULAR SEASON,,,,KovZ917AiMF,Xfinity Mobile Arena,Philadelphia,PA,39.9045510,-75.1736273,K8vZ9171oy0,Philadelphia Flyers
2026-09-18,17GZv0G6CDmEmAr,Philadelphia Flyers vs. Colorado Avalanche,2026-10-19,19:00:00,America/New_York,onsale,Sports,Hockey,NHL,NHL REGULAR SEASON,,,,KovZ917AiMF,Xfinity Mobile Arena,Philadelphia,PA,39.9045510,-75.1736273,K8vZ9171oy0,Philadelphia Flyers
2026-09-18,17AOv0G61DKUiao,Dan + Shay: The Young Tour,2026-10-09,19:00:00,America/New_York,onsale,Music,Country,Country,LIVE NATION MUSIC,,,,KovZpZA6taeA,PPG Paints Arena,Pittsburgh,PA,40.4388401,-79.9908551,K8vZ9173kl0,Dan + Shay
2026-09-18,1AvbZ_eGkDpa3nH,Ringling Bros. and Barnum & Bailey with Special Guest Bello Nock,2026-10-17,15:00:00,America/New_York,onsale,Arts & Theatre,Circus & Specialty Acts,Circus,FELD ENTERTAINMENT RINGLING BROS,,,,KovZpZA6taeA,PPG Paints Arena,Pittsburgh,PA,40.4388401,-79.9908551,K8vZ917hekV,Ringling Bros. and Barnum & Bailey presents The Greatest Show On Earth
2026-09-18,17GZv0G6CDmcmAT,Philadelphia Flyers vs. Minnesota Wild,2026-11-03,19:00:00,America/New_York,onsale,Sports,Hockey,NHL,NHL REGULAR SEASON,,,,KovZ917AiMF,Xfinity Mobile Arena,Philadelphia,PA,39.9045510,-75.1736273,K8vZ9171oy0,Philadelphia Flyers
2026-09-18,1kGZv0xbGA5zeAe,SOMBR - You Are The Reason Tour,2026-11-19,19:00:00,America/New_York,onsale,Music,Rock,Alternative Rock,LIVE NATION MUSIC,,,,KovZ917AiMF,Xfinity Mobile Arena,Philadelphia,PA,39.9045510,-75.1736273,K8vZ917ji4V,Sombr
2026-09-18,1AvbZ_eGkDpFwns,Ringling Bros. and Barnum & Bailey with Special Guest Bello Nock,2026-10-17,11:00:00,America/New_York,onsale,Arts & Theatre,Circus & Specialty Acts,Circus,FELD ENTERTAINMENT RINGLING BROS,,,,KovZpZA6taeA,PPG Paints Arena,Pittsburgh,PA,40.4388401,-79.9908551,K8vZ917hekV,Ringling Bros. and Barnum & Bailey presents The Greatest Show On Earth
2026-09-18,17GZv0G6CDmPCAC,Philadelphia Flyers vs. Seattle Kraken,2026-10-13,19:00:00,America/New_York,onsale,Sports,Hockey,NHL,NHL REGULAR SEASON,,,,KovZ917AiMF,Xfinity Mobile Arena,Philadelphia,PA,39.9045510,-75.1736273,K8vZ9171oy0,Philadelphia Flyers
2026-09-18,1AvbZ_eGkDpFenc,Ringling Bros. and Barnum & Bailey with Special Guest Bello Nock,2026-10-16,19:00:00,America/New_York,onsale,Arts & Theatre,Circus & Specialty Acts,Circus,FELD ENTERTAINMENT RINGLING BROS,,,,KovZpZA6taeA,PPG Paints Arena,Pittsburgh,PA,40.4388401,-79.9908551,K8vZ917hekV,Ringling Bros. and Barnum & Bailey presents The Greatest Show On Earth
2026-09-18,1AvbZ_eGkDp53l2,Ringling Bros. and Barnum & Bailey with Special Guest Bello Nock,2026-10-18,15:00:00,America/New_York,onsale,Arts & Theatre,Circus & Specialty Acts,Circus,FELD ENTERTAINMENT RINGLING BROS,,,,KovZpZA6taeA,PPG Paints Arena,Pittsburgh,PA,40.4388401,-79.9908551,K8vZ917hekV,Ringling Bros. and Barnum & Bailey presents The Greatest Show On Earth
2026-09-18,1AvbZ_eGkDp1xlF,Ringling Bros. and Barnum & Bailey with Special Guest Bello Nock,2026-10-18,11:00:00,America/New_York,onsale,Arts & Theatre,Circus & Specialty Acts,Circus,FELD ENTERTAINMENT RINGLING BROS,,,,KovZpZA6taeA,PPG Paints Arena,Pittsburgh,PA,40.4388401,-79.9908551,K8vZ917hekV,Ringling Bros. and Barnum & Bailey presents The Greatest Show On Earth
2026-09-18,1AvbZ_eGkDp1elk,Ringling Bros. and Barnum & Bailey with Special Guest Bello Nock,2026-10-17,19:00:00,America/New_York,onsale,Arts & Theatre,Circus & Specialty Acts,Circus,FELD ENTERTAINMENT RINGLING BROS,,,,KovZpZA6taeA,PPG Paints Arena,Pittsburgh,PA,40.4388401,-79.9908551,K8vZ917hekV,Ringling Bros. and Barnum & Bailey presents The Greatest Show On Earth
2026-09-18,1AvbZ_8GkwOuUeg,Trans-Siberian Orchestra - The Ghosts Of Christmas Eve,2026-12-03,19:30:00,America/New_York,onsale,Music,Rock,Pop,LIVE NATION MUSIC,,,,KovZpZA6tavA,Charleston Coliseum,Charleston,WV,38.3552473,-81.6415273,K8vZ9171L10,Trans-Siberian Orchestra
2026-09-18,17AOv0G62o3Ivks,WWE Friday Night SmackDown,2026-10-30,19:30:00,America/New_York,onsale,Sports,Wrestling,Wrestling,WORLD WRESTLING ENTERTAINMENT,,,,KovZpZA6tavA,Charleston Coliseum,Charleston,WV,38.3552473,-81.6415273,K8vZ91718zf,WWE
2026-09-18,1ApZko3Gkd_hijE,Brooks & Dunn: Neon Moon Tour 2026,2026-09-18,19:00:00,America/New_York,onsale,Music,Country,Country,LIVE NATION MUSIC,,,,KovZpZA6tavA,Charleston Coliseum,Charleston,WV,38.3552473,-81.6415273,K8vZ91713ZV,Brooks & Dunn
2026-09-18,1ApZkoYGkdzGubk,LIL WAYNE: 20 YEARS OF CARTER CLASSICS,2026-10-16,20:30:00,America/New_York,onsale,Music,Hip-Hop/Rap,Trap,LIVE NATION MUSIC,,,,KovZpZA6tavA,Charleston Coliseum,Charleston,WV,38.3552473,-81.6415273,K8vZ917GemV,Lil Wayne
2026-09-18,17AOv0G6CcUwe1J,Jon Pardi: Gamblin' Man Tour 2026,2026-09-26,19:00:00,America/New_York,onsale,Music,Country,Country,PROMOTED BY VENUE,,,,KovZpZA6tavA,Charleston Coliseum,Charleston,WV,38.3552473,-81.6415273,K8vZ917ugvf,Jon Pardi
2026-09-18,17A8v0G62Kudh-U,Tom Segura Live,2026-12-04,20:00:00,America/New_York,onsale,Arts & Theatre,Comedy,Comedy,PROMOTED BY VENUE,,,,KovZpZAJ6knA,Hollywood Casino at Charles Town Races,Charles Town,WV,39.2971681,-77.8523619,K8vZ917CZRf,Tom Segura
2026-09-18,17AOv0G62MCXGg_,Third Day with very special guest Zach Williams & Scout and the Saints,2027-04-15,19:00:00,America/New_York,onsale,Music,Rock,Pop,AWAKENING EVENTS,,,,KovZpZA6tavA,Charleston Coliseum,Charleston,WV,38.3552473,-81.6415273,K8vZ9171O9f,Third Day
2026-09-18,17AOv0G62p2GdBy,Justin Moore feat. Priscilla Block,2026-11-07,20:00:00,America/New_York,onsale,Music,Country,Country,PROMOTED BY VENUE,,,,KovZpZA6tavA,Charleston Coliseum,Charleston,WV,38.3552473,-81.6415273,K8vZ917G_If,Justin Moore
2026-09-18,11AOv00af4bUv2,The Rock Orchestra: Arena of Fire,2026-11-14,20:00:00,America/New_York,onsale,Music,Rock,Pop,PROMOTED BY VENUE,,,,KovZpZA6tavA,Charleston Coliseum,Charleston,WV,38.3552473,-81.6415273,K8vZ917hVUV,The Rock Orchestra
2026-09-18,17AOv0G655J8GUq,Charles Wesley Godwin: The Christian Name Tour,2026-11-06,19:00:00,America/New_York,onsale,Music,Country,Country,LIVE NATION MUSIC,,,,KovZpZA6tavA,Charleston Coliseum,Charleston,WV,38.3552473,-81.6415273,K8vZ917b3lf,Charles Wesley Godwin
2026-09-18,1ApZkusGkeiMb78,ZZ Top & Dwight Yoakam: Dos Amigos Tour,2026-09-25,19:00:00,America/New_York,cancelled,Music,Rock,Pop,MAMMOTH INC,,,,KovZpa3b1e,Marshall Health Network Arena (formerly Mountain Health Arena),Huntington,WV,38.4207661,-82.4438879,K8vZ91718N0,ZZ Top
2026-09-18,17AOv0G6uM08Gwz,ALL Elite Wrestling presents Collision,2026-09-19,19:30:00,America/New_York,onsale,Sports,Wrestling,Wrestling,PROMOTED BY VENUE,,,,KovZpZA6tavA,Charleston Coliseum,Charleston,WV,38.3552473,-81.6415273,K8vZ917b2x7,All Elite Wrestling
2026-09-18,1kAOvPAaGA5VFVv,PBR Charleston 2 Day Package - Ticket includes access to all days,2027-01-08,,America/New_York,onsale,Sports,Rodeo,Bullriding,PROMOTED BY VENUE,,,,KovZpZA6tavA,Charleston Coliseum,Charleston,WV,38.3552473,-81.6415273,K8vZ917phq7,PBR: Pendleton Whisky Velocity Tour
2026-09-18,Z7r9jZ1A70gox,Wheeling Nailers vs. Fort Wayne Komets,2026-12-06,16:10:00,,offsale,Sports,Hockey,Minor League,,,,,ZFr9jZ7d6A,Wesbanco Arena,Wheeling,WV,40.0728990,-80.6523970,K8vZ91719v7,Wheeling Nailers
2026-09-18,Z7r9jZ1A70P_v,Wheeling Nailers vs. Fort Wayne Komets,2026-12-26,19:10:00,,offsale,Sports,Hockey,Minor League,,,,,ZFr9jZ7d6A,Wesbanco Arena,Wheeling,WV,40.0728990,-80.6523970,K8vZ91719v7,Wheeling Nailers
2026-09-18,Z7r9jZ1A70PbU,Wheeling Nailers vs. Fort Wayne Komets,2027-02-28,16:10:00,,offsale,Sports,Hockey,Minor League,,,,,ZFr9jZ7d6A,Wesbanco Arena,Wheeling,WV,40.0728990,-80.6523970,K8vZ91719v7,Wheeling Nailers
2026-09-18,1A4ZkoMGkd9ijsf,The Price Is Right Live - Stage Show,2026-11-07,15:30:00,America/New_York,onsale,Arts & Theatre,Miscellaneous Theatre,Miscellaneous Theatre,PROMOTED BY VENUE,,,,KovZpZAJ6knA,Hollywood Casino at Charles Town Races,Charles Town,WV,39.2971681,-77.8523619,K8vZ91750q0,The Price Is Right Live - Stage Show
2026-09-18,1A4ZkoMGkd9iGs8,The Price Is Right Live - Stage Show,2026-11-06,20:00:00,America/New_York,onsale,Arts & Theatre,Miscellaneous Theatre,Miscellaneous Theatre,PROMOTED BY VENUE,,,,KovZpZAJ6knA,Hollywood Casino at Charles Town Races,Charles Town,WV,39.2971681,-77.8523619,K8vZ91750q0,The Price Is Right Live - Stage Show
2026-09-18,1AvbZ_oGkXtmgff,Hot Wheels Stunt Show,2027-01-30,12:00:00,America/New_York,offsale,Sports,Motorsports/Racing,Motorsports/Racing,PROMOTED BY VENUE,,,,KovZpZA6tavA,Charleston Coliseum,Charleston,WV,38.3552473,-81.6415273,K8vZ917rudf,Hot Wheels Stunt Show
2026-09-18,1A4ZkoMGkd9cGsO,The Price Is Right Live - Stage Show,2026-11-08,18:30:00,America/New_York,onsale,Arts & Theatre,Miscellaneous Theatre,Miscellaneous Theatre,PROMOTED BY VENUE,,,,KovZpZAJ6knA,Hollywood Casino at Charles Town Races,Charles Town,WV,39.2971681,-77.8523619,K8vZ91750q0,The Price Is Right Live - Stage Show
2026-09-18,1A4ZkoMGkd9iisb,The Price Is Right Live - Stage Show,2026-11-07,20:00:00,America/New_York,onsale,Arts & Theatre,Miscellaneous Theatre,Miscellaneous Theatre,PROMOTED BY VENUE,,,,KovZpZAJ6knA,Hollywood Casino at Charles Town Races,Charles Town,WV,39.2971681,-77.8523619,K8vZ91750q0,The Price Is Right Live - Stage Show
2026-09-18,17AOv0G6CD5naR9,2027 WVSSAC Boys' Basketball Championships: All-Session Pass,2027-03-16,,America/New_York,onsale,Sports,Basketball,High School,PROMOTED BY VENUE,,,,KovZpZA6tavA,Charleston Coliseum,Charleston,WV,38.3552473,-81.6415273,K8vZ917jL10,WVSSAC Basketball Championships
2026-09-18,1ApZkffGke-3yr-,PBR: Professional Bull Riders,2027-01-09,19:00:00,America/New_York,onsale,Sports,Rodeo,Bullriding,PROMOTED BY VENUE,,,,KovZpZA6tavA,Charleston Coliseum,Charleston,WV,38.3552473,-81.6415273,K8vZ917phq7,PBR: Pendleton Whisky Velocity Tour
2026-09-18,1AvbZ_oGkXtsAfR,Hot Wheels Stunt Show,2027-01-31,14:00:00,America/New_York,offsale,Sports,Motorsports/Racing,Motorsports/Racing,PROMOTED BY VENUE,,,,KovZpZA6tavA,Charleston Coliseum,Charleston,WV,38.3552473,-81.6415273,K8vZ917rudf,Hot Wheels Stunt Show
2026-09-18,1ApZkffGke-oyr2,PBR: Professional Bull Riders,2027-01-08,20:00:00,America/New_York,onsale,Sports,Rodeo,Bullriding,PROMOTED BY VENUE,,,,KovZpZA6tavA,Charleston Coliseum,Charleston,WV,38.3552473,-81.6415273,K8vZ917phq7,PBR: Pendleton Whisky Velocity Tour
2026-09-18,1AvbZ_oGkXtRgfj,Hot Wheels Stunt Show,2027-01-30,19:00:00,America/New_York,offsale,Sports,Motorsports/Racing,Motorsports/Racing,PROMOTED BY VENUE,,,,KovZpZA6tavA,Charleston Coliseum,Charleston,WV,38.3552473,-81.6415273,K8vZ917rudf,Hot Wheels Stunt Show
2026-09-18,LvZ18QxG9uEiSpOZvy_mB,"Jurassic Quest | Charleston Coliseum | Charleston, WV 2026",2026-10-02,15:00:00,America/New_York,onsale,Miscellaneous,Fairs & Festivals,Fairs & Festivals,,,,,KovZpZA6tavA,Charleston Coliseum,Charleston,WV,38.3552473,-81.6415273,K8vZ9174Tx0,Jurassic Quest
2026-09-18,LvZ18QxG9uEiSpOZvy_my,"Jurassic Quest | Charleston Coliseum | Charleston, WV 2026",2026-10-02,13:00:00,America/New_York,onsale,Miscellaneous,Fairs & Festivals,Fairs & Festivals,,,,,KovZpZA6tavA,Charleston Coliseum,Charleston,WV,38.3552473,-81.6415273,K8vZ9174Tx0,Jurassic Quest
2026-09-18,LvZ18QIwBqPIjMsjbtauB,"Jurassic Quest | Charleston Coliseum | Charleston, WV 2026",2026-10-03,17:00:00,America/New_York,onsale,Miscellaneous,Fairs & Festivals,Fairs & Festivals,,,,,KovZpZA6tavA,Charleston Coliseum,Charleston,WV,38.3552473,-81.6415273,K8vZ9174Tx0,Jurassic Quest
2026-09-18,LvZ18QxG9uInT_YZvLmn0,"Jurassic Quest | Charleston Coliseum | Charleston, WV 2026",2026-10-03,09:00:00,America/New_York,onsale,Miscellaneous,Fairs & Festivals,Fairs & Festivals,,,,,KovZpZA6tavA,Charleston Coliseum,Charleston,WV,38.3552473,-81.6415273,K8vZ9174Tx0,Jurassic Quest
2026-09-18,LvZ18QxG9uInT_YZvLmnJ,"Jurassic Quest | Charleston Coliseum | Charleston, WV 2026",2026-10-03,15:00:00,America/New_York,onsale,Miscellaneous,Fairs & Festivals,Fairs & Festivals,,,,,KovZpZA6tavA,Charleston Coliseum,Charleston,WV,38.3552473,-81.6415273,K8vZ9174Tx0,Jurassic Quest
2026-09-18,LvZ18QxG9uInT_YZvLmnN,"Jurassic Quest | Charleston Coliseum | Charleston, WV 2026",2026-10-03,08:00:00,America/New_York,onsale,Miscellaneous,Fairs & Festivals,Fairs & Festivals,,,,,KovZpZA6tavA,Charleston Coliseum,Charleston,WV,38.3552473,-81.6415273,K8vZ9174Tx0,Jurassic Quest
2026-09-18,LvZ18QxG9uInT_YZvLmnP,"Jurassic Quest | Charleston Coliseum | Charleston, WV 2026",2026-10-03,12:00:00,America/New_York,onsale,Miscellaneous,Fairs & Festivals,Fairs & Festivals,,,,,KovZpZA6tavA,Charleston Coliseum,Charleston,WV,38.3552473,-81.6415273,K8vZ9174Tx0,Jurassic Quest
2026-09-18,LvZ18QIoILAJZY_F4TLJF,"Jurassic Quest | Charleston Coliseum | Charleston, WV 2026",2026-10-04,09:00:00,America/New_York,onsale,Miscellaneous,Fairs & Festivals,Fairs & Festivals,,,,,KovZpZA6tavA,Charleston Coliseum,Charleston,WV,38.3552473,-81.6415273,K8vZ9174Tx0,Jurassic Quest
2026-09-18,LvZ18QIoILAJZY_F4TLJa,"Jurassic Quest | Charleston Coliseum | Charleston, WV 2026",2026-10-04,13:00:00,America/New_York,onsale,Miscellaneous,Fairs & Festivals,Fairs & Festivals,,,,,KovZpZA6tavA,Charleston Coliseum,Charleston,WV,38.3552473,-81.6415273,K8vZ9174Tx0,Jurassic Quest
2026-09-18,LvZ18QxG9uI5zC8ZvtHDY,"Jurassic Quest | Charleston Coliseum | Charleston, WV 2026",2026-10-04,12:00:00,America/New_York,onsale,Miscellaneous,Fairs & Festivals,Fairs & Festivals,,,,,KovZpZA6tavA,Charleston Coliseum,Charleston,WV,38.3552473,-81.6415273,K8vZ9174Tx0,Jurassic Quest
2026-09-18,17AOv0G6CDFItrT,2027 WVSSAC Girls' Basketball Championships: All-Session Pass,2027-03-09,,America/New_York,onsale,Sports,Basketball,High School,PROMOTED BY VENUE,,,,KovZpZA6tavA,Charleston Coliseum,Charleston,WV,38.3552473,-81.6415273,K8vZ917jL10,WVSSAC Basketball Championships
2026-09-18,Z7r9jZ1A7JeA_,Whiskey Myers,2026-10-06,19:00:00,,onsale,Music,Other,Other,,,,,Z6r9jZdFde,Capitol Theatre - WV,Wheeling,WV,40.0728990,-80.6523970,K8vZ917uDgf,Whiskey Myers
2026-09-18,17A8v0G6uBDm4y4,AARON LEWIS AND THE STATELINERS: 2026 AMERICAN TOUR,2026-12-18,20:00:00,America/New_York,onsale,Music,Country,Country,PROMOTED BY VENUE,,,,KovZpZAJ6knA,Hollywood Casino at Charles Town Races,Charles Town,WV,39.2971681,-77.8523619,K8vZ9175zWf,Aaron Lewis
2026-09-18,Z7r9jZ1AAv9u0,NUTCRACKER! Magical Christmas Ballet,2026-11-06,19:00:00,,onsale,Arts & Theatre,Dance,Dance,,,,,Z6r9jZdFde,Capitol Theatre - WV,Wheeling,WV,40.0728990,-80.6523970,K8vZ9178k80,NUTCRACKER! Magical Christmas Ballet
2026-09-18,Z7r9jZ1A70tr9,Straight No Chaser,2026-12-21,19:00:00,,onsale,Music,Pop,Adult Contemporary,,,,,ZFr9jZkd6v,Keith-Albee Theatre,Huntington,WV,38.3693010,-82.4123000,K8vZ917GQQ0,Straight No Chaser
2026-09-18,17A8v0G65QlBIv6,Juvenile,2026-12-05,20:00:00,America/New_York,onsale,Music,Hip-Hop/Rap,Trap,PROMOTED BY VENUE,,,,KovZpZAJ6knA,Hollywood Casino at Charles Town Races,Charles Town,WV,39.2971681,-77.8523619,K8vZ9171jTf,Juvenile
2026-09-18,Z7r9jZ1A7OEA3,West Virginia Mountaineers Football vs. Oklahoma State Cowboys Football,2026-09-26,,,onsale,Sports,Football,College,,,,,ZFr9jZdk7a,Mountaineer Field at Milan Puskar Stadium,Morgantown,WV,39.6375010,-79.9527970,K8vZ9171MHf,West Virginia Mountaineers
2026-09-18,1A4ZkoNGkenfEJ5,Brad Williams,2026-10-10,20:00:00,America/New_York,onsale,Arts & Theatre,Comedy,Comedy,PROMOTED BY VENUE,,,,KovZpZAJ6knA,Hollywood Casino at Charles Town Races,Charles Town,WV,39.2971681,-77.8523619,K8vZ917uABV,Brad Williams
2026-09-18,1AvbZ_FGknYOBH3,"Bored Teachers: ""Is It Friday Yet?!"" Comedy Tour",2026-09-25,19:30:00,America/New_York,onsale,Arts & Theatre,Comedy,Comedy,PROMOTED BY VENUE,,,,KovZ917AtkG,Charleston Theater,Charleston,WV,38.3566500,-81.6408500,K8vZ917QQw7,Bored Teachers
2026-09-18,1A4ZkoNGkeRsbGb,Kathleen Madigan: Flying Cats & Marching Armadillos 2026 Tour,2026-10-24,20:00:00,America/New_York,onsale,Arts & Theatre,Comedy,Comedy,PROMOTED BY VENUE,,,,KovZpZAJ6knA,Hollywood Casino at Charles Town Races,Charles Town,WV,39.2971681,-77.8523619,K8vZ9171B-0,Kathleen Madigan
2026-09-18,Z7r9jZ1A70PbY,Wheeling Nailers vs. Cincinnati Cyclones,2026-10-31,19:10:00,,offsale,Sports,Hockey,Minor League,,,,,ZFr9jZ7d6A,Wesbanco Arena,Wheeling,WV,40.0728990,-80.6523970,K8vZ91719v7,Wheeling Nailers
2026-09-18,Z7r9jZ1A70P_A,Wheeling Nailers vs. Cincinnati Cyclones,2026-11-01,16:10:00,,offsale,Sports,Hockey,Minor League,,,,,ZFr9jZ7d6A,Wesbanco Arena,Wheeling,WV,40.0728990,-80.6523970,K8vZ91719v7,Wheeling Nailers
2026-09-18,Z7r9jZ1A70Pbs,Wheeling Nailers vs. Cincinnati Cyclones,2026-12-19,19:10:00,,offsale,Sports,Hockey,Minor League,,,,,ZFr9jZ7d6A,Wesbanco Arena,Wheeling,WV,40.0728990,-80.6523970,K8vZ91719v7,Wheeling Nailers
2026-09-18,Z7r9jZ1A70PbN,Wheeling Nailers vs. Cincinnati Cyclones,2026-12-20,16:10:00,,offsale,Sports,Hockey,Minor League,,,,,ZFr9jZ7d6A,Wesbanco Arena,Wheeling,WV,40.0728990,-80.6523970,K8vZ91719v7,Wheeling Nailers
2026-09-18,Z7r9jZ1A70PbS,Wheeling Nailers vs. Cincinnati Cyclones,2027-02-07,16:10:00,,offsale,Sports,Hockey,Minor League,,,,,ZFr9jZ7d6A,Wesbanco Arena,Wheeling,WV,40.0728990,-80.6523970,K8vZ91719v7,Wheeling Nailers
2026-09-18,Z7r9jZ1A70go4,Wheeling Nailers vs. Cincinnati Cyclones,2027-02-13,19:10:00,,offsale,Sports,Hockey,Minor League,,,,,ZFr9jZ7d6A,Wesbanco Arena,Wheeling,WV,40.0728990,-80.6523970,K8vZ91719v7,Wheeling Nailers
2026-09-18,1a4Zk360t4KZe5v,Jamey Johnson: Traveling Truebadour Tour,2026-10-09,20:00:00,America/New_York,onsale,Music,Country,Country,PROMOTED BY VENUE,,,,KovZpZAJ6knA,Hollywood Casino at Charles Town Races,Charles Town,WV,39.2971681,-77.8523619,K8vZ917GPE7,Jamey Johnson
2026-09-18,Z7r9jZ1A70Pbt,Wheeling Nailers vs. Cincinnati Cyclones,2027-03-31,19:10:00,,offsale,Sports,Hockey,Minor League,,,,,ZFr9jZ7d6A,Wesbanco Arena,Wheeling,WV,40.0728990,-80.6523970,K8vZ91719v7,Wheeling Nailers
2026-09-18,Z7r9jZ1A70P_Z,Wheeling Nailers vs. Cincinnati Cyclones,2027-04-10,19:10:00,,offsale,Sports,Hockey,Minor League,,,,,ZFr9jZ7d6A,Wesbanco Arena,Wheeling,WV,40.0728990,-80.6523970,K8vZ91719v7,Wheeling Nailers
2026-09-18,Z7r9jZ1AAZgax,Cirque Dreams Holidaze,2026-12-17,19:30:00,,onsale,Arts & Theatre,Performance Art,Performance Art,,,,,Z6r9jZdFde,Capitol Theatre - WV,Wheeling,WV,40.0728990,-80.6523970,K8vZ917C-If,Cirque Dreams Holidaze (Touring)
2026-09-18,1A4ZkCaGkdvvttm,Trace Adkins: 30th Anniversary Tour,2026-09-19,20:00:00,America/New_York,onsale,Music,Country,Country,,,,,KovZpZAJ6knA,Hollywood Casino at Charles Town Races,Charles Town,WV,39.2971681,-77.8523619,K8vZ91719yf,Trace Adkins
2026-09-18,1kAOv0-zGA1t0Sy,Nurse Blake: But Did You Die? Comedy Tour,2026-10-15,19:00:00,America/New_York,onsale,Arts & Theatre,Comedy,Comedy,PROMOTED BY VENUE,,,,KovZ917AtkG,Charleston Theater,Charleston,WV,38.3566500,-81.6408500,K8vZ917bpkV,Nurse Blake
2026-09-18,Z7r9jZ1A70goN,Wheeling Nailers vs. Indy Fuel,2026-11-25,19:10:00,,offsale,Sports,Hockey,Minor League,,,,,ZFr9jZ7d6A,Wesbanco Arena,Wheeling,WV,40.0728990,-80.6523970,K8vZ91719v7,Wheeling Nailers
2026-09-18,Z7r9jZ1A70Pbw,Wheeling Nailers vs. Indy Fuel,2026-12-04,19:10:00,,offsale,Sports,Hockey,Minor League,,,,,ZFr9jZ7d6A,Wesbanco Arena,Wheeling,WV,40.0728990,-80.6523970,K8vZ91719v7,Wheeling Nailers
2026-09-18,Z7r9jZ1A70P_e,Wheeling Nailers vs. Indy Fuel,2026-12-05,19:10:00,,offsale,Sports,Hockey,Minor League,,,,,ZFr9jZ7d6A,Wesbanco Arena,Wheeling,WV,40.0728990,-80.6523970,K8vZ91719v7,Wheeling Nailers
2026-09-18,1ApZkf3Gkdbymwd,TMMWV 30 Year Anniversary Celebration,2026-10-17,19:00:00,America/New_York,onsale,Music,Undefined,Undefined,SMG,,,,KovZpa3b1e,Marshall Health Network Arena (formerly Mountain Health Arena),Huntington,WV,38.4207661,-82.4438879,K8vZ917Qf77,80’s Rock Tour
2026-09-18,17A8v0G61UbxpbV,The Temptations & The Four Tops,2026-10-17,20:00:00,America/New_York,onsale,Music,R&B,R&B,PROMOTED BY VENUE,,,,KovZpZAJ6knA,Hollywood Casino at Charles Town Races,Charles Town,WV,39.2971681,-77.8523619,K8vZ91724cV,The Temptations & The Four Tops
2026-09-18,17AOv0G65U4HU_i,Whitney Cummings: Big Baby Tour,2026-11-06,19:00:00,America/New_York,onsale,Arts & Theatre,Comedy,Comedy,OUTBACK CONCERTS,,,,KovZ917AtkG,Charleston Theater,Charleston,WV,38.3566500,-81.6408500,K8vZ917GIf0,Whitney Cummings
2026-09-18,Z7r9jZ1A7OEAa,West Virginia Mountaineers Football vs. Kansas Jayhawks Football,2026-11-14,,,onsale,Sports,Football,College,,,,,ZFr9jZdk7a,Mountaineer Field at Milan Puskar Stadium,Morgantown,WV,39.6375010,-79.9527970,K8vZ9171MHf,West Virginia Mountaineers
2026-09-18,Z7r9jZ1AAv9uN,Justin Moore,2026-11-05,19:00:00,,onsale,Music,Country,Country Folk,,,,,Z6r9jZdFde,Capitol Theatre - WV,Wheeling,WV,40.0728990,-80.6523970,K8vZ917G_If,Justin Moore
2026-09-18,1AvbZ_FGklQqo5S,Nurse Blake: But Did You Die? Comedy Tour,2026-11-23,19:00:00,America/New_York,onsale,Arts & Theatre,Comedy,Comedy,OUTBACK CONCERTS,,,,KovZpZA7v7tA,Metropolitan Theatre,Morgantown,WV,39.6306106,-79.9551925,K8vZ917bpkV,Nurse Blake
2026-09-18,Z7r9jZ1A7OEAf,West Virginia Mountaineers Football vs. Arizona Wildcats Football,2026-10-10,,,onsale,Sports,Football,College,,,,,ZFr9jZdk7a,Mountaineer Field at Milan Puskar Stadium,Morgantown,WV,39.6375010,-79.9527970,K8vZ9171MHf,West Virginia Mountaineers
2026-09-18,1kAOv0P6GA5LVkA,Nurse Blake: But Did You Die? Comedy Tour,2026-11-23,21:30:00,America/New_York,onsale,Arts & Theatre,Comedy,Comedy,OUTBACK CONCERTS,,,,KovZpZA7v7tA,Metropolitan Theatre,Morgantown,WV,39.6306106,-79.9551925,K8vZ917bpkV,Nurse Blake
2026-09-18,1A4ZkozGkdnGHCL,Gary Owen: No Hard Feelings Tour,2026-11-27,19:00:00,America/New_York,onsale,Arts & Theatre,Comedy,Comedy,PROMOTED BY VENUE,,,,KovZpZAJ6knA,Hollywood Casino at Charles Town Races,Charles Town,WV,39.2971681,-77.8523619,K8vZ9171sx7,Gary Owen
2026-09-18,17AOv0G6CnXKMq-,Hudson Westbrook: Hits Me Tour,2026-11-12,19:00:00,America/New_York,onsale,Music,Country,Country,SMG,,,,KovZpa3b1e,Marshall Health Network Arena (formerly Mountain Health Arena),Huntington,WV,38.4207661,-82.4438879,K8vZ917qePV,Hudson Westbrook
2026-09-18,Z7r9jZ1A70goP,Wheeling Nailers vs. Kalamazoo Wings,2026-11-21,19:10:00,,offsale,Sports,Hockey,Minor League,,,,,ZFr9jZ7d6A,Wesbanco Arena,Wheeling,WV,40.0728990,-80.6523970,K8vZ91719v7,Wheeling Nailers
2026-09-18,Z7r9jZ1A70go0,Wheeling Nailers vs. Kalamazoo Wings,2026-11-22,16:10:00,,offsale,Sports,Hockey,Minor League,,,,,ZFr9jZ7d6A,Wesbanco Arena,Wheeling,WV,40.0728990,-80.6523970,K8vZ91719v7,Wheeling Nailers
2026-09-18,Z7r9jZ1A70PbE,Wheeling Nailers vs. Kalamazoo Wings,2027-01-02,19:10:00,,offsale,Sports,Hockey,Minor League,,,,,ZFr9jZ7d6A,Wesbanco Arena,Wheeling,WV,40.0728990,-80.6523970,K8vZ91719v7,Wheeling Nailers
2026-09-18,Z7r9jZ1AAv9GU,Lee Brice,2026-10-23,19:30:00,,onsale,Music,Country,Country Folk,,,,,Z6r9jZdFde,Capitol Theatre - WV,Wheeling,WV,40.0728990,-80.6523970,K8vZ917GU4f,Lee Brice
2026-09-18,Z7r9jZ1AAv9u8,Daughtry,2026-10-27,20:00:00,,onsale,Music,Alternative,Alternative Rock,,,,,Z6r9jZdFde,Capitol Theatre - WV,Wheeling,WV,40.0728990,-80.6523970,K8vZ917GZFf,Daughtry
2026-09-18,1AvfZ_FGkBPZ6uS,Ted Nugent,2026-09-20,19:00:00,America/New_York,onsale,Music,Rock,Pop,PROMOTED BY VENUE,,,,KovZpZAJ6knA,Hollywood Casino at Charles Town Races,Charles Town,WV,39.2971681,-77.8523619,K8vZ91718jV,Ted Nugent
2026-09-18,1A4ZkozGkdnuGC0,Gary Owen: No Hard Feelings Tour,2026-11-27,21:30:00,America/New_York,onsale,Arts & Theatre,Comedy,Comedy,PROMOTED BY VENUE,,,,KovZpZAJ6knA,Hollywood Casino at Charles Town Races,Charles Town,WV,39.2971681,-77.8523619,K8vZ9171sx7,Gary Owen
2026-09-18,Z7r9jZ1A70go3,Wheeling Nailers vs. Reading Royals,2027-03-10,10:45:00,,offsale,Sports,Hockey,Minor League,,,,,ZFr9jZ7d6A,Wesbanco Arena,Wheeling,WV,40.0728990,-80.6523970,K8vZ91719v7,Wheeling Nailers
2026-09-18,17AOv0G6GYjasSO,Hadestown (Touring),2027-02-26,19:30:00,America/New_York,onsale,Arts & Theatre,Theatre,Musical,PROMOTED BY VENUE,,,,KovZpa397e,Joan C Edwards Performing Arts Center,Huntington,WV,38.4218693,-82.4292023,K8vZ917bgM0,Hadestown (Touring)
2026-09-18,Z7r9jZ1A70goO,Wheeling Nailers vs. Tulsa Oilers - Hockey,2027-01-22,19:10:00,,offsale,Sports,Hockey,Minor League,,,,,ZFr9jZ7d6A,Wesbanco Arena,Wheeling,WV,40.0728990,-80.6523970,K8vZ91719v7,Wheeling Nailers
2026-09-18,Z7r9jZ1A70Pby,Wheeling Nailers vs. Tulsa Oilers - Hockey,2027-01-23,19:10:00,,offsale,Sports,Hockey,Minor League,,,,,ZFr9jZ7d6A,Wesbanco Arena,Wheeling,WV,40.0728990,-80.6523970,K8vZ91719v7,Wheeling Nailers
2026-09-18,Z7r9jZ1A7OEA8,West Virginia Mountaineers Football vs. Cincinnati Bearcats Football,2026-10-17,,,onsale,Sports,Football,College,,,,,ZFr9jZdk7a,Mountaineer Field at Milan Puskar Stadium,Morgantown,WV,39.6375010,-79.9527970,K8vZ9171MHf,West Virginia Mountaineers
2026-09-18,Z7r9jZ1A70gob,Wheeling Nailers vs. Orlando Solar Bears,2027-01-29,19:10:00,,offsale,Sports,Hockey,Minor League,,,,,ZFr9jZ7d6A,Wesbanco Arena,Wheeling,WV,40.0728990,-80.6523970,K8vZ91719v7,Wheeling Nailers
2026-09-18,Z7r9jZ1A70Pb0,Wheeling Nailers vs. Orlando Solar Bears,2027-01-30,19:10:00,,offsale,Sports,Hockey,Minor League,,,,,ZFr9jZ7d6A,Wesbanco Arena,Wheeling,WV,40.0728990,-80.6523970,K8vZ91719v7,Wheeling Nailers
2026-09-18,Z7r9jZ1A70go9,Wheeling Nailers vs. Orlando Solar Bears,2027-01-31,16:10:00,,offsale,Sports,Hockey,Minor League,,,,,ZFr9jZ7d6A,Wesbanco Arena,Wheeling,WV,40.0728990,-80.6523970,K8vZ91719v7,Wheeling Nailers
2026-09-18,1AvbZ_6Gkij9hyA,Justin Willman: One For The Ages Tour,2026-11-14,19:00:00,America/New_York,onsale,Arts & Theatre,Magic & Illusion,Magic,PROMOTED BY VENUE,,,,KovZ917AtkG,Charleston Theater,Charleston,WV,38.3566500,-81.6408500,K8vZ91785Jf,Justin Willman
2026-09-18,1A4Zk3kGkdIoHvo,DL Hughley,2026-09-18,20:00:00,America/New_York,onsale,Arts & Theatre,Comedy,Comedy,PROMOTED BY VENUE,,,,KovZpZAJ6knA,Hollywood Casino at Charles Town Races,Charles Town,WV,39.2971681,-77.8523619,K8vZ9171JX0,D.L. Hughley
2026-09-18,1A4Zk3kGkdOiD-9,Leslie Jones: I'm Hot Tour ,2026-10-23,20:00:00,America/New_York,onsale,Arts & Theatre,Comedy,Comedy,PROMOTED BY VENUE,,,,KovZpZAJ6knA,Hollywood Casino at Charles Town Races,Charles Town,WV,39.2971681,-77.8523619,K8vZ917CAvV,Leslie Jones
2026-09-18,Z7r9jZ1A70goE,Wheeling Nailers vs. Toledo Walleye,2026-10-24,19:10:00,,offsale,Sports,Hockey,Minor League,,,,,ZFr9jZ7d6A,Wesbanco Arena,Wheeling,WV,40.0728990,-80.6523970,K8vZ91719v7,Wheeling Nailers
2026-09-18,Z7r9jZ1A70goJ,Wheeling Nailers vs. Toledo Walleye,2026-11-13,19:10:00,,offsale,Sports,Hockey,Minor League,,,,,ZFr9jZ7d6A,Wesbanco Arena,Wheeling,WV,40.0728990,-80.6523970,K8vZ91719v7,Wheeling Nailers
2026-09-18,Z7r9jZ1A70go-,Wheeling Nailers vs. Bloomington Bison,2026-12-31,18:10:00,,offsale,Sports,Hockey,Minor League,,,,,ZFr9jZ7d6A,Wesbanco Arena,Wheeling,WV,40.0728990,-80.6523970,K8vZ91719v7,Wheeling Nailers
2026-09-18,Z7r9jZ1A70PbJ,Wheeling Nailers vs. Toledo Walleye,2027-01-08,19:10:00,,offsale,Sports,Hockey,Minor League,,,,,ZFr9jZ7d6A,Wesbanco Arena,Wheeling,WV,40.0728990,-80.6523970,K8vZ91719v7,Wheeling Nailers
2026-09-18,Z7r9jZ1A70gop,Wheeling Nailers vs. Trenton Ironhawks,2027-02-05,19:10:00,,offsale,Sports,Hockey,Minor League,,,,,ZFr9jZ7d6A,Wesbanco Arena,Wheeling,WV,40.0728990,-80.6523970,K8vZ91719v7,Wheeling Nailers
2026-09-18,Z7r9jZ1A70gof,Wheeling Nailers vs. Bloomington Bison,2027-02-26,19:10:00,,offsale,Sports,Hockey,Minor League,,,,,ZFr9jZ7d6A,Wesbanco Arena,Wheeling,WV,40.0728990,-80.6523970,K8vZ91719v7,Wheeling Nailers
2026-09-18,Z7r9jZ1A70goK,Wheeling Nailers vs. Bloomington Bison,2027-02-27,19:10:00,,offsale,Sports,Hockey,Minor League,,,,,ZFr9jZ7d6A,Wesbanco Arena,Wheeling,WV,40.0728990,-80.6523970,K8vZ91719v7,Wheeling Nailers
2026-09-18,Z7r9jZ1A70goo,Wheeling Nailers vs. Norfolk Admirals,2027-03-12,19:10:00,,offsale,Sports,Hockey,Minor League,,,,,ZFr9jZ7d6A,Wesbanco Arena,Wheeling,WV,40.0728990,-80.6523970,K8vZ91719v7,Wheeling Nailers
2026-09-18,Z7r9jZ1A70P_d,Wheeling Nailers vs. Norfolk Admirals,2027-03-13,19:10:00,,offsale,Sports,Hockey,Minor League,,,,,ZFr9jZ7d6A,Wesbanco Arena,Wheeling,WV,40.0728990,-80.6523970,K8vZ91719v7,Wheeling Nailers
2026-09-18,Z7r9jZ1A70go8,Wheeling Nailers vs. Norfolk Admirals,2027-03-14,16:10:00,,offsale,Sports,Hockey,Minor League,,,,,ZFr9jZ7d6A,Wesbanco Arena,Wheeling,WV,40.0728990,-80.6523970,K8vZ91719v7,Wheeling Nailers
2026-09-18,17A8v0G6uErwc1m,Kameron Marlowe,2026-11-13,20:00:00,America/New_York,onsale,Music,Country,Country,PROMOTED BY VENUE,,,,KovZpZAJ6knA,Hollywood Casino at Charles Town Races,Charles Town,WV,39.2971681,-77.8523619,K8vZ917bg5f,Kameron Marlowe
2026-09-18,Z7r9jZ1A70goa,Wheeling Nailers vs. Trenton Ironhawks,2027-03-26,19:10:00,,offsale,Sports,Hockey,Minor League,,,,,ZFr9jZ7d6A,Wesbanco Arena,Wheeling,WV,40.0728990,-80.6523970,K8vZ91719v7,Wheeling Nailers
2026-09-18,Z7r9jZ1A70PbI,Wheeling Nailers vs. Trenton Ironhawks,2027-03-27,19:10:00,,offsale,Sports,Hockey,Minor League,,,,,ZFr9jZ7d6A,Wesbanco Arena,Wheeling,WV,40.0728990,-80.6523970,K8vZ91719v7,Wheeling Nailers
2026-09-18,Z7r9jZ1A70PbP,Wheeling Nailers vs. Toledo Walleye,2027-04-02,19:10:00,,offsale,Sports,Hockey,Minor League,,,,,ZFr9jZ7d6A,Wesbanco Arena,Wheeling,WV,40.0728990,-80.6523970,K8vZ91719v7,Wheeling Nailers
2026-09-18,17A8v0G6GCJplWn,Golden Girls: The Laughs Continue,2026-10-16,20:00:00,America/New_York,onsale,Arts & Theatre,Theatre,Comedy,PROMOTED BY VENUE,,,,KovZpZAJ6knA,Hollywood Casino at Charles Town Races,Charles Town,WV,39.2971681,-77.8523619,K8vZ917QsjV,Golden Girls: The Laughs Continue
2026-09-18,17A8v0G6G3JGyyL,TWISTED SISTER Featuring Sebastian Bach on Lead Vocals,2026-11-14,20:00:00,America/New_York,onsale,Music,Metal,Nu-Metal,PROMOTED BY VENUE,,,,KovZpZAJ6knA,Hollywood Casino at Charles Town Races,Charles Town,WV,39.2971681,-77.8523619,K8vZ9175j3V,Twisted Sister
2026-09-18,1A4ZkotGkd3el8R,Margaret Cho: Choligarchy,2026-10-03,20:00:00,America/New_York,onsale,Arts & Theatre,Comedy,Comedy,PROMOTED BY VENUE,,,,KovZpZAJ6knA,Hollywood Casino at Charles Town Races,Charles Town,WV,39.2971681,-77.8523619,K8vZ9171hg0,Margaret Cho
2026-09-18,17A8v0G65Q066uz,Wheeler Walker Jr. - Pullin Out: The Farewell Tour with Dee White,2026-11-21,20:00:00,America/New_York,onsale,Music,Country,Country,PROMOTED BY VENUE,,,,KovZpZAJ6knA,Hollywood Casino at Charles Town Races,Charles Town,WV,39.2971681,-77.8523619,K8vZ917fIMf,Wheeler Walker Jr.
2026-09-18,Z7r9jZ1AAv7Qk,Night Ranger,2026-12-12,20:00:00,,onsale,Music,Rock,Hard Rock,,,,,Z6r9jZdFde,Capitol Theatre - WV,Wheeling,WV,40.0728990,-80.6523970,K8vZ91712O0,Night Ranger
2026-09-18,17A8v0G65lqdmXO,Dean Z,2026-12-11,20:00:00,America/New_York,onsale,Music,Undefined,Undefined,PROMOTED BY VENUE,,,,KovZpZAJ6knA,Hollywood Casino at Charles Town Races,Charles Town,WV,39.2971681,-77.8523619,K8vZ917blLV,Dean Z
2026-09-18,17A8v0G65lq7CXx,Dean Z,2026-12-12,20:00:00,America/New_York,onsale,Music,Undefined,Undefined,PROMOTED BY VENUE,,,,KovZpZAJ6knA,Hollywood Casino at Charles Town Races,Charles Town,WV,39.2971681,-77.8523619,K8vZ917blLV,Dean Z
2026-09-18,17AOv0G659YgCBU,Golden Girls: The Laughs Continue,2026-11-05,19:00:00,America/New_York,onsale,Arts & Theatre,Theatre,Comedy,OUTBACK CONCERTS,,,,KovZpZA7v7tA,Metropolitan Theatre,Morgantown,WV,39.6306106,-79.9551925,K8vZ917QsjV,Golden Girls: The Laughs Continue
2026-09-18,17A8v0G65lq7mX0,Dean Z,2026-12-13,19:00:00,America/New_York,onsale,Music,Undefined,Undefined,PROMOTED BY VENUE,,,,KovZpZAJ6knA,Hollywood Casino at Charles Town Races,Charles Town,WV,39.2971681,-77.8523619,K8vZ917blLV,Dean Z
2026-09-18,17AOv0G65M7O11S,Women Warriors Summit,2026-10-23,09:00:00,America/New_York,onsale,Miscellaneous,Lecture/Seminar,Lecture/Seminar,SMG,,,,KovZpa3b1e,Marshall Health Network Arena (formerly Mountain Health Arena),Huntington,WV,38.4207661,-82.4438879,,
2026-09-18,17A8v0G6GNkeip5,Tribute to Dolly Parton featuring Karen Hester,2027-01-30,20:00:00,America/New_York,rescheduled,Music,Undefined,Undefined,PROMOTED BY VENUE,,,,KovZpZAJ6knA,Hollywood Casino at Charles Town Races,Charles Town,WV,39.2971681,-77.8523619,K8vZ9175AL0,Legends In Concert
2026-09-18,17AOv0G6GSHlrxI,Trombone Shorty & Orleans Avenue,2027-02-23,19:30:00,America/New_York,onsale,Music,Jazz,Jazz,PROMOTED BY VENUE,,,,KovZpa397e,Joan C Edwards Performing Arts Center,Huntington,WV,38.4218693,-82.4292023,K8vZ917GkxV,Trombone Shorty & Orleans Avenue
2026-09-18,17AOv0G61Nz9uVS,Jordan Jensen,2026-10-21,19:30:00,America/New_York,onsale,Arts & Theatre,Comedy,Comedy,PROMOTED BY VENUE,,,,KovZ917AtkG,Charleston Theater,Charleston,WV,38.3566500,-81.6408500,K8vZ917QI3f,Jordan Jensen
2026-09-18,17AOv0G6u5Keiwr,Taylorville - A Tribute to Taylor Swift,2026-11-20,19:00:00,America/New_York,onsale,Music,Undefined,Undefined,PROMOTED BY VENUE,,,,KovZ917AtkG,Charleston Theater,Charleston,WV,38.3566500,-81.6408500,K8vZ917jsH7,Taylorville - A Tribute to Taylor Swift
2026-09-18,1AvbZbUGkwGt9nh,Tig Notaro: Out Of Nowhere,2026-10-02,19:00:00,America/New_York,rescheduled,Arts & Theatre,Comedy,Comedy,PROMOTED BY VENUE,,,,KovZ917AtkG,Charleston Theater,Charleston,WV,38.3566500,-81.6408500,K8vZ917fHgV,Tig Notaro
2026-09-18,1AvbZ_kGksg8Kd1,Bellamy Brothers,2026-10-08,19:00:00,America/New_York,onsale,Music,Country,Country,PROMOTED BY VENUE,,,,KovZ917AtkG,Charleston Theater,Charleston,WV,38.3566500,-81.6408500,K8vZ9171aZ0,Bellamy Brothers
2026-09-18,Z7r9jZ1A70o03,Violent Femmes,2026-09-24,20:00:00,,onsale,Music,Alternative,Alternative Rock,,,,,Z7r9jZaA22,Keith Albee Performing Arts Center,Huntington,WV,38.3693010,-82.4123000,K8vZ9171FG7,Violent Femmes
2026-09-18,Z7r9jZ1A7x9GE,Jay Leno,2026-09-26,19:30:00,,onsale,Arts & Theatre,,,,,,,Z6r9jZdFde,Capitol Theatre - WV,Wheeling,WV,40.0728990,-80.6523970,K8vZ9171hpf,Jay Leno
2026-09-18,Z7r9jZ1A7OEAo,West Virginia Mountaineers Football vs. Houston Cougars Football,2026-11-21,,,onsale,Sports,Football,College,,,,,ZFr9jZdk7a,Mountaineer Field at Milan Puskar Stadium,Morgantown,WV,39.6375010,-79.9527970,K8vZ9171MHf,West Virginia Mountaineers
2026-09-18,17AOv0G6GBBnalu,Mojo Brookzz: Outta Pocket,2026-09-24,19:30:00,America/New_York,onsale,Arts & Theatre,Comedy,Comedy,PROMOTED BY VENUE,,,,KovZpa397e,Joan C Edwards Performing Arts Center,Huntington,WV,38.4218693,-82.4292023,K8vZ917QlK0,Mojo Brookzz
2026-09-18,17AOv0G6GS_ejoV,Graham Nash - Live on Tour 2026,2026-10-05,19:30:00,America/New_York,onsale,Music,Rock,Pop,PROMOTED BY VENUE,,,,KovZpa397e,Joan C Edwards Performing Arts Center,Huntington,WV,38.4218693,-82.4292023,K8vZ9171uE0,Graham Nash
2026-09-18,17AOv0G6GSMnru8,Waitress (Touring),2027-02-03,19:30:00,America/New_York,onsale,Arts & Theatre,Theatre,Musical,PROMOTED BY VENUE,,,,KovZpa397e,Joan C Edwards Performing Arts Center,Huntington,WV,38.4218693,-82.4292023,K8vZ9174wu7,Waitress (Touring)
2026-09-18,1AvbZ_6GkRfRu9o,Mamma Mania - Ultimate ABBA Tribute,2026-11-05,19:30:00,America/New_York,onsale,Music,Rock,Pop,PROMOTED BY VENUE,,,,KovZ917AtkG,Charleston Theater,Charleston,WV,38.3566500,-81.6408500,K8vZ917qMT0,Mamma Mania!
2026-09-18,17AOv0G6uBUHQXo,Daniel In The Lions' Den,2026-10-10,14:00:00,America/New_York,cancelled,Arts & Theatre,Theatre,Musical,PROMOTED BY VENUE,,,,KovZ917AtkG,Charleston Theater,Charleston,WV,38.3566500,-81.6408500,K8vZ917OrPV,Daniel In The Lions' Den
2026-09-18,17AOv0G61SoI5db,Couples Therapy,2027-04-24,19:00:00,America/New_York,onsale,Music,Rock,Alternative Rock,PROMOTED BY VENUE,,,,KovZ917AtkG,Charleston Theater,Charleston,WV,38.3566500,-81.6408500,K8vZ917qVuf,Couples Therapy
2026-09-18,17AOv0G6GSmPcPO,The Wiz (Touring),2026-10-17,19:30:00,America/New_York,onsale,Arts & Theatre,Theatre,Musical,PROMOTED BY VENUE,,,,KovZpa397e,Joan C Edwards Performing Arts Center,Huntington,WV,38.4218693,-82.4292023,K8vZ917hpJ7,The Wiz (Touring)
2026-09-18,1ApZkfAGkegf9Pf,Uncle Kracker,2026-10-10,21:00:00,America/New_York,onsale,Music,Rock,Alternative Rock,PROMOTED BY VENUE,,,,KovZpZAdE1kA,The Showroom at Wheeling Island,Wheeling,WV,40.0634936,-80.7292648,K8vZ9171wZf,Uncle Kracker
2026-09-18,Z7r9jZ1A7-I0e,Marshall Thundering Herd Football vs. Appalachian State Mountaineers Football,2026-11-14,,,onsale,Sports,Football,College,,,,,ZFr9jZevev,Joan C Edwards Stadium,Huntington,WV,38.4221990,-82.4201970,K8vZ91758af,Marshall University Thundering Herd
2026-09-18,Z7r9jZ1A7Po80,The Vampire Circus - THE SCARIEST SIDE OF CIRQUE,2026-10-17,20:00:00,,onsale,Arts & Theatre,Circus & Specialty Acts,Circus,,,,,Z6r9jZdFde,Capitol Theatre - WV,Wheeling,WV,40.0728990,-80.6523970,K8vZ917osaV,The Vampire Circus
2026-09-18,rZ7HnEZ1AfaMF0,Lotus,2026-10-29,21:00:00,America/New_York,onsale,Music,Other,,OPUS ONE PRODUCTIONS,47.44,47.44,USD,rZ7HnEZae0H,123 Pleasant Street,Morgantown,WV,39.6295396,-79.9579303,K8vZ9175MB7,Lotus
2026-09-18,rZ7HnEZ1Af143f,"Matthew West Come Home for Christmas Live on Tour - Parkersburg, WV",2026-12-17,19:00:00,America/New_York,onsale,Music,Religious,Gospel,,37.67,104.87,USD,rZ7HnEZ17qdAS,The Warehouse Church,Parkersburg,WV,39.2851909,-81.5530576,K8vZ917Gn3f,Matthew West
2026-09-18,17AOv0G6GSYBuRV,Mountain Stage,2026-11-08,19:00:00,America/New_York,onsale,Music,Folk,Indie Folk,PROMOTED BY VENUE,,,,KovZpa397e,Joan C Edwards Performing Arts Center,Huntington,WV,38.4218693,-82.4292023,K8vZ917uyGV,Mountain Stage
2026-09-18,17AOv0G6GYqy3d5,Malcolm Gladwell,2027-03-31,19:30:00,America/New_York,onsale,Miscellaneous,Community/Civic,Community/Civic,PROMOTED BY VENUE,,,,KovZpa397e,Joan C Edwards Performing Arts Center,Huntington,WV,38.4218693,-82.4292023,K8vZ917GN6f,Malcolm Gladwell
2026-09-18,Z7r9jZ1A7-I0d,Marshall Thundering Herd Football vs. Georgia State Panthers Football,2026-11-21,,,onsale,Sports,Football,College,,,,,ZFr9jZevev,Joan C Edwards Stadium,Huntington,WV,38.4221990,-82.4201970,K8vZ91758af,Marshall University Thundering Herd
2026-09-18,17AOv0G6GYqVwe5,Malcolm Gladwell,2027-03-31,16:00:00,America/New_York,onsale,Miscellaneous,Community/Civic,Community/Civic,PROMOTED BY VENUE,,,,KovZpa397e,Joan C Edwards Performing Arts Center,Huntington,WV,38.4218693,-82.4292023,K8vZ917GN6f,Malcolm Gladwell
2026-09-18,17AOv0G6CJ5KN_l,Puffs,2027-04-23,19:30:00,America/New_York,onsale,Arts & Theatre,Comedy,Comedy,PROMOTED BY VENUE,,,,KovZpa397e,Joan C Edwards Performing Arts Center,Huntington,WV,38.4218693,-82.4292023,K8vZ917OXKV,Puffs
2026-09-18,17AOv0G6GSlguhk,Daisy Fancourt,2026-10-13,19:30:00,America/New_York,onsale,Miscellaneous,Lecture/Seminar,Lecture/Seminar,PROMOTED BY VENUE,,,,KovZpa397e,Joan C Edwards Performing Arts Center,Huntington,WV,38.4218693,-82.4292023,K8vZ917Ot1f,Daisy Fancourt
2026-09-18,17AOv0G6GXGJA6x,Marshall Artists Lecture Series 2 Events: Fancourt and Gladwell,2026-10-13,19:30:00,America/New_York,onsale,Miscellaneous,Lecture/Seminar,Lecture/Seminar,PROMOTED BY VENUE,,,,KovZpa397e,Joan C Edwards Performing Arts Center,Huntington,WV,38.4218693,-82.4292023,,
2026-09-18,Z7r9jZ1A70ef6,West Virginia Mountaineers Womens Volleyball vs. UCF Knights Womens Volleyball,2026-11-15,13:00:00,,onsale,Sports,Miscellaneous,Miscellaneous,,,,,ZFr9jZ7vFv,Hope Coliseum,Morgantown,WV,39.6375010,-79.9527970,Z7r9jZa6zL,West Virginia Mountaineers Womens Volleyball
2026-09-18,17AOv0G626c3ezz,Marshall University: Spring Dance Concert,2027-03-27,19:30:00,America/New_York,onsale,Arts & Theatre,Dance,Dance,PROMOTED BY VENUE,,,,KovZpa397e,Joan C Edwards Performing Arts Center,Huntington,WV,38.4218693,-82.4292023,,
2026-09-18,17AOv0G626cKwyu,Marshall University: Spring Dance Concert,2027-03-28,14:00:00,America/New_York,onsale,Arts & Theatre,Dance,Dance,PROMOTED BY VENUE,,,,KovZpa397e,Joan C Edwards Performing Arts Center,Huntington,WV,38.4218693,-82.4292023,,
2026-09-18,17AOv0G6CJ54N_c,Puffs,2027-04-24,19:30:00,America/New_York,onsale,Arts & Theatre,Comedy,Comedy,PROMOTED BY VENUE,,,,KovZpa397e,Joan C Edwards Performing Arts Center,Huntington,WV,38.4218693,-82.4292023,K8vZ917OXKV,Puffs
2026-09-18,17AOv0G6CJ59S_Y,Puffs,2027-04-25,14:00:00,America/New_York,onsale,Arts & Theatre,Comedy,Comedy,PROMOTED BY VENUE,,,,KovZpa397e,Joan C Edwards Performing Arts Center,Huntington,WV,38.4218693,-82.4292023,K8vZ917OXKV,Puffs
2026-09-18,Z7r9jZ1AAZ-o_,West Virginia Mountaineers Mens Soccer vs. UCF Knights Mens Soccer,2026-10-21,19:00:00,,onsale,Sports,Miscellaneous,Miscellaneous,,,,,Z7r9jZa7Yd,Dick Dlesk Soccer Stadium,Morgantown,WV,39.6305010,-79.9549030,Z7r9jZaagz,West Virginia Mountaineers Mens Soccer
2026-09-18,17AOv0G6CJ1WdbT,Puffs,2027-04-21,19:30:00,America/New_York,onsale,Arts & Theatre,Comedy,Comedy,PROMOTED BY VENUE,,,,KovZpa397e,Joan C Edwards Performing Arts Center,Huntington,WV,38.4218693,-82.4292023,K8vZ917OXKV,Puffs
2026-09-18,17AOv0G6CJ5od_L,Puffs,2027-04-22,19:30:00,America/New_York,onsale,Arts & Theatre,Comedy,Comedy,PROMOTED BY VENUE,,,,KovZpa397e,Joan C Edwards Performing Arts Center,Huntington,WV,38.4218693,-82.4292023,K8vZ917OXKV,Puffs
2026-09-18,Z7r9jZ1AAvsQk,Josiah & the Bonnevilles (18+ Event),2026-10-18,20:00:00,,onsale,Music,Rock,Rock,,,,,Z7r9jZaeBi,The Loud,Huntington,WV,38.3693010,-82.4123000,K8vZ917fYhV,Josiah and the Bonnevilles
2026-09-18,Z7r9jZ1A7-I0v,Marshall Thundering Herd Football vs. South Alabama Jaguars Football,2026-10-20,,,onsale,Sports,Football,College,,,,,ZFr9jZevev,Joan C Edwards Stadium,Huntington,WV,38.4221990,-82.4201970,K8vZ91758af,Marshall University Thundering Herd
2026-09-18,Z7r9jZ1A7-Ix_,Marshall Thundering Herd Football vs. Gardner Webb Bulldogs Football,2026-09-26,,,onsale,Sports,Football,College,,,,,ZFr9jZevev,Joan C Edwards Stadium,Huntington,WV,38.4221990,-82.4201970,K8vZ91758af,Marshall University Thundering Herd
2026-09-18,Z7r9jZ1A7-I0Z,Marshall Thundering Herd Football vs. Coastal Carolina Chanticleers Football,2026-10-10,,,onsale,Sports,Football,College,,,,,ZFr9jZevev,Joan C Edwards Stadium,Huntington,WV,38.4221990,-82.4201970,K8vZ91758af,Marshall University Thundering Herd
2026-09-18,Z7r9jZ1A7PKjk,CAIN: Live and In Worship,2026-10-01,19:00:00,,onsale,Music,Other,Other,,,,,Z6r9jZdFde,Capitol Theatre - WV,Wheeling,WV,40.0728990,-80.6523970,K8vZfZ7tFAk,CAIN
2026-09-18,17AOv0G626BikGS,Men On Boats,2026-10-03,19:30:00,America/New_York,onsale,Arts & Theatre,Theatre,Comedy,PROMOTED BY VENUE,,,,KovZpZAaIlvA,FRANCIS-BOOTH EXPERIMENTAL THEATRE,Huntington,WV,38.4204317,-82.4293241,K8vZpZAAlvak,Men On Boats
2026-09-18,Z7r9jZ1A70ef7,West Virginia Mountaineers Womens Volleyball vs. Cincinnati Bearcats Womens Volleyball,2026-10-16,18:00:00,,onsale,Sports,Miscellaneous,Miscellaneous,,,,,ZFr9jZ7vFv,Hope Coliseum,Morgantown,WV,39.6375010,-79.9527970,Z7r9jZa6zL,West Virginia Mountaineers Womens Volleyball
2026-09-18,17AOv0G626BtU5S,Men On Boats,2026-10-02,19:30:00,America/New_York,onsale,Arts & Theatre,Theatre,Comedy,PROMOTED BY VENUE,,,,KovZpZAaIlvA,FRANCIS-BOOTH EXPERIMENTAL THEATRE,Huntington,WV,38.4204317,-82.4293241,K8vZpZAAlvak,Men On Boats
2026-09-18,Z7r9jZ1A70efe,West Virginia Mountaineers Womens Volleyball vs. Arizona State Sun Devils Womens Volleyball,2026-09-25,18:00:00,,onsale,Sports,Miscellaneous,Miscellaneous,,,,,ZFr9jZ7vFv,Hope Coliseum,Morgantown,WV,39.6375010,-79.9527970,Z7r9jZa6zL,West Virginia Mountaineers Womens Volleyball
2026-09-18,Z7r9jZ1A70efd,West Virginia Mountaineers Womens Volleyball vs. TCU Horned Frogs Womens Volleyball,2026-09-27,13:00:00,,onsale,Sports,Miscellaneous,Miscellaneous,,,,,ZFr9jZ7vFv,Hope Coliseum,Morgantown,WV,39.6375010,-79.9527970,Z7r9jZa6zL,West Virginia Mountaineers Womens Volleyball
2026-09-18,Z7r9jZ1AAZ-oO,West Virginia Mountaineers Mens Soccer vs. Coastal Carolina Chanticleers Mens Soccer,2026-10-29,19:00:00,,onsale,Sports,Miscellaneous,Miscellaneous,,,,,Z7r9jZa7Yd,Dick Dlesk Soccer Stadium,Morgantown,WV,39.6305010,-79.9549030,Z7r9jZaagz,West Virginia Mountaineers Mens Soccer
2026-09-18,17AOv0G62pHZIuu,TOMFOOLERY,2026-11-20,19:30:00,America/New_York,onsale,Arts & Theatre,Theatre,Musical,PROMOTED BY VENUE,,,,KovZpZAaIlvA,FRANCIS-BOOTH EXPERIMENTAL THEATRE,Huntington,WV,38.4204317,-82.4293241,K8vZ917-6Y7,TOMFOOLERY
2026-09-18,Z7r9jZ1AAZ-o9,West Virginia Mountaineers Mens Soccer vs. South Carolina Gamecocks Mens Soccer,2026-10-03,19:00:00,,onsale,Sports,Miscellaneous,Miscellaneous,,,,,Z7r9jZa7Yd,Dick Dlesk Soccer Stadium,Morgantown,WV,39.6305010,-79.9549030,Z7r9jZaagz,West Virginia Mountaineers Mens Soccer
2026-09-18,17AOv0G626Bxp1_,Men On Boats,2026-09-30,19:30:00,America/New_York,onsale,Arts & Theatre,Theatre,Comedy,PROMOTED BY VENUE,,,,KovZpZAaIlvA,FRANCIS-BOOTH EXPERIMENTAL THEATRE,Huntington,WV,38.4204317,-82.4293241,K8vZpZAAlvak,Men On Boats
2026-09-18,17AOv0G626BEU5K,Men On Boats,2026-10-01,19:30:00,America/New_York,onsale,Arts & Theatre,Theatre,Comedy,PROMOTED BY VENUE,,,,KovZpZAaIlvA,FRANCIS-BOOTH EXPERIMENTAL THEATRE,Huntington,WV,38.4204317,-82.4293241,K8vZpZAAlvak,Men On Boats
2026-09-18,17AOv0G626BRJuq,Men On Boats,2026-10-04,14:00:00,America/New_York,onsale,Arts & Theatre,Theatre,Comedy,PROMOTED BY VENUE,,,,KovZpZAaIlvA,FRANCIS-BOOTH EXPERIMENTAL THEATRE,Huntington,WV,38.4204317,-82.4293241,K8vZpZAAlvak,Men On Boats
2026-09-18,Z7r9jZ1A70efa,West Virginia Mountaineers Womens Volleyball vs. Texas Tech Red Raider Womens Volleyball,2026-11-27,15:00:00,,onsale,Sports,Miscellaneous,Miscellaneous,,,,,ZFr9jZ7vFv,Hope Coliseum,Morgantown,WV,39.6375010,-79.9527970,Z7r9jZa6zL,West Virginia Mountaineers Womens Volleyball
2026-09-18,17AOv0G62pDDIGr,TOMFOOLERY,2026-11-18,19:30:00,America/New_York,onsale,Arts & Theatre,Theatre,Musical,PROMOTED BY VENUE,,,,KovZpZAaIlvA,FRANCIS-BOOTH EXPERIMENTAL THEATRE,Huntington,WV,38.4204317,-82.4293241,K8vZ917-6Y7,TOMFOOLERY
2026-09-18,17AOv0G62pDXzGi,TOMFOOLERY,2026-11-19,19:30:00,America/New_York,onsale,Arts & Theatre,Theatre,Musical,PROMOTED BY VENUE,,,,KovZpZAaIlvA,FRANCIS-BOOTH EXPERIMENTAL THEATRE,Huntington,WV,38.4204317,-82.4293241,K8vZ917-6Y7,TOMFOOLERY
2026-09-18,17AOv0G62pH7Iu-,TOMFOOLERY,2026-11-21,19:30:00,America/New_York,onsale,Arts & Theatre,Theatre,Musical,PROMOTED BY VENUE,,,,KovZpZAaIlvA,FRANCIS-BOOTH EXPERIMENTAL THEATRE,Huntington,WV,38.4204317,-82.4293241,K8vZ917-6Y7,TOMFOOLERY
2026-09-18,Z7r9jZ1AAZ_4N,Singalong Broadway,2026-09-30,19:30:00,,onsale,Arts & Theatre,Theatre,Musical,,,,,Z6r9jZdFde,Capitol Theatre - WV,Wheeling,WV,40.0728990,-80.6523970,K8vZ917-AD7,Singalong Broadway!
2026-09-18,Z7r9jZ1AAZ-of,West Virginia Mountaineers Mens Soccer vs. Duquesne Dukes Mens Soccer,2026-09-22,19:00:00,,onsale,Sports,Miscellaneous,Miscellaneous,,,,,Z7r9jZa7Yd,Dick Dlesk Soccer Stadium,Morgantown,WV,39.6305010,-79.9549030,Z7r9jZaagz,West Virginia Mountaineers Mens Soccer
2026-09-18,Z7r9jZ1AAZ-ob,West Virginia Mountaineers Mens Soccer vs. Kentucky Wildcats Mens Soccer,2026-10-16,19:00:00,,onsale,Sports,Miscellaneous,Miscellaneous,,,,,Z7r9jZa7Yd,Dick Dlesk Soccer Stadium,Morgantown,WV,39.6305010,-79.9549030,Z7r9jZaagz,West Virginia Mountaineers Mens Soccer
2026-09-18,Z7r9jZ1A70efA,West Virginia Mountaineers Womens Volleyball vs. Arizona Wildcats Womens Volleyball,2026-10-23,18:00:00,,onsale,Sports,Miscellaneous,Miscellaneous,,,,,ZFr9jZ7vFv,Hope Coliseum,Morgantown,WV,39.6375010,-79.9527970,Z7r9jZa6zL,West Virginia Mountaineers Womens Volleyball
2026-09-18,Z7r9jZ1A7x9Za,West Virginia Mountaineers Womens Volleyball vs. Houston Cougars Womens Volleyball,2026-10-04,13:00:00,,onsale,Sports,Miscellaneous,Miscellaneous,,,,,ZFr9jZ7vFv,Hope Coliseum,Morgantown,WV,39.6375010,-79.9527970,Z7r9jZa6zL,West Virginia Mountaineers Womens Volleyball
2026-09-18,LvZ18QEEUR8RN49peMYhp,"Dinosaur Adventure - Wheeling, WV 2026",2026-09-19,09:00:00,America/New_York,onsale,Miscellaneous,Family,Other,,,,,KovZpZAJ7evA,WesBanco Arena,Wheeling,WV,40.0654201,-80.7245188,K8vZ917bJ8f,Dinosaur Adventure
2026-09-18,LvZ18QEEgYAbY7QBLMVnL,"Dinosaur Adventure - Wheeling, WV 2026",2026-09-18,12:00:00,America/New_York,onsale,Miscellaneous,Family,Other,,,,,KovZpZAJ7evA,WesBanco Arena,Wheeling,WV,40.0654201,-80.7245188,K8vZ917bJ8f,Dinosaur Adventure
2026-09-18,LvZ18QEEUR8RN49peMYh9,"Dinosaur Adventure - Wheeling, WV 2026",2026-09-20,09:00:00,America/New_York,onsale,Miscellaneous,Family,Other,,,,,KovZpZAJ7evA,WesBanco Arena,Wheeling,WV,40.0654201,-80.7245188,K8vZ917bJ8f,Dinosaur Adventure
2026-09-18,1AvbZ_3GkzF1Wta,Alaska Thunderf*ck: The Revolution Tour,2027-03-17,20:00:00,America/New_York,onsale,Music,Pop,Electro Pop,LIVE NATION MUSIC,,,,KovZ917AVRB,The Loud,Huntington,WV,38.4176040,-82.4449270,K8vZ917oOyf,Alaska Thunderfuck
2026-09-18,rZ7HnEZ1AfJbPS,Genesis Retouched: The Essence of the Phil Collins Era of Genesis,2026-09-19,20:00:00,America/New_York,onsale,Music,Pop,Pop Rock,,25.00,25.00,USD,rZ7HnEZ174oPz,The Showroom at Wheeling Island,Wheeling,WV,40.0634936,-80.7292648,,
2026-09-18,rZ7HnEZ1A4ZEAK,Meet Loaf - The Ultimate Meat Loaf Tribute Band,2026-10-03,20:00:00,America/New_York,onsale,Music,Rock,Arena Rock,,25.00,25.00,USD,rZ7HnEZ174oPz,The Showroom at Wheeling Island,Wheeling,WV,40.0634936,-80.7292648,,
2026-09-18,rZ7HnEZ1A4vvAN,"SEU Worship: The Found In The Field Tour - Parkersburg, WV",2026-10-10,19:00:00,America/New_York,onsale,Music,Religious,Praise & Worship,,23.56,51.84,USD,rZ7HnEZ17qdAS,The Warehouse Church,Parkersburg,WV,39.2851909,-81.5530576,K8vZ917LjV7,SEU Worship
2026-09-18,rZ7HnEZ1AfG7f0,No Fences - The Ultimate Garth Brooks Tribute,2026-10-24,20:00:00,America/New_York,onsale,Music,Country,Country,,25.00,25.00,USD,rZ7HnEZ174oPz,The Showroom at Wheeling Island,Wheeling,WV,40.0634936,-80.7292648,,
2026-09-18,Z7r9jZ1A70efk,West Virginia Mountaineers Womens Volleyball vs. Colorado Buffaloes Womens Volleyball,2026-11-08,13:00:00,,onsale,Sports,Miscellaneous,Miscellaneous,,,,,ZFr9jZ7vFv,Hope Coliseum,Morgantown,WV,39.6375010,-79.9527970,Z7r9jZa6zL,West Virginia Mountaineers Womens Volleyball
2026-09-18,Z7r9jZ1A70efF,West Virginia Mountaineers Womens Volleyball vs. Baylor Bears Womens Volleyball,2026-11-25,14:00:00,,onsale,Sports,Miscellaneous,Miscellaneous,,,,,ZFr9jZ7vFv,Hope Coliseum,Morgantown,WV,39.6375010,-79.9527970,Z7r9jZa6zL,West Virginia Mountaineers Womens Volleyball
2026-09-18,17AOv0G62rfFAEZ,Acts of Vengeance,2027-02-26,19:30:00,America/New_York,onsale,Arts & Theatre,Theatre,Comedy,PROMOTED BY VENUE,,,,KovZpZAaIlvA,FRANCIS-BOOTH EXPERIMENTAL THEATRE,Huntington,WV,38.4204317,-82.4293241,,
2026-09-18,17AOv0G62rfdPJa,Acts of Vengeance,2027-02-24,19:30:00,America/New_York,onsale,Arts & Theatre,Theatre,Comedy,PROMOTED BY VENUE,,,,KovZpZAaIlvA,FRANCIS-BOOTH EXPERIMENTAL THEATRE,Huntington,WV,38.4204317,-82.4293241,,
2026-09-18,17AOv0G62rfAgJw,Acts of Vengeance,2027-02-25,19:30:00,America/New_York,onsale,Arts & Theatre,Theatre,Comedy,PROMOTED BY VENUE,,,,KovZpZAaIlvA,FRANCIS-BOOTH EXPERIMENTAL THEATRE,Huntington,WV,38.4204317,-82.4293241,,
2026-09-18,17AOv0G62rfagE9,Acts of Vengeance,2027-02-27,19:30:00,America/New_York,onsale,Arts & Theatre,Theatre,Comedy,PROMOTED BY VENUE,,,,KovZpZAaIlvA,FRANCIS-BOOTH EXPERIMENTAL THEATRE,Huntington,WV,38.4204317,-82.4293241,,
2026-09-18,Z7r9jZ1AAvsZp,Alaska Thunderf*ck: The Revolution Tour (18+ Event),2027-03-17,20:00:00,,onsale,Music,Other,Other,,,,,Z7r9jZaeBi,The Loud,Huntington,WV,38.3693010,-82.4123000,Z7r9jZauga,Alaska Thunderf**k
2026-09-18,Z7r9jZ1AAZO17,West Virginia Mountaineers Womens Soccer vs. TCU Horned Frogs Womens Soccer,2026-10-30,19:00:00,,onsale,Undefined,,,,,,,Z7r9jZa7Yd,Dick Dlesk Soccer Stadium,Morgantown,WV,39.6305010,-79.9549030,Z7r9jZa3kg,West Virginia Mountaineers Womens Soccer
2026-09-18,Z7r9jZ1AAZO1Z,West Virginia Mountaineers Womens Soccer vs. Baylor Bears Womens Soccer,2026-09-18,19:00:00,,onsale,Undefined,,,,,,,Z7r9jZa7Yd,Dick Dlesk Soccer Stadium,Morgantown,WV,39.6305010,-79.9549030,Z7r9jZa3kg,West Virginia Mountaineers Womens Soccer
2026-09-18,Z7r9jZ1AAZO1d,West Virginia Mountaineers Womens Soccer vs. UCF Knights Womens Soccer,2026-10-16,15:00:00,,onsale,Undefined,,,,,,,Z7r9jZa7Yd,Dick Dlesk Soccer Stadium,Morgantown,WV,39.6305010,-79.9549030,Z7r9jZa3kg,West Virginia Mountaineers Womens Soccer
2026-09-18,Z7r9jZ1AAZO1e,West Virginia Mountaineers Womens Soccer vs. Utah Utes Womens Soccer,2026-10-11,12:00:00,,onsale,Undefined,,,,,,,Z7r9jZa7Yd,Dick Dlesk Soccer Stadium,Morgantown,WV,39.6305010,-79.9549030,Z7r9jZa3kg,West Virginia Mountaineers Womens Soccer
2026-09-18,Z7r9jZ1AAZO1v,West Virginia Mountaineers Womens Soccer vs. BYU Cougars Womens Soccer,2026-10-08,19:00:00,,onsale,Undefined,,,,,,,Z7r9jZa7Yd,Dick Dlesk Soccer Stadium,Morgantown,WV,39.6305010,-79.9549030,Z7r9jZa3kg,West Virginia Mountaineers Womens Soccer
2026-09-18,Z7r9jZ1AAv9GE,Swan Lake - Symphony of Lights,2026-10-02,19:00:00,,onsale,Undefined,,,,,,,Z6r9jZdFde,Capitol Theatre - WV,Wheeling,WV,40.0728990,-80.6523970,Z7r9jZ177Nft,Swan Lake - Symphony of Lights
2026-09-18,Z7r9jZ1AAv9GY,Meredith Willson's THE MUSIC MAN,2026-10-07,19:30:00,,onsale,Undefined,,,,,,,Z6r9jZdFde,Capitol Theatre - WV,Wheeling,WV,40.0728990,-80.6523970,Z7r9jZ1777GS,The Music Man
2026-09-18,rZ7HnEZ1A4ZE7S,The Comedy Club Presents Dinner and Laughs with Kim Sherwood & Tyrone Davis,2026-09-25,20:00:00,America/New_York,onsale,Undefined,,,,10.00,34.99,USD,rZ7HnEZ174YqI,The Comedy Club at Wheeling Island,Wheeling,WV,40.0634936,-80.7292648,,
2026-09-18,rZ7HnEZ1A4ZEkd,Eats and Beats Festival,2026-10-10,13:00:00,America/New_York,onsale,Undefined,,,,,,,rZ7HnEZ17bK4I,Wheeling Island Festival Area,Wheeling,WV,40.0634936,-80.7292648,,
2026-09-18,rZ7HnEZ1Af1FG0,The Comedy Club Presents Dinner and Laughs with The Real John King and Joey Zsa Zsa,2026-10-16,20:00:00,America/New_York,onsale,Undefined,,,,10.00,34.99,USD,rZ7HnEZ174YqI,The Comedy Club at Wheeling Island,Wheeling,WV,40.0634936,-80.7292648,,
