event_id,event_name,event_url,event_date,event_time,timezone,event_status,state,city,venue_id,venue_name,latitude,longitude,segment,genre,subgenre,attraction_id,attraction_name,promoter,price_min,price_max,currency
vv1AFZkfAGkdLNlIH,Monster Jam,https://www.ticketmaster.com/monster-jam-toledo-ohio-03-20-2027/event/08006505DF8EBA3C,2027-03-20,12:00:00,America/New_York,offsale,OH,Toledo,KovZpZAJA6FA,Huntington Center,41.65103800,-83.53757100,Sports,Motorsports/Racing,Motorsports/Racing,K8vZ917uyff,Monster Jam,FELD MOTORSPORTS,,,
vv1AFZkfAGkdL0Dtv,Monster Jam,https://www.ticketmaster.com/monster-jam-toledo-ohio-03-20-2027/event/08006505DF93BA41,2027-03-20,18:00:00,America/New_York,offsale,OH,Toledo,KovZpZAJA6FA,Huntington Center,41.65103800,-83.53757100,Sports,Motorsports/Racing,Motorsports/Racing,K8vZ917uyff,Monster Jam,FELD MOTORSPORTS,,,
vv1AFZkfAGkdLJ5t1,Monster Jam,https://www.ticketmaster.com/monster-jam-toledo-ohio-03-21-2027/event/08006505DF98BA4A,2027-03-21,12:00:00,America/New_York,offsale,OH,Toledo,KovZpZAJA6FA,Huntington Center,41.65103800,-83.53757100,Sports,Motorsports/Racing,Motorsports/Racing,K8vZ917uyff,Monster Jam,FELD MOTORSPORTS,,,
vv1AFZkfAGkdLxhIz,Monster Jam,https://www.ticketmaster.com/monster-jam-toledo-ohio-03-19-2027/event/08006505DF89BA38,2027-03-19,19:00:00,America/New_York,offsale,OH,Toledo,KovZpZAJA6FA,Huntington Center,41.65103800,-83.53757100,Sports,Motorsports/Racing,Motorsports/Racing,K8vZ917uyff,Monster Jam,FELD MOTORSPORTS,,,
vv1AFZkfAGkdLEht3,Monster Jam,https://www.ticketmaster.com/monster-jam-toledo-ohio-03-21-2027/event/08006505DF9DBA52,2027-03-21,18:00:00,America/New_York,offsale,OH,Toledo,KovZpZAJA6FA,Huntington Center,41.65103800,-83.53757100,Sports,Motorsports/Racing,Motorsports/Racing,K8vZ917uyff,Monster Jam,FELD MOTORSPORTS,,,
17AOv0G6CrWkEUS,Monster Jam,https://www.ticketmaster.com/monster-jam-dayton-ohio-11-28-2026/event/160064E7BD1A7DB3,2026-11-28,12:00:00,America/New_York,onsale,OH,Dayton,KovZpZA1lIdA,Wright State University Nutter Center,39.77656950,-84.06927650,Sports,Motorsports/Racing,Motorsports/Racing,K8vZ917uyff,Monster Jam,FELD MOTORSPORTS,,,
17AOv0G6CEqHIqe,Monster Jam,https://www.ticketmaster.com/monster-jam-dayton-ohio-11-28-2026/event/160064E9DDF28742,2026-11-28,18:00:00,America/New_York,onsale,OH,Dayton,KovZpZA1lIdA,Wright State University Nutter Center,39.77656950,-84.06927650,Sports,Motorsports/Racing,Motorsports/Racing,K8vZ917uyff,Monster Jam,FELD MOTORSPORTS,,,
1ApZkotGkeDX_8g,Cincinnati Bengals vs. Kansas City Chiefs,https://www.ticketmaster.com/cincinnati-bengals-vs-kansas-city-chiefs-cincinnati-ohio-12-13-2026/event/16006469BBF99435,2026-12-13,16:25:00,America/New_York,onsale,OH,Cincinnati,KovZpZAFkelA,Paycor Stadium,39.09555560,-84.51611110,Sports,Football,NFL,K8vZ9171ovV,Cincinnati Bengals,NFL REGULAR SEASON,,,
17AOv0G6CxAEdZF,Monster Jam,https://www.ticketmaster.com/monster-jam-dayton-ohio-11-29-2026/event/160064E8859C3008,2026-11-29,12:00:00,America/New_York,onsale,OH,Dayton,KovZpZA1lIdA,Wright State University Nutter Center,39.77656950,-84.06927650,Sports,Motorsports/Racing,Motorsports/Racing,K8vZ917uyff,Monster Jam,FELD MOTORSPORTS,,,
vv17fZ_kGkUqRIjA,Cleveland Browns vs. Pittsburgh Steelers,https://www.ticketmaster.com/cleveland-browns-vs-pittsburgh-steelers-cleveland-ohio-10-01-2026/event/0500646D9DBE8705,2026-10-01,20:15:00,America/New_York,onsale,OH,Cleveland,KovZpZAFdEJA,Huntington Bank Field,41.50603554,-81.69956958,Sports,Football,NFL,K8vZ9171oV7,Cleveland Browns,NFL REGULAR SEASON,,,
1ApZkotGkeDBa8a,Cincinnati Bengals vs. Pittsburgh Steelers,https://www.ticketmaster.com/cincinnati-bengals-vs-pittsburgh-steelers-cincinnati-ohio-11-15-2026/event/16006469BBE89409,2026-11-15,20:20:00,America/New_York,onsale,OH,Cincinnati,KovZpZAFkelA,Paycor Stadium,39.09555560,-84.51611110,Sports,Football,NFL,K8vZ9171ovV,Cincinnati Bengals,NFL REGULAR SEASON,,,
vv17fZ_kGkUr4FNs,Cleveland Browns vs. Las Vegas Raiders,https://www.ticketmaster.com/cleveland-browns-vs-las-vegas-raiders-cleveland-ohio-11-29-2026/event/0500646D9E5488F1,2026-11-29,13:00:00,America/New_York,onsale,OH,Cleveland,KovZpZAFdEJA,Huntington Bank Field,41.50603554,-81.69956958,Sports,Football,NFL,K8vZ9171oV7,Cleveland Browns,NFL REGULAR SEASON,,,
1ApZkotGkeDW_8N,Cincinnati Bengals vs. Jacksonville Jaguars,https://www.ticketmaster.com/cincinnati-bengals-vs-jacksonville-jaguars-cincinnati-ohio-10-04-2026/event/16006469BBF59423,2026-10-04,13:00:00,America/New_York,onsale,OH,Cincinnati,KovZpZAFkelA,Paycor Stadium,39.09555560,-84.51611110,Sports,Football,NFL,K8vZ9171ovV,Cincinnati Bengals,NFL REGULAR SEASON,,,
vv17fZ_kGkUrCzN1,Cleveland Browns vs. Carolina Panthers,https://www.ticketmaster.com/cleveland-browns-vs-carolina-panthers-cleveland-ohio-09-27-2026/event/0500646D9E3B88CA,2026-09-27,13:00:00,America/New_York,onsale,OH,Cleveland,KovZpZAFdEJA,Huntington Bank Field,41.50603554,-81.69956958,Sports,Football,NFL,K8vZ9171oV7,Cleveland Browns,NFL REGULAR SEASON,,,
Z7r9jZ1A7J97a,Cleveland Guardians vs. New York Yankees,https://www.ticketmaster.com/event/Z7r9jZ1A7J97a,2027-04-01,,,offsale,OH,Cleveland,Z6r9jZaeee,Progressive Field,41.492401000,-81.671204000,Sports,Baseball,MLB,K8vZ91718DV,Cleveland Guardians,,,,
Z7r9jZ1A7J978,Cleveland Guardians vs. New York Yankees,https://www.ticketmaster.com/event/Z7r9jZ1A7J978,2027-04-02,,,offsale,OH,Cleveland,Z6r9jZaeee,Progressive Field,41.492401000,-81.671204000,Sports,Baseball,MLB,K8vZ91718DV,Cleveland Guardians,,,,
Z7r9jZ1A7J97o,Cleveland Guardians vs. New York Yankees,https://www.ticketmaster.com/event/Z7r9jZ1A7J97o,2027-04-03,,,offsale,OH,Cleveland,Z6r9jZaeee,Progressive Field,41.492401000,-81.671204000,Sports,Baseball,MLB,K8vZ91718DV,Cleveland Guardians,,,,
Z7r9jZ1A7J973,Cleveland Guardians vs. New York Yankees,https://www.ticketmaster.com/event/Z7r9jZ1A7J973,2027-04-04,,,offsale,OH,Cleveland,Z6r9jZaeee,Progressive Field,41.492401000,-81.671204000,Sports,Baseball,MLB,K8vZ91718DV,Cleveland Guardians,,,,
1ApZkotGkeDUa2w,Cincinnati Bengals vs. Tennessee Titans,https://www.ticketmaster.com/cincinnati-bengals-vs-tennessee-titans-cincinnati-ohio-11-01-2026/event/16006469BBD893F2,2026-11-01,13:00:00,America/New_York,onsale,OH,Cincinnati,KovZpZAFkelA,Paycor Stadium,39.09555560,-84.51611110,Sports,Football,NFL,K8vZ9171ovV,Cincinnati Bengals,NFL REGULAR SEASON,,,
Z7r9jZ1A7Jp0P,Cincinnati Reds vs. New York Yankees,https://www.ticketmaster.com/event/Z7r9jZ1A7Jp0P,2027-08-13,,,offsale,OH,Cincinnati,Z6r9jZ77ae,Great American Ballpark,39.106400000,-84.501404000,Sports,Baseball,MLB,K8vZ9171ok7,Cincinnati Reds,,,,
Z7r9jZ1A7Jp0J,Cincinnati Reds vs. New York Yankees,https://www.ticketmaster.com/event/Z7r9jZ1A7Jp0J,2027-08-14,,,offsale,OH,Cincinnati,Z6r9jZ77ae,Great American Ballpark,39.106400000,-84.501404000,Sports,Baseball,MLB,K8vZ9171ok7,Cincinnati Reds,,,,
Z7r9jZ1A7Jp0E,Cincinnati Reds vs. New York Yankees,https://www.ticketmaster.com/event/Z7r9jZ1A7Jp0E,2027-08-15,,,offsale,OH,Cincinnati,Z6r9jZ77ae,Great American Ballpark,39.106400000,-84.501404000,Sports,Baseball,MLB,K8vZ9171ok7,Cincinnati Reds,,,,
1ApZkotGkeDDa8f,Cincinnati Bengals vs. Baltimore Ravens,https://www.ticketmaster.com/cincinnati-bengals-vs-baltimore-ravens-cincinnati-ohio-12-31-2026/event/16006469BBEC9414,2026-12-31,20:15:00,America/New_York,onsale,OH,Cincinnati,KovZpZAFkelA,Paycor Stadium,39.09555560,-84.51611110,Sports,Football,NFL,K8vZ9171ovV,Cincinnati Bengals,NFL REGULAR SEASON,,,
1ApZkotGkeDTtoZ,Cincinnati Bengals vs. New Orleans Saints,https://www.ticketmaster.com/cincinnati-bengals-vs-new-orleans-saints-cincinnati-ohio-11-29-2026/event/16006469BBFE9440,2026-11-29,13:00:00,America/New_York,onsale,OH,Cincinnati,KovZpZAFkelA,Paycor Stadium,39.09555560,-84.51611110,Sports,Football,NFL,K8vZ9171ovV,Cincinnati Bengals,NFL REGULAR SEASON,,,
vv17fZ_kGkUqPFQ5,Cleveland Browns vs. Cincinnati Bengals,https://www.ticketmaster.com/cleveland-browns-vs-cincinnati-bengals-cleveland-ohio-12-06-2026/event/0500646D9D94868B,2026-12-06,13:00:00,America/New_York,onsale,OH,Cleveland,KovZpZAFdEJA,Huntington Bank Field,41.50603554,-81.69956958,Sports,Football,NFL,K8vZ9171oV7,Cleveland Browns,NFL REGULAR SEASON,,,
vv17fZ_kGkUrvzOc,Cleveland Browns vs. Atlanta Falcons,https://www.ticketmaster.com/cleveland-browns-vs-atlanta-falcons-cleveland-ohio-12-13-2026/event/0500646D9E07882D,2026-12-13,13:00:00,America/New_York,onsale,OH,Cleveland,KovZpZAFdEJA,Huntington Bank Field,41.50603554,-81.69956958,Sports,Football,NFL,K8vZ9171oV7,Cleveland Browns,NFL REGULAR SEASON,,,
vv17fZ_kGkUqLI_j,Cleveland Browns vs. Baltimore Ravens,https://www.ticketmaster.com/cleveland-browns-vs-baltimore-ravens-cleveland-ohio-10-18-2026/event/0500646D9D7E865C,2026-10-18,13:00:00,America/New_York,onsale,OH,Cleveland,KovZpZAFdEJA,Huntington Bank Field,41.50603554,-81.69956958,Sports,Football,NFL,K8vZ9171oV7,Cleveland Browns,NFL REGULAR SEASON,,,
vvG1fZ_CM9hGTJ,CBJ V. BOSTON BRUINS,https://www.ticketmaster.com/cbj-v-boston-bruins-columbus-ohio-01-02-2027/event/050064EDD76CCFE6,2027-01-02,19:00:00,America/New_York,onsale,OH,Columbus,KovZpZA6kelA,Nationwide Arena,39.96939661,-83.00636203,Sports,Hockey,NHL,K8vZ9171-C0,Columbus Blue Jackets,NHL REGULAR SEASON,,,
vv17fZ_kGkUqgFjS,Cleveland Browns vs. Houston Texans,https://www.ticketmaster.com/cleveland-browns-vs-houston-texans-cleveland-ohio-11-15-2026/event/0500646D9DD48733,2026-11-15,13:00:00,America/New_York,onsale,OH,Cleveland,KovZpZAFdEJA,Huntington Bank Field,41.50603554,-81.69956958,Sports,Football,NFL,K8vZ9171oV7,Cleveland Browns,NFL REGULAR SEASON,,,
vv17fZ_kGkUqBbLk,Cleveland Browns vs. Indianapolis Colts,https://www.ticketmaster.com/cleveland-browns-vs-indianapolis-colts-cleveland-ohio-01-03-2027/event/0500646D9DE987C6,2027-01-03,13:00:00,America/New_York,onsale,OH,Cleveland,KovZpZAFdEJA,Huntington Bank Field,41.50603554,-81.69956958,Sports,Football,NFL,K8vZ9171oV7,Cleveland Browns,NFL REGULAR SEASON,,,
vvG1fZ_CMQEcKE,CBJ V. PITTSBURGH PENGUINS,https://www.ticketmaster.com/cbj-v-pittsburgh-penguins-columbus-ohio-10-09-2026/event/050064EDDA9ED4E7,2026-10-09,19:00:00,America/New_York,onsale,OH,Columbus,KovZpZA6kelA,Nationwide Arena,39.96939661,-83.00636203,Sports,Hockey,NHL,K8vZ9171-C0,Columbus Blue Jackets,NHL REGULAR SEASON,,,
vvG1fZ_CUiTEPl,PRESEASON - CBJ V. PITTSBURGH PENGUINS,https://www.ticketmaster.com/preseason-cbj-v-pittsburgh-penguins-columbus-ohio-09-24-2026/event/050064EDACFE796B,2026-09-24,19:00:00,America/New_York,onsale,OH,Columbus,KovZpZA6kelA,Nationwide Arena,39.96939661,-83.00636203,Sports,Hockey,NHL,K8vZ9171-C0,Columbus Blue Jackets,NHL REGULAR SEASON,,,
vvG1fZ_CUiX6PP,PRESEASON - CBJ V. DETROIT RED WINGS,https://www.ticketmaster.com/preseason-cbj-v-detroit-red-wings-columbus-ohio-09-21-2026/event/050064EDACF87965,2026-09-21,19:00:00,America/New_York,onsale,OH,Columbus,KovZpZA6kelA,Nationwide Arena,39.96939661,-83.00636203,Sports,Hockey,NHL,K8vZ9171-C0,Columbus Blue Jackets,NHL REGULAR SEASON,,,
vvG1fZ_CMQ0uKK,CBJ V. CHICAGO BLACKHAWKS,https://www.ticketmaster.com/cbj-v-chicago-blackhawks-columbus-ohio-03-25-2027/event/050064EDDA90D4D3,2027-03-25,19:00:00,America/New_York,onsale,OH,Columbus,KovZpZA6kelA,Nationwide Arena,39.96939661,-83.00636203,Sports,Hockey,NHL,K8vZ9171-C0,Columbus Blue Jackets,NHL REGULAR SEASON,,,
vvG1fZ_CMfpiP6,CBJ V. PITTSBURGH PENGUINS,https://www.ticketmaster.com/cbj-v-pittsburgh-penguins-columbus-ohio-03-16-2027/event/050064EDD45AC947,2027-03-16,19:00:00,America/New_York,onsale,OH,Columbus,KovZpZA6kelA,Nationwide Arena,39.96939661,-83.00636203,Sports,Hockey,NHL,K8vZ9171-C0,Columbus Blue Jackets,NHL REGULAR SEASON,,,
vvG1fZ_CMjqWLa,CBJ V. DETROIT RED WINGS,https://www.ticketmaster.com/cbj-v-detroit-red-wings-columbus-ohio-11-27-2026/event/050064EDDC77D7C9,2026-11-27,15:00:00,America/New_York,onsale,OH,Columbus,KovZpZA6kelA,Nationwide Arena,39.96939661,-83.00636203,Sports,Hockey,NHL,K8vZ9171-C0,Columbus Blue Jackets,NHL REGULAR SEASON,,,
vvG1fZ_CMQOcKZ,CBJ V. DETROIT RED WINGS,https://www.ticketmaster.com/cbj-v-detroit-red-wings-columbus-ohio-01-30-2027/event/050064EDDA82D4C0,2027-01-30,19:00:00,America/New_York,onsale,OH,Columbus,KovZpZA6kelA,Nationwide Arena,39.96939661,-83.00636203,Sports,Hockey,NHL,K8vZ9171-C0,Columbus Blue Jackets,NHL REGULAR SEASON,,,
vvG1fZ_CM9qiTD,CBJ V. ANAHEIM DUCKS,https://www.ticketmaster.com/cbj-v-anaheim-ducks-columbus-ohio-01-24-2027/event/050064EDD776CFFB,2027-01-24,17:00:00,America/New_York,onsale,OH,Columbus,KovZpZA6kelA,Nationwide Arena,39.96939661,-83.00636203,Sports,Hockey,NHL,K8vZ9171-C0,Columbus Blue Jackets,NHL REGULAR SEASON,,,
vvG1fZ_CUYYFZp,CBJ V. TORONTO MAPLE LEAFS,https://www.ticketmaster.com/cbj-v-toronto-maple-leafs-columbus-ohio-10-20-2026/event/050064EDB0C08016,2026-10-20,19:00:00,America/New_York,onsale,OH,Columbus,KovZpZA6kelA,Nationwide Arena,39.96939661,-83.00636203,Sports,Hockey,NHL,K8vZ9171-C0,Columbus Blue Jackets,NHL REGULAR SEASON,,,
vvG1fZ_CM90qvG,CBJ V. WASHINGTON CAPITALS,https://www.ticketmaster.com/cbj-v-washington-capitals-columbus-ohio-12-31-2026/event/050064EDD791D04C,2026-12-31,14:00:00,America/New_York,onsale,OH,Columbus,KovZpZA6kelA,Nationwide Arena,39.96939661,-83.00636203,Sports,Hockey,NHL,K8vZ9171-C0,Columbus Blue Jackets,NHL REGULAR SEASON,,,
vvG1fZ_CMf_GPf,CBJ V. WASHINGTON CAPITALS,https://www.ticketmaster.com/cbj-v-washington-capitals-columbus-ohio-04-06-2027/event/050064EDD464C954,2027-04-06,19:45:00,America/New_York,onsale,OH,Columbus,KovZpZA6kelA,Nationwide Arena,39.96939661,-83.00636203,Sports,Hockey,NHL,K8vZ9171-C0,Columbus Blue Jackets,NHL REGULAR SEASON,,,
vvG1fZ_CUYmzZZ,CBJ V. NEW YORK RANGERS,https://www.ticketmaster.com/cbj-v-new-york-rangers-columbus-ohio-10-17-2026/event/050064EDB0BB8000,2026-10-17,19:00:00,America/New_York,onsale,OH,Columbus,KovZpZA6kelA,Nationwide Arena,39.96939661,-83.00636203,Sports,Hockey,NHL,K8vZ9171-C0,Columbus Blue Jackets,NHL REGULAR SEASON,,,
vvG1fZ_CMQLq3V,CBJ V. NEW YORK RANGERS,https://www.ticketmaster.com/cbj-v-new-york-rangers-columbus-ohio-01-05-2027/event/050064EDDA7DD4B4,2027-01-05,19:00:00,America/New_York,onsale,OH,Columbus,KovZpZA6kelA,Nationwide Arena,39.96939661,-83.00636203,Sports,Hockey,NHL,K8vZ9171-C0,Columbus Blue Jackets,NHL REGULAR SEASON,,,
Z7r9jZ1AAZPbv,Cleveland Cavaliers vs. Boston Celtics,https://www.ticketmaster.com/event/Z7r9jZ1AAZPbv,2026-10-08,19:00:00,,onsale,OH,Cleveland,Z6r9jZ6aAe,Rocket Arena,41.492401000,-81.671204000,Sports,Basketball,NBA,K8vZ9171oa7,Cleveland Cavaliers,,,,
Z7r9jZ1AAZI3f,Cleveland Cavaliers vs. Boston Celtics,https://www.ticketmaster.com/event/Z7r9jZ1AAZI3f,2027-04-01,19:00:00,,onsale,OH,Cleveland,Z6r9jZ6aAe,Rocket Arena,41.492401000,-81.671204000,Sports,Basketball,NBA,K8vZ9171oa7,Cleveland Cavaliers,,,,
vvG1fZ_CUYwIZs,CBJ V. DALLAS STARS,https://www.ticketmaster.com/cbj-v-dallas-stars-columbus-ohio-11-05-2026/event/050064EDB0CA8031,2026-11-05,19:00:00,America/New_York,onsale,OH,Columbus,KovZpZA6kelA,Nationwide Arena,39.96939661,-83.00636203,Sports,Hockey,NHL,K8vZ9171-C0,Columbus Blue Jackets,NHL REGULAR SEASON,,,
Z7r9jZ1AAZIoN,Cleveland Cavaliers vs. New York Knicks,https://www.ticketmaster.com/event/Z7r9jZ1AAZIoN,2026-11-07,20:00:00,,onsale,OH,Cleveland,Z6r9jZ6aAe,Rocket Arena,41.492401000,-81.671204000,Sports,Basketball,NBA,K8vZ9171oa7,Cleveland Cavaliers,,,,
Z7r9jZ1AAZI33,Cleveland Cavaliers vs. Los Angeles Lakers,https://www.ticketmaster.com/event/Z7r9jZ1AAZI33,2027-03-25,19:00:00,,onsale,OH,Cleveland,Z6r9jZ6aAe,Rocket Arena,41.492401000,-81.671204000,Sports,Basketball,NBA,K8vZ9171oa7,Cleveland Cavaliers,,,,
Z7r9jZ1AAZIoS,Cleveland Cavaliers vs. New York Knicks,https://www.ticketmaster.com/event/Z7r9jZ1AAZIoS,2026-12-21,19:00:00,,onsale,OH,Cleveland,Z6r9jZ6aAe,Rocket Arena,41.492401000,-81.671204000,Sports,Basketball,NBA,K8vZ9171oa7,Cleveland Cavaliers,,,,
Z7r9jZ1AAZIoY,Cleveland Cavaliers vs. Golden State Warriors,https://www.ticketmaster.com/event/Z7r9jZ1AAZIoY,2026-12-12,20:00:00,,onsale,OH,Cleveland,Z6r9jZ6aAe,Rocket Arena,41.492401000,-81.671204000,Sports,Basketball,NBA,K8vZ9171oa7,Cleveland Cavaliers,,,,
Z7r9jZ1A7J97I,Cleveland Guardians vs. Los Angeles Dodgers,https://www.ticketmaster.com/event/Z7r9jZ1A7J97I,2027-05-11,,,offsale,OH,Cleveland,Z6r9jZaeee,Progressive Field,41.492401000,-81.671204000,Sports,Baseball,MLB,K8vZ91718DV,Cleveland Guardians,,,,
Z7r9jZ1A7J97t,Cleveland Guardians vs. Los Angeles Dodgers,https://www.ticketmaster.com/event/Z7r9jZ1A7J97t,2027-05-12,,,offsale,OH,Cleveland,Z6r9jZaeee,Progressive Field,41.492401000,-81.671204000,Sports,Baseball,MLB,K8vZ91718DV,Cleveland Guardians,,,,
Z7r9jZ1A7J97Y,Cleveland Guardians vs. Los Angeles Dodgers,https://www.ticketmaster.com/event/Z7r9jZ1A7J97Y,2027-05-13,,,offsale,OH,Cleveland,Z6r9jZaeee,Progressive Field,41.492401000,-81.671204000,Sports,Baseball,MLB,K8vZ91718DV,Cleveland Guardians,,,,
Z7r9jZ1AAZIo0,Cleveland Cavaliers vs. Dallas Mavericks,https://www.ticketmaster.com/event/Z7r9jZ1AAZIo0,2026-11-14,19:30:00,,onsale,OH,Cleveland,Z6r9jZ6aAe,Rocket Arena,41.492401000,-81.671204000,Sports,Basketball,NBA,K8vZ9171oa7,Cleveland Cavaliers,,,,
Z7r9jZ1A7Jp0w,Cincinnati Reds vs. Los Angeles Dodgers,https://www.ticketmaster.com/event/Z7r9jZ1A7Jp0w,2027-08-23,,,offsale,OH,Cincinnati,Z6r9jZ77ae,Great American Ballpark,39.106400000,-84.501404000,Sports,Baseball,MLB,K8vZ9171ok7,Cincinnati Reds,,,,
Z7r9jZ1A7Jp0S,Cincinnati Reds vs. Los Angeles Dodgers,https://www.ticketmaster.com/event/Z7r9jZ1A7Jp0S,2027-08-24,,,offsale,OH,Cincinnati,Z6r9jZ77ae,Great American Ballpark,39.106400000,-84.501404000,Sports,Baseball,MLB,K8vZ9171ok7,Cincinnati Reds,,,,
Z7r9jZ1A7Jp0V,Cincinnati Reds vs. Los Angeles Dodgers,https://www.ticketmaster.com/event/Z7r9jZ1A7Jp0V,2027-08-25,,,offsale,OH,Cincinnati,Z6r9jZ77ae,Great American Ballpark,39.106400000,-84.501404000,Sports,Baseball,MLB,K8vZ9171ok7,Cincinnati Reds,,,,
Z7r9jZ1AAZIob,Cleveland Cavaliers vs. Brooklyn Nets,https://www.ticketmaster.com/event/Z7r9jZ1AAZIob,2026-10-24,19:30:00,,onsale,OH,Cleveland,Z6r9jZ6aAe,Rocket Arena,41.492401000,-81.671204000,Sports,Basketball,NBA,K8vZ9171oa7,Cleveland Cavaliers,,,,
Z7r9jZ1AAZI3p,Cleveland Cavaliers vs. Brooklyn Nets,https://www.ticketmaster.com/event/Z7r9jZ1AAZI3p,2027-04-05,19:00:00,,onsale,OH,Cleveland,Z6r9jZ6aAe,Rocket Arena,41.492401000,-81.671204000,Sports,Basketball,NBA,K8vZ9171oa7,Cleveland Cavaliers,,,,
vvG1OZ_CBwN4Ea,Disney On Ice presents Find Your Hero,https://www.ticketmaster.com/disney-on-ice-presents-find-your-toledo-ohio-12-12-2026/event/080064EEB28D59C9,2026-12-12,10:30:00,America/New_York,onsale,OH,Toledo,KovZpZAJA6FA,Huntington Center,41.65103800,-83.53757100,Miscellaneous,Ice Shows,Ice Shows,K8vZ9172HM0,Disney On Ice presents Find Your Hero,FELD ENTERTAINMENT DISNEY ON ICE,,,
vvG1OZ_CBw0gEf,Disney On Ice presents Find Your Hero,https://www.ticketmaster.com/disney-on-ice-presents-find-your-toledo-ohio-12-12-2026/event/080064EEB29359D4,2026-12-12,14:30:00,America/New_York,onsale,OH,Toledo,KovZpZAJA6FA,Huntington Center,41.65103800,-83.53757100,Miscellaneous,Ice Shows,Ice Shows,K8vZ9172HM0,Disney On Ice presents Find Your Hero,FELD ENTERTAINMENT DISNEY ON ICE,,,
vvG1OZ_CBwEPEO,Disney On Ice presents Find Your Hero,https://www.ticketmaster.com/disney-on-ice-presents-find-your-toledo-ohio-12-13-2026/event/080064EEB29E59E0,2026-12-13,13:00:00,America/New_York,onsale,OH,Toledo,KovZpZAJA6FA,Huntington Center,41.65103800,-83.53757100,Miscellaneous,Ice Shows,Ice Shows,K8vZ9172HM0,Disney On Ice presents Find Your Hero,FELD ENTERTAINMENT DISNEY ON ICE,,,
vvG1OZ_CD7EpYK,Disney On Ice presents Find Your Hero,https://www.ticketmaster.com/disney-on-ice-presents-find-your-toledo-ohio-12-11-2026/event/080064EEC49D6C13,2026-12-11,19:00:00,America/New_York,onsale,OH,Toledo,KovZpZAJA6FA,Huntington Center,41.65103800,-83.53757100,Miscellaneous,Ice Shows,Ice Shows,K8vZ9172HM0,Disney On Ice presents Find Your Hero,FELD ENTERTAINMENT DISNEY ON ICE,,,
vvG1OZ_CD7tkYq,Disney On Ice presents Find Your Hero,https://www.ticketmaster.com/disney-on-ice-presents-find-your-toledo-ohio-12-12-2026/event/080064EEC4A46C1D,2026-12-12,18:30:00,America/New_York,onsale,OH,Toledo,KovZpZAJA6FA,Huntington Center,41.65103800,-83.53757100,Miscellaneous,Ice Shows,Ice Shows,K8vZ9172HM0,Disney On Ice presents Find Your Hero,FELD ENTERTAINMENT DISNEY ON ICE,,,
vvG1OZ_CDCL9hV,Disney On Ice presents Find Your Hero,https://www.ticketmaster.com/disney-on-ice-presents-find-your-toledo-ohio-12-10-2026/event/080064EECE7D76F4,2026-12-10,19:00:00,America/New_York,onsale,OH,Toledo,KovZpZAJA6FA,Huntington Center,41.65103800,-83.53757100,Miscellaneous,Ice Shows,Ice Shows,K8vZ9172HM0,Disney On Ice presents Find Your Hero,FELD ENTERTAINMENT DISNEY ON ICE,,,
vvG1OZ_CBwtAEP,Disney On Ice presents Find Your Hero,https://www.ticketmaster.com/disney-on-ice-presents-find-your-toledo-ohio-12-13-2026/event/080064EEB2A459E5,2026-12-13,17:00:00,America/New_York,onsale,OH,Toledo,KovZpZAJA6FA,Huntington Center,41.65103800,-83.53757100,Miscellaneous,Ice Shows,Ice Shows,K8vZ9172HM0,Disney On Ice presents Find Your Hero,FELD ENTERTAINMENT DISNEY ON ICE,,,
Z7r9jZ1AAZIos,Cleveland Cavaliers vs. San Antonio Spurs,https://www.ticketmaster.com/event/Z7r9jZ1AAZIos,2026-12-15,20:00:00,,onsale,OH,Cleveland,Z6r9jZ6aAe,Rocket Arena,41.492401000,-81.671204000,Sports,Basketball,NBA,K8vZ9171oa7,Cleveland Cavaliers,,,,
Z7r9jZ1AAZIoI,Cleveland Cavaliers vs. Miami HEAT,https://www.ticketmaster.com/event/Z7r9jZ1AAZIoI,2026-11-29,18:00:00,,onsale,OH,Cleveland,Z6r9jZ6aAe,Rocket Arena,41.492401000,-81.671204000,Sports,Basketball,NBA,K8vZ9171oa7,Cleveland Cavaliers,,,,
Z7r9jZ1AAZI3K,Cleveland Cavaliers vs. Miami HEAT,https://www.ticketmaster.com/event/Z7r9jZ1AAZI3K,2027-03-29,19:00:00,,onsale,OH,Cleveland,Z6r9jZ6aAe,Rocket Arena,41.492401000,-81.671204000,Sports,Basketball,NBA,K8vZ9171oa7,Cleveland Cavaliers,,,,
Z7r9jZ1AAZIox,Cleveland Cavaliers vs. Philadelphia 76ers,https://www.ticketmaster.com/event/Z7r9jZ1AAZIox,2026-11-06,19:30:00,,onsale,OH,Cleveland,Z6r9jZ6aAe,Rocket Arena,41.492401000,-81.671204000,Sports,Basketball,NBA,K8vZ9171oa7,Cleveland Cavaliers,,,,
Z7r9jZ1AAZI3d,Cleveland Cavaliers vs. Phoenix Suns,https://www.ticketmaster.com/event/Z7r9jZ1AAZI3d,2027-02-14,13:00:00,,onsale,OH,Cleveland,Z6r9jZ6aAe,Rocket Arena,41.492401000,-81.671204000,Sports,Basketball,NBA,K8vZ9171oa7,Cleveland Cavaliers,,,,
Z7r9jZ1AAZkje,Cleveland Cavaliers vs. Orlando Magic,https://www.ticketmaster.com/event/Z7r9jZ1AAZkje,2026-10-11,18:30:00,,onsale,OH,Cleveland,Z6r9jZ6aAe,Rocket Arena,41.492401000,-81.671204000,Sports,Basketball,NBA,K8vZ9171oa7,Cleveland Cavaliers,,,,
Z7r9jZ1AAZIoP,Cleveland Cavaliers vs. Chicago Bulls,https://www.ticketmaster.com/event/Z7r9jZ1AAZIoP,2026-11-16,19:00:00,,onsale,OH,Cleveland,Z6r9jZ6aAe,Rocket Arena,41.492401000,-81.671204000,Sports,Basketball,NBA,K8vZ9171oa7,Cleveland Cavaliers,,,,
Z7r9jZ1AAZI38,Cleveland Cavaliers vs. Chicago Bulls,https://www.ticketmaster.com/event/Z7r9jZ1AAZI38,2027-03-20,19:30:00,,onsale,OH,Cleveland,Z6r9jZ6aAe,Rocket Arena,41.492401000,-81.671204000,Sports,Basketball,NBA,K8vZ9171oa7,Cleveland Cavaliers,,,,
Z7r9jZ1AAZI3v,Cleveland Cavaliers vs. Orlando Magic,https://www.ticketmaster.com/event/Z7r9jZ1AAZI3v,2027-02-06,19:30:00,,onsale,OH,Cleveland,Z6r9jZ6aAe,Rocket Arena,41.492401000,-81.671204000,Sports,Basketball,NBA,K8vZ9171oa7,Cleveland Cavaliers,,,,
Z7r9jZ1AAZI36,Cleveland Cavaliers vs. Philadelphia 76ers,https://www.ticketmaster.com/event/Z7r9jZ1AAZI36,2027-03-01,19:00:00,,onsale,OH,Cleveland,Z6r9jZ6aAe,Rocket Arena,41.492401000,-81.671204000,Sports,Basketball,NBA,K8vZ9171oa7,Cleveland Cavaliers,,,,
Z7r9jZ1AAZI34,Cleveland Cavaliers vs. Charlotte Hornets,https://www.ticketmaster.com/event/Z7r9jZ1AAZI34,2027-04-04,15:00:00,,onsale,OH,Cleveland,Z6r9jZ6aAe,Rocket Arena,41.492401000,-81.671204000,Sports,Basketball,NBA,K8vZ9171oa7,Cleveland Cavaliers,,,,
Z7r9jZ1AAZI3a,Cleveland Cavaliers vs. Atlanta Hawks,https://www.ticketmaster.com/event/Z7r9jZ1AAZI3a,2027-03-06,17:30:00,,onsale,OH,Cleveland,Z6r9jZ6aAe,Rocket Arena,41.492401000,-81.671204000,Sports,Basketball,NBA,K8vZ9171oa7,Cleveland Cavaliers,,,,
Z7r9jZ1AAZI39,Cleveland Cavaliers vs. Atlanta Hawks,https://www.ticketmaster.com/event/Z7r9jZ1AAZI39,2027-04-11,18:00:00,,onsale,OH,Cleveland,Z6r9jZ6aAe,Rocket Arena,41.492401000,-81.671204000,Sports,Basketball,NBA,K8vZ9171oa7,Cleveland Cavaliers,,,,
Z7r9jZ1AAZI37,Cleveland Cavaliers vs. Milwaukee Bucks,https://www.ticketmaster.com/event/Z7r9jZ1AAZI37,2027-02-16,19:00:00,,onsale,OH,Cleveland,Z6r9jZ6aAe,Rocket Arena,41.492401000,-81.671204000,Sports,Basketball,NBA,K8vZ9171oa7,Cleveland Cavaliers,,,,
Z7r9jZ1AAZI3A,Cleveland Cavaliers vs. Milwaukee Bucks,https://www.ticketmaster.com/event/Z7r9jZ1AAZI3A,2027-02-17,19:00:00,,onsale,OH,Cleveland,Z6r9jZ6aAe,Rocket Arena,41.492401000,-81.671204000,Sports,Basketball,NBA,K8vZ9171oa7,Cleveland Cavaliers,,,,
Z7r9jZ1AAZI3k,Cleveland Cavaliers vs. Sacramento Kings,https://www.ticketmaster.com/event/Z7r9jZ1AAZI3k,2027-02-25,19:00:00,,onsale,OH,Cleveland,Z6r9jZ6aAe,Rocket Arena,41.492401000,-81.671204000,Sports,Basketball,NBA,K8vZ9171oa7,Cleveland Cavaliers,,,,
vvG1fZ_CMQxWK2,CBJ V. NEW YORK ISLANDERS,https://www.ticketmaster.com/cbj-v-new-york-islanders-columbus-ohio-02-27-2027/event/050064EDDA8BD4CF,2027-02-27,19:00:00,America/New_York,onsale,OH,Columbus,KovZpZA6kelA,Nationwide Arena,39.96939661,-83.00636203,Sports,Hockey,NHL,K8vZ9171-C0,Columbus Blue Jackets,NHL REGULAR SEASON,,,
vvG1fZ_CXhDD1j,CBJ V. NEW YORK ISLANDERS,https://www.ticketmaster.com/cbj-v-new-york-islanders-columbus-ohio-02-22-2027/event/050064EF9BEFB29C,2027-02-22,19:00:00,America/New_York,onsale,OH,Columbus,KovZpZA6kelA,Nationwide Arena,39.96939661,-83.00636203,Sports,Hockey,NHL,K8vZ9171-C0,Columbus Blue Jackets,NHL REGULAR SEASON,,,
Z7r9jZ1AAZIoz,Cleveland Cavaliers vs. Detroit Pistons,https://www.ticketmaster.com/event/Z7r9jZ1AAZIoz,2027-01-18,12:00:00,,onsale,OH,Cleveland,Z6r9jZ6aAe,Rocket Arena,41.492401000,-81.671204000,Sports,Basketball,NBA,K8vZ9171oa7,Cleveland Cavaliers,,,,
Z7r9jZ1AAZIoy,Cleveland Cavaliers vs. Detroit Pistons,https://www.ticketmaster.com/event/Z7r9jZ1AAZIoy,2027-01-27,19:00:00,,onsale,OH,Cleveland,Z6r9jZ6aAe,Rocket Arena,41.492401000,-81.671204000,Sports,Basketball,NBA,K8vZ9171oa7,Cleveland Cavaliers,,,,
Z7r9jZ1AAZIoE,Cleveland Cavaliers vs. Indiana Pacers,https://www.ticketmaster.com/event/Z7r9jZ1AAZIoE,2026-11-20,19:30:00,,onsale,OH,Cleveland,Z6r9jZ6aAe,Rocket Arena,41.492401000,-81.671204000,Sports,Basketball,NBA,K8vZ9171oa7,Cleveland Cavaliers,,,,
Z7r9jZ1AAZIo_,Cleveland Cavaliers vs. Minnesota Timberwolves,https://www.ticketmaster.com/event/Z7r9jZ1AAZIo_,2026-10-26,19:00:00,,onsale,OH,Cleveland,Z6r9jZ6aAe,Rocket Arena,41.492401000,-81.671204000,Sports,Basketball,NBA,K8vZ9171oa7,Cleveland Cavaliers,,,,
Z7r9jZ1AAZIoJ,Cleveland Cavaliers vs. Memphis Grizzlies,https://www.ticketmaster.com/event/Z7r9jZ1AAZIoJ,2026-11-18,19:00:00,,onsale,OH,Cleveland,Z6r9jZ6aAe,Rocket Arena,41.492401000,-81.671204000,Sports,Basketball,NBA,K8vZ9171oa7,Cleveland Cavaliers,,,,
Z7r9jZ1AAZIot,Cleveland Cavaliers vs. Indiana Pacers,https://www.ticketmaster.com/event/Z7r9jZ1AAZIot,2026-12-01,19:00:00,,onsale,OH,Cleveland,Z6r9jZ6aAe,Rocket Arena,41.492401000,-81.671204000,Sports,Basketball,NBA,K8vZ9171oa7,Cleveland Cavaliers,,,,
vvG1fZ_GKAW2VW,Lady A: This Winter's Night Tour 2026,https://www.ticketmaster.com/lady-a-this-winters-night-tour-northfield-ohio-12-10-2026/event/050064C4C5F4FD3D,2026-12-10,19:30:00,America/New_York,onsale,OH,Northfield,KovZpZAJAnIA,Northfield Park Racino - Center Stage,41.35002986,-81.52661070,Music,Country,Country,K8vZ917GFIf,Lady A,LIVE NATION MUSIC,,,
Z7r9jZ1AAZIoO,Cleveland Cavaliers vs. Washington Wizards,https://www.ticketmaster.com/event/Z7r9jZ1AAZIoO,2026-10-28,19:00:00,,onsale,OH,Cleveland,Z6r9jZ6aAe,Rocket Arena,41.492401000,-81.671204000,Sports,Basketball,NBA,K8vZ9171oa7,Cleveland Cavaliers,,,,
Z7r9jZ1AAZIoV,Cleveland Cavaliers vs. Washington Wizards,https://www.ticketmaster.com/event/Z7r9jZ1AAZIoV,2026-12-27,18:00:00,,onsale,OH,Cleveland,Z6r9jZ6aAe,Rocket Arena,41.492401000,-81.671204000,Sports,Basketball,NBA,K8vZ9171oa7,Cleveland Cavaliers,,,,
Z7r9jZ1AAZI3F,Cleveland Cavaliers vs. Portland Trail Blazers,https://www.ticketmaster.com/event/Z7r9jZ1AAZI3F,2027-03-04,19:00:00,,onsale,OH,Cleveland,Z6r9jZ6aAe,Rocket Arena,41.492401000,-81.671204000,Sports,Basketball,NBA,K8vZ9171oa7,Cleveland Cavaliers,,,,
Z7r9jZ1AAZIo-,Cleveland Cavaliers vs. Oklahoma City Thunder,https://www.ticketmaster.com/event/Z7r9jZ1AAZIo-,2026-11-02,19:00:00,,onsale,OH,Cleveland,Z6r9jZ6aAe,Rocket Arena,41.492401000,-81.671204000,Sports,Basketball,NBA,K8vZ9171oa7,Cleveland Cavaliers,,,,
Z7r9jZ1AAZIog,Cleveland Cavaliers vs. LA Clippers,https://www.ticketmaster.com/event/Z7r9jZ1AAZIog,2026-12-31,15:00:00,,onsale,OH,Cleveland,Z6r9jZ6aAe,Rocket Arena,41.492401000,-81.671204000,Sports,Basketball,NBA,K8vZ9171oa7,Cleveland Cavaliers,,,,
Z7r9jZ1AAZIoU,Cleveland Cavaliers vs. Toronto Raptors,https://www.ticketmaster.com/event/Z7r9jZ1AAZIoU,2027-01-05,19:00:00,,onsale,OH,Cleveland,Z6r9jZ6aAe,Rocket Arena,41.492401000,-81.671204000,Sports,Basketball,NBA,K8vZ9171oa7,Cleveland Cavaliers,,,,
Z7r9jZ1AAZI3e,Cleveland Cavaliers vs. Toronto Raptors,https://www.ticketmaster.com/event/Z7r9jZ1AAZI3e,2027-02-09,19:00:00,,onsale,OH,Cleveland,Z6r9jZ6aAe,Rocket Arena,41.492401000,-81.671204000,Sports,Basketball,NBA,K8vZ9171oa7,Cleveland Cavaliers,,,,
Z7r9jZ1AAZI3Z,Cleveland Cavaliers vs. New Orleans Pelicans,https://www.ticketmaster.com/event/Z7r9jZ1AAZI3Z,2027-01-30,19:30:00,,onsale,OH,Cleveland,Z6r9jZ6aAe,Rocket Arena,41.492401000,-81.671204000,Sports,Basketball,NBA,K8vZ9171oa7,Cleveland Cavaliers,,,,
Z7r9jZ1AAZIow,Cleveland Cavaliers vs. Utah Jazz,https://www.ticketmaster.com/event/Z7r9jZ1AAZIow,2026-12-20,18:00:00,,onsale,OH,Cleveland,Z6r9jZ6aAe,Rocket Arena,41.492401000,-81.671204000,Sports,Basketball,NBA,K8vZ9171oa7,Cleveland Cavaliers,,,,
Z7r9jZ1AAZI3o,Cleveland Cavaliers vs. Houston Rockets,https://www.ticketmaster.com/event/Z7r9jZ1AAZI3o,2027-03-22,19:00:00,,onsale,OH,Cleveland,Z6r9jZ6aAe,Rocket Arena,41.492401000,-81.671204000,Sports,Basketball,NBA,K8vZ9171oa7,Cleveland Cavaliers,,,,
Z7r9jZ1AAZIoM,Cleveland Cavaliers vs. Denver Nuggets,https://www.ticketmaster.com/event/Z7r9jZ1AAZIoM,2027-01-09,17:00:00,,onsale,OH,Cleveland,Z6r9jZ6aAe,Rocket Arena,41.492401000,-81.671204000,Sports,Basketball,NBA,K8vZ9171oa7,Cleveland Cavaliers,,,,
vvG1fZ_1UqT9_r,Twenty One Pilots - Ohio Stadium,https://www.ticketmaster.com/twenty-one-pilots-ohio-stadium-columbus-ohio-10-17-2026/event/050064AD9DFD765E,2026-10-17,18:00:00,America/New_York,onsale,OH,Columbus,KovZpZAEAAeA,Ohio Stadium,40.00400300,-83.01936300,Music,Rock,Pop,K8vZ917ukw7,Twenty One Pilots,PROMOTED BY VENUE,,,
1AvbZ_8GknEkpNl,The R&B Tour - Starring Usher Raymond & Chris Brown,https://www.ticketmaster.com/the-rb-tour-starring-usher-raymond-cincinnati-ohio-10-24-2026/event/1600650AA71968EB,2026-10-24,19:30:00,America/New_York,onsale,OH,Cincinnati,KovZpZAFkelA,Paycor Stadium,39.09555560,-84.51611110,Music,R&B,R&B,K8vZ917LxIV,Usher Raymond & Chris Brown,LIVE NATION MUSIC,,,
vv17fZ_8GkUIhkxu,Trans-Siberian Orchestra - The Ghosts Of Christmas Eve,https://www.ticketmaster.com/transsiberian-orchestra-the-ghosts-of-christmas-columbus-ohio-12-05-2026/event/0500650DA86C688D,2026-12-05,15:00:00,America/New_York,onsale,OH,Columbus,KovZpZA6kelA,Nationwide Arena,39.96939661,-83.00636203,Music,Rock,Pop,K8vZ9171L10,Trans-Siberian Orchestra,LIVE NATION MUSIC,,,
vv17fZ_8GkUIqpxL,Trans-Siberian Orchestra - The Ghosts Of Christmas Eve,https://www.ticketmaster.com/transsiberian-orchestra-the-ghosts-of-christmas-columbus-ohio-12-05-2026/event/0500650DA875689F,2026-12-05,19:30:00,America/New_York,onsale,OH,Columbus,KovZpZA6kelA,Nationwide Arena,39.96939661,-83.00636203,Music,Rock,Pop,K8vZ9171L10,Trans-Siberian Orchestra,LIVE NATION MUSIC,,,
1ApZkffGkdGgXqT,Trans-Siberian Orchestra - The Ghosts Of Christmas Eve,https://www.ticketmaster.com/transsiberian-orchestra-the-ghosts-of-christmas-cincinnati-ohio-11-21-2026/event/16006514CCD7E77F,2026-11-21,15:00:00,America/New_York,onsale,OH,Cincinnati,KovZpZA6tdJA,Heritage Bank Center,39.09792900,-84.50408800,Music,Rock,Pop,K8vZ9171L10,Trans-Siberian Orchestra,LIVE NATION MUSIC,,,
1ApZkffGkdGtCqe,Trans-Siberian Orchestra - The Ghosts Of Christmas Eve,https://www.ticketmaster.com/transsiberian-orchestra-the-ghosts-of-christmas-cincinnati-ohio-11-21-2026/event/16006514CCA4E742,2026-11-21,19:30:00,America/New_York,onsale,OH,Cincinnati,KovZpZA6tdJA,Heritage Bank Center,39.09792900,-84.50408800,Music,Rock,Pop,K8vZ9171L10,Trans-Siberian Orchestra,LIVE NATION MUSIC,,,
vvG1fZ_u68l-X-,Rod Wave: Don't Look Down Tour,https://www.ticketmaster.com/rod-wave-dont-look-down-tour-columbus-ohio-10-22-2026/event/050064D1D0AE1FA1,2026-10-22,20:00:00,America/New_York,onsale,OH,Columbus,KovZpZA6A1EA,Schottenstein Center,40.00800790,-83.02490810,Music,Hip-Hop/Rap,Trap,K8vZ917b8z7,Rod Wave,LIVE NATION MUSIC,,,
vv17fZ_3GkDYwNGG,Metallica M72 World Tour,https://www.ticketmaster.com/metallica-m72-world-tour-cleveland-ohio-06-15-2027/event/0500652EF0CA330C,2027-06-15,18:00:00,America/New_York,offsale,OH,Cleveland,KovZpZAFdEJA,Huntington Bank Field,41.50603554,-81.69956958,Music,Metal,Nu-Metal,K8vZ9171G9V,Metallica,LIVE NATION MUSIC,,,
vvG1fZ_1LnMud3,Ohio State Buckeyes Football vs. Kent State University Golden Flashes Football,https://www.ticketmaster.com/ohio-state-buckeyes-football-vs-kent-columbus-ohio-09-19-2026/event/050064A7EADCD0D2,2026-09-19,12:00:00,America/New_York,onsale,OH,Columbus,KovZpZAEAAeA,Ohio Stadium,40.00400300,-83.01936300,Sports,Football,College,K8vZ917Gun0,Ohio State Buckeyes Football,PROMOTED BY VENUE,,,
vv1keZvPv_GA2Rg8I,Trans-Siberian Orchestra - The Ghosts Of Christmas Eve,https://www.ticketmaster.com/transsiberian-orchestra-the-ghosts-of-christmas-toledo-ohio-12-04-2026/event/080065059FBF5428,2026-12-04,19:30:00,America/New_York,onsale,OH,Toledo,KovZpZAJA6FA,Huntington Center,41.65103800,-83.53757100,Music,Rock,Pop,K8vZ9171L10,Trans-Siberian Orchestra,LIVE NATION MUSIC,,,
vv1keZvPv_GACwg13,Trans-Siberian Orchestra - The Ghosts Of Christmas Eve,https://www.ticketmaster.com/transsiberian-orchestra-the-ghosts-of-christmas-toledo-ohio-12-04-2026/event/080065059ECB5292,2026-12-04,15:00:00,America/New_York,onsale,OH,Toledo,KovZpZAJA6FA,Huntington Center,41.65103800,-83.53757100,Music,Rock,Pop,K8vZ9171L10,Trans-Siberian Orchestra,LIVE NATION MUSIC,,,
vv1AAZkfAGkd2ZwpT,Trans-Siberian Orchestra - The Ghosts Of Christmas Eve,https://www.ticketmaster.com/transsiberian-orchestra-the-ghosts-of-christmas-youngstown-ohio-11-22-2026/event/05006505CF0325BF,2026-11-22,14:30:00,America/New_York,onsale,OH,Youngstown,KovZpZA6A1nA,Covelli Centre,41.09566900,-80.64933700,Music,Rock,Pop,K8vZ9171L10,Trans-Siberian Orchestra,LIVE NATION MUSIC,,,
vv1AAZkfAGkeygXe1,Trans-Siberian Orchestra - The Ghosts Of Christmas Eve,https://www.ticketmaster.com/transsiberian-orchestra-the-ghosts-of-christmas-youngstown-ohio-11-22-2026/event/05006505B9D7E08A,2026-11-22,19:30:00,America/New_York,onsale,OH,Youngstown,KovZpZA6A1nA,Covelli Centre,41.09566900,-80.64933700,Music,Rock,Pop,K8vZ9171L10,Trans-Siberian Orchestra,LIVE NATION MUSIC,,,
vvG1fZ_1LnHu76,Ohio State Buckeyes Football vs. University of Michigan Wolverines Football,https://www.ticketmaster.com/ohio-state-buckeyes-football-vs-university-columbus-ohio-11-28-2026/event/050064A7EAF0D107,2026-11-28,12:00:00,America/New_York,onsale,OH,Columbus,KovZpZAEAAeA,Ohio Stadium,40.00400300,-83.01936300,Sports,Football,College,K8vZ917Gun0,Ohio State Buckeyes Football,PROMOTED BY VENUE,,,
vvG1fZ_1LnBudB,Ohio State Buckeyes Football vs. Oregon Ducks Football,https://www.ticketmaster.com/ohio-state-buckeyes-football-vs-oregon-columbus-ohio-11-07-2026/event/050064A7EAE8D0FA,2026-11-07,,America/New_York,onsale,OH,Columbus,KovZpZAEAAeA,Ohio Stadium,40.00400300,-83.01936300,Sports,Football,College,K8vZ917Gun0,Ohio State Buckeyes Football,PROMOTED BY VENUE,,,
vv1keZvPA_GA1KEq6,WWE Monday Night RAW,https://www.ticketmaster.com/wwe-monday-night-raw-toledo-ohio-12-07-2026/event/080065159A4E7747,2026-12-07,19:30:00,America/New_York,onsale,OH,Toledo,KovZpZAJA6FA,Huntington Center,41.65103800,-83.53757100,Sports,Wrestling,Wrestling,K8vZ91718zf,WWE,WORLD WRESTLING ENTERTAINMENT,,,
vvG1fZ_1Lnzud-,Ohio State Buckeyes Football vs. University of Illinois Fighting Illini Football,https://www.ticketmaster.com/ohio-state-buckeyes-football-vs-university-columbus-ohio-09-26-2026/event/050064A7EAE0D0E1,2026-09-26,12:00:00,America/New_York,onsale,OH,Columbus,KovZpZAEAAeA,Ohio Stadium,40.00400300,-83.01936300,Sports,Football,College,K8vZ917Gun0,Ohio State Buckeyes Football,PROMOTED BY VENUE,,,
vvG1fZ_1Lnyudi,Ohio State Buckeyes Football vs. University of Maryland Terrapins Football,https://www.ticketmaster.com/ohio-state-buckeyes-football-vs-university-columbus-ohio-10-10-2026/event/050064A7EAE4D0EC,2026-10-10,,America/New_York,onsale,OH,Columbus,KovZpZAEAAeA,Ohio Stadium,40.00400300,-83.01936300,Sports,Football,College,K8vZ917Gun0,Ohio State Buckeyes Football,PROMOTED BY VENUE,,,
vv17fZ_8GkU3Y7M6,WWE Road To Survivor Series: WarGames,https://www.ticketmaster.com/wwe-road-to-survivor-series-wargames-youngstown-ohio-10-29-2026/event/0500650D92C04DC7,2026-10-29,19:30:00,America/New_York,onsale,OH,Youngstown,KovZpZA6A1nA,Covelli Centre,41.09566900,-80.64933700,Sports,Wrestling,Wrestling,K8vZ91718zf,WWE,WORLD WRESTLING ENTERTAINMENT,,,
vv17fZ_FGkDx0-pN,Teddy Swims: The UGLY Tour,https://www.ticketmaster.com/teddy-swims-the-ugly-tour-columbus-ohio-09-30-2026/event/0500648EE29215A3,2026-09-30,19:00:00,America/New_York,onsale,OH,Columbus,KovZpZA6kelA,Nationwide Arena,39.96939661,-83.00636203,Music,Pop,Electro Pop,K8vZ917bnP0,Teddy Swims,AEG LIVE,,,
Z7r9jZ1AAvx-d,Trans-Siberian Orchestra - The Ghosts Of Christmas Eve,https://www.ticketmaster.com/event/Z7r9jZ1AAvx-d,2026-12-22,15:00:00,,onsale,OH,Cleveland,Z6r9jZ6aAe,Rocket Arena,41.492401000,-81.671204000,Music,Classical,Classical/Vocal,K8vZ9171L10,Trans-Siberian Orchestra,LIVE NATION MUSIC,,,
Z7r9jZ1AAvx-k,Trans-Siberian Orchestra - The Ghosts Of Christmas Eve,https://www.ticketmaster.com/event/Z7r9jZ1AAvx-k,2026-12-22,19:30:00,,onsale,OH,Cleveland,Z6r9jZ6aAe,Rocket Arena,41.492401000,-81.671204000,Music,Classical,Classical/Vocal,K8vZ9171L10,Trans-Siberian Orchestra,LIVE NATION MUSIC,,,
vv1AAZkfIGkdE2ffN,Trans-Siberian Orchestra - The Ghosts Of Christmas Eve,https://rocketarena.com/events/detail/trans-siberian-orchestra-261222,2026-12-22,19:30:00,America/New_York,onsale,OH,Cleveland,KovZpZAF7dtA,Rocket Arena,41.49670350,-81.68948250,Music,Rock,Pop,K8vZ9171L10,Trans-Siberian Orchestra,LIVE NATION MUSIC,,,
vv1AAZkfIGkdJE02v,Trans-Siberian Orchestra - The Ghosts Of Christmas Eve,https://rocketarena.com/events/detail/trans-siberian-orchestra-261222,2026-12-22,15:00:00,America/New_York,onsale,OH,Cleveland,KovZpZAF7dtA,Rocket Arena,41.49670350,-81.68948250,Music,Rock,Pop,K8vZ9171L10,Trans-Siberian Orchestra,LIVE NATION MUSIC,,,
vvG1fZ_1LnDudT,Ohio State Buckeyes Football vs. Northwestern Wildcats Football,https://www.ticketmaster.com/ohio-state-buckeyes-football-vs-northwestern-columbus-ohio-11-14-2026/event/050064A7EAECD0FF,2026-11-14,,America/New_York,onsale,OH,Columbus,KovZpZAEAAeA,Ohio Stadium,40.00400300,-83.01936300,Sports,Football,College,K8vZ917Gun0,Ohio State Buckeyes Football,PROMOTED BY VENUE,,,
vv17fZ_aGkMTNRI-,Olivia Rodrigo: The Unraveled Tour,https://www.ticketmaster.com/olivia-rodrigo-the-unraveled-tour-columbus-ohio-10-30-2026/event/0500649DFF8EFA21,2026-10-30,19:00:00,America/New_York,onsale,OH,Columbus,KovZpZA6A1EA,Schottenstein Center,40.00800790,-83.02490810,Music,Pop,Electro Pop,K8vZ917_Su0,Olivia Rodrigo,LIVE NATION MUSIC,,,
vv17fZ_aGkMTN2Ij,Olivia Rodrigo: The Unraveled Tour,https://www.ticketmaster.com/olivia-rodrigo-the-unraveled-tour-columbus-ohio-10-29-2026/event/0500649DFF8CFA1C,2026-10-29,19:00:00,America/New_York,onsale,OH,Columbus,KovZpZA6A1EA,Schottenstein Center,40.00800790,-83.02490810,Music,Pop,Electro Pop,K8vZ917_Su0,Olivia Rodrigo,LIVE NATION MUSIC,,,
vv17fZ_kGkBn8ycj,WEEZER: The Gathering,https://www.ticketmaster.com/weezer-the-gathering-columbus-ohio-10-06-2026/event/0500646EAA439B5C,2026-10-06,19:00:00,America/New_York,onsale,OH,Columbus,KovZpZA6kelA,Nationwide Arena,39.96939661,-83.00636203,Music,Rock,Alternative Rock,K8vZ91713gf,Weezer,LIVE NATION MUSIC,,,
vvG1fZ_CUYVzv7,CBJ V. TAMPA BAY LIGHTNING,https://www.ticketmaster.com/cbj-v-tampa-bay-lightning-columbus-ohio-11-12-2026/event/050064EDB0D38044,2026-11-12,19:00:00,America/New_York,onsale,OH,Columbus,KovZpZA6kelA,Nationwide Arena,39.96939661,-83.00636203,Sports,Hockey,NHL,K8vZ9171-C0,Columbus Blue Jackets,NHL REGULAR SEASON,,,
vvG1fZ_1x9IG7q,Niall Horan: Dinner Party Live On Tour,https://www.ticketmaster.com/niall-horan-dinner-party-live-on-columbus-ohio-03-20-2027/event/050064A897A0C11D,2027-03-20,19:30:00,America/New_York,onsale,OH,Columbus,KovZpZA6kelA,Nationwide Arena,39.96939661,-83.00636203,Music,Rock,Pop,K8vZ9174OHV,Niall Horan,LIVE NATION MUSIC,,,
vv17fZ_8GkVokTkM,Jonas Brothers: The Burning Up Tour All Over Again,https://www.ticketmaster.com/jonas-brothers-the-burning-up-tour-columbus-ohio-10-16-2026/event/0500650D111BF1B7,2026-10-16,19:30:00,America/New_York,onsale,OH,Columbus,KovZpZA6kelA,Nationwide Arena,39.96939661,-83.00636203,Music,Pop,Electro Pop,K8vZ9175T17,Jonas Brothers,LIVE NATION MUSIC,,,
vv17fZ_6Gkzk_XRx,Johnny Blue Skies & the Dark Clouds - Mutiny for the Masses 2026 Tour,https://www.ticketmaster.com/johnny-blue-skies-the-dark-clouds-columbus-ohio-10-07-2026/event/0500647E0667EBE2,2026-10-07,20:00:00,America/New_York,onsale,OH,Columbus,KovZpZA6kelA,Nationwide Arena,39.96939661,-83.00636203,Music,Rock,Pop,K8vZ9178Eof,Johnny Blue Skies,AEG LIVE,,,
vv1AAZkfbGkdjr-4o,"TOBYMAC with Jeremy Camp, Seph Schlueter, Katy Nichole: Hits Deep Tour",https://www.ticketmaster.com/tobymac-with-jeremy-camp-seph-schlueter-columbus-ohio-02-18-2027/event/05006518DC7A1551,2027-02-18,19:00:00,America/New_York,onsale,OH,Columbus,KovZpZA6kelA,Nationwide Arena,39.96939661,-83.00636203,Music,Religious,Gospel,K8vZ9175Av7,TOBYMAC,AWAKENING EVENTS,,,
vvG1fZ_G3rnn0o,Phoebe Bridgers: The Lost Tour,https://www.ticketmaster.com/phoebe-bridgers-the-lost-tour-columbus-ohio-09-22-2026/event/050064C49EAAA911,2026-09-22,19:30:00,America/New_York,onsale,OH,Columbus,KovZpZA6kelA,Nationwide Arena,39.96939661,-83.00636203,Music,Rock,Alternative Rock,K8vZ917KN9V,Phoebe Bridgers,THE MESSINA GROUP (TMG),,,
vvG1fZ_CMQJcKx,OPENING NIGHT - CBJ V. BUFFALO SABRES,https://www.ticketmaster.com/opening-night-cbj-v-buffalo-sabres-columbus-ohio-10-01-2026/event/050064EDDA9AD4E2,2026-10-01,19:00:00,America/New_York,onsale,OH,Columbus,KovZpZA6kelA,Nationwide Arena,39.96939661,-83.00636203,Sports,Hockey,NHL,K8vZ9171-C0,Columbus Blue Jackets,NHL REGULAR SEASON,,,
vvG1fZ_CM9xuZX,CBJ V. NEW JERSEY DEVILS,https://www.ticketmaster.com/cbj-v-new-jersey-devils-columbus-ohio-11-25-2026/event/050064EDD788D03E,2026-11-25,19:00:00,America/New_York,onsale,OH,Columbus,KovZpZA6kelA,Nationwide Arena,39.96939661,-83.00636203,Sports,Hockey,NHL,K8vZ9171-C0,Columbus Blue Jackets,NHL REGULAR SEASON,,,
vvG1fZ_CM9rcZ1,CBJ V. NEW JERSEY DEVILS,https://www.ticketmaster.com/cbj-v-new-jersey-devils-columbus-ohio-02-26-2027/event/050064EDD77AD00A,2027-02-26,19:00:00,America/New_York,onsale,OH,Columbus,KovZpZA6kelA,Nationwide Arena,39.96939661,-83.00636203,Sports,Hockey,NHL,K8vZ9171-C0,Columbus Blue Jackets,NHL REGULAR SEASON,,,
vvG1fZ_CUYiETh,CBJ V. UTAH MAMMOTH,https://www.ticketmaster.com/cbj-v-utah-mammoth-columbus-ohio-10-03-2026/event/050064EDB0B27FDB,2026-10-03,19:00:00,America/New_York,onsale,OH,Columbus,KovZpZA6kelA,Nationwide Arena,39.96939661,-83.00636203,Sports,Hockey,NHL,K8vZ9171-C0,Columbus Blue Jackets,NHL REGULAR SEASON,,,
vvG1fZ_CMfhjPI,CBJ V. VEGAS GOLDEN KNIGHTS,https://www.ticketmaster.com/cbj-v-vegas-golden-knights-columbus-ohio-10-24-2026/event/050064EDD46DC968,2026-10-24,19:00:00,America/New_York,onsale,OH,Columbus,KovZpZA6kelA,Nationwide Arena,39.96939661,-83.00636203,Sports,Hockey,NHL,K8vZ9171-C0,Columbus Blue Jackets,NHL REGULAR SEASON,,,
vvG1fZ_CM9LWZf,CBJ V. SAN JOSE SHARKS,https://www.ticketmaster.com/cbj-v-san-jose-sharks-columbus-ohio-03-13-2027/event/050064EDD77FD014,2027-03-13,19:00:00,America/New_York,onsale,OH,Columbus,KovZpZA6kelA,Nationwide Arena,39.96939661,-83.00636203,Sports,Hockey,NHL,K8vZ9171-C0,Columbus Blue Jackets,NHL REGULAR SEASON,,,
vvG1fZ_u57CN0u,Ella Langley: The Dandelion Tour,https://www.ticketmaster.com/ella-langley-the-dandelion-tour-columbus-ohio-09-25-2026/event/050064D2C43A390D,2026-09-25,19:00:00,America/New_York,onsale,OH,Columbus,KovZpZA6A1EA,Schottenstein Center,40.00800790,-83.02490810,Music,Country,Country,K8vZ917_mB0,Ella Langley,PEACHTREE ENTERTAINMENT,,,
vvG1fZ_CMfjiPU,CBJ V. MONTREAL CANADIENS,https://www.ticketmaster.com/cbj-v-montreal-canadiens-columbus-ohio-12-12-2026/event/050064EDD472C976,2026-12-12,13:00:00,America/New_York,onsale,OH,Columbus,KovZpZA6kelA,Nationwide Arena,39.96939661,-83.00636203,Sports,Hockey,NHL,K8vZ9171-C0,Columbus Blue Jackets,NHL REGULAR SEASON,,,
vvG1fZ_CUYcMTl,CBJ V. FLORIDA PANTHERS,https://www.ticketmaster.com/cbj-v-florida-panthers-columbus-ohio-10-13-2026/event/050064EDB0B77FEB,2026-10-13,18:15:00,America/New_York,onsale,OH,Columbus,KovZpZA6kelA,Nationwide Arena,39.96939661,-83.00636203,Sports,Hockey,NHL,K8vZ9171-C0,Columbus Blue Jackets,NHL REGULAR SEASON,,,
vvG1fZ_CM9OWZs,CBJ V. PHILADELPHIA FLYERS,https://www.ticketmaster.com/cbj-v-philadelphia-flyers-columbus-ohio-11-14-2026/event/050064EDD783D031,2026-11-14,19:00:00,America/New_York,onsale,OH,Columbus,KovZpZA6kelA,Nationwide Arena,39.96939661,-83.00636203,Sports,Hockey,NHL,K8vZ9171-C0,Columbus Blue Jackets,NHL REGULAR SEASON,,,
vvG1fZ_CUYsbZn,CBJ V. COLORADO AVALANCHE,https://www.ticketmaster.com/cbj-v-colorado-avalanche-columbus-ohio-11-03-2026/event/050064EDB0C5802A,2026-11-03,19:00:00,America/New_York,onsale,OH,Columbus,KovZpZA6kelA,Nationwide Arena,39.96939661,-83.00636203,Sports,Hockey,NHL,K8vZ9171-C0,Columbus Blue Jackets,NHL REGULAR SEASON,,,
vvG1fZ_CUYUFv1,CBJ V. MINNESOTA WILD,https://www.ticketmaster.com/cbj-v-minnesota-wild-columbus-ohio-12-10-2026/event/050064EDB0D8804A,2026-12-10,19:00:00,America/New_York,onsale,OH,Columbus,KovZpZA6kelA,Nationwide Arena,39.96939661,-83.00636203,Sports,Hockey,NHL,K8vZ9171-C0,Columbus Blue Jackets,NHL REGULAR SEASON,,,
vvG1fZ_CMjLuL2,CBJ V. EDMONTON OILERS,https://www.ticketmaster.com/cbj-v-edmonton-oilers-columbus-ohio-12-27-2026/event/050064EDDC7CD7CF,2026-12-27,18:00:00,America/New_York,onsale,OH,Columbus,KovZpZA6kelA,Nationwide Arena,39.96939661,-83.00636203,Sports,Hockey,NHL,K8vZ9171-C0,Columbus Blue Jackets,NHL REGULAR SEASON,,,
vvG1fZ_CM9Nqvk,CBJ V. MONTREAL CANADIENS,https://www.ticketmaster.com/cbj-v-montreal-canadiens-columbus-ohio-12-22-2026/event/050064EDD78DD046,2026-12-22,19:00:00,America/New_York,onsale,OH,Columbus,KovZpZA6kelA,Nationwide Arena,39.96939661,-83.00636203,Sports,Hockey,NHL,K8vZ9171-C0,Columbus Blue Jackets,NHL REGULAR SEASON,,,
vvG1fZ_CMfrHJ0,CBJ V. LOS ANGELES KINGS,https://www.ticketmaster.com/cbj-v-los-angeles-kings-columbus-ohio-12-19-2026/event/050064EDD47BC9A4,2026-12-19,19:00:00,America/New_York,onsale,OH,Columbus,KovZpZA6kelA,Nationwide Arena,39.96939661,-83.00636203,Sports,Hockey,NHL,K8vZ9171-C0,Columbus Blue Jackets,NHL REGULAR SEASON,,,
vvG1fZ_CUYSIZB,CBJ V. FLORIDA PANTHERS,https://www.ticketmaster.com/cbj-v-florida-panthers-columbus-ohio-11-10-2026/event/050064EDB0CE803A,2026-11-10,19:30:00,America/New_York,onsale,OH,Columbus,KovZpZA6kelA,Nationwide Arena,39.96939661,-83.00636203,Sports,Hockey,NHL,K8vZ9171-C0,Columbus Blue Jackets,NHL REGULAR SEASON,,,
vvG1fZ_CMfqiJA,CBJ V. SEATTLE KRAKEN,https://www.ticketmaster.com/cbj-v-seattle-kraken-columbus-ohio-12-17-2026/event/050064EDD476C985,2026-12-17,19:00:00,America/New_York,onsale,OH,Columbus,KovZpZA6kelA,Nationwide Arena,39.96939661,-83.00636203,Sports,Hockey,NHL,K8vZ9171-C0,Columbus Blue Jackets,NHL REGULAR SEASON,,,
vvG1fZ_CM9jjTY,CBJ V. BUFFALO SABRES,https://www.ticketmaster.com/cbj-v-buffalo-sabres-columbus-ohio-01-08-2027/event/050064EDD771CFF0,2027-01-08,19:00:00,America/New_York,onsale,OH,Columbus,KovZpZA6kelA,Nationwide Arena,39.96939661,-83.00636203,Sports,Hockey,NHL,K8vZ9171-C0,Columbus Blue Jackets,NHL REGULAR SEASON,,,
vvG1fZ_CUYMbv9,CBJ V. CAROLINA HURRICANES,https://www.ticketmaster.com/cbj-v-carolina-hurricanes-columbus-ohio-12-15-2026/event/050064EDB0DD8057,2026-12-15,19:00:00,America/New_York,onsale,OH,Columbus,KovZpZA6kelA,Nationwide Arena,39.96939661,-83.00636203,Sports,Hockey,NHL,K8vZ9171-C0,Columbus Blue Jackets,NHL REGULAR SEASON,,,
vvG1fZ_CMQ-cKk,CBJ V. NASHVILLE PREDATORS,https://www.ticketmaster.com/cbj-v-nashville-predators-columbus-ohio-02-20-2027/event/050064EDDA86D4C6,2027-02-20,17:00:00,America/New_York,onsale,OH,Columbus,KovZpZA6kelA,Nationwide Arena,39.96939661,-83.00636203,Sports,Hockey,NHL,K8vZ9171-C0,Columbus Blue Jackets,NHL REGULAR SEASON,,,
vvG1fZ_CMfKG01,CBJ VS OTTAWA SENATORS,https://www.ticketmaster.com/cbj-vs-ottawa-senators-columbus-ohio-02-11-2027/event/050064EDD44CC90A,2027-02-11,19:00:00,America/New_York,onsale,OH,Columbus,KovZpZA6kelA,Nationwide Arena,39.96939661,-83.00636203,Sports,Hockey,NHL,K8vZ9171-C0,Columbus Blue Jackets,NHL REGULAR SEASON,,,
vvG1fZ_CMQPqKr,CBJ V. ST. LOUIS BLUES,https://www.ticketmaster.com/cbj-v-st-louis-blues-columbus-ohio-03-27-2027/event/050064EDDA95D4DE,2027-03-27,19:00:00,America/New_York,onsale,OH,Columbus,KovZpZA6kelA,Nationwide Arena,39.96939661,-83.00636203,Sports,Hockey,NHL,K8vZ9171-C0,Columbus Blue Jackets,NHL REGULAR SEASON,,,
vvG1fZ_CMfoH0e,CBJ V. CALGARY FLAMES,https://www.ticketmaster.com/cbj-v-calgary-flames-columbus-ohio-01-21-2027/event/050064EDD447C902,2027-01-21,19:00:00,America/New_York,onsale,OH,Columbus,KovZpZA6kelA,Nationwide Arena,39.96939661,-83.00636203,Sports,Hockey,NHL,K8vZ9171-C0,Columbus Blue Jackets,NHL REGULAR SEASON,,,
vvG1fZ_CUYl9Tf,CBJ V. WINNIPEG JETS,https://www.ticketmaster.com/cbj-v-winnipeg-jets-columbus-ohio-01-28-2027/event/050064EDB0AD7FD4,2027-01-28,19:00:00,America/New_York,onsale,OH,Columbus,KovZpZA6kelA,Nationwide Arena,39.96939661,-83.00636203,Sports,Hockey,NHL,K8vZ9171-C0,Columbus Blue Jackets,NHL REGULAR SEASON,,,
vvG1fZ_CMffj0q,CBJ V. CAROLINA HURRICANES,https://www.ticketmaster.com/cbj-v-carolina-hurricanes-columbus-ohio-03-01-2027/event/050064EDD451C91D,2027-03-01,19:00:00,America/New_York,onsale,OH,Columbus,KovZpZA6kelA,Nationwide Arena,39.96939661,-83.00636203,Sports,Hockey,NHL,K8vZ9171-C0,Columbus Blue Jackets,NHL REGULAR SEASON,,,
vv1AAZkfAGkdiaz4W,DISPATCH FAMILY VALUE PACK-CBJ VS. DETROIT RED WINGS,https://am.ticketmaster.com/bluejackets/promotional-page?id=MTIx,2026-09-21,19:00:00,America/New_York,onsale,OH,Columbus,KovZpZA6kelA,Nationwide Arena,39.96939661,-83.00636203,Sports,Hockey,NHL,K8vZ9171-C0,Columbus Blue Jackets,PROMOTED BY VENUE,,,
vv1AAZkfAGkdi1bpd,DISPATCH FAMILY VALUE PACK-CBJ VS. PITTSBURGH PENGUINS,https://am.ticketmaster.com/bluejackets/promotional-page?id=MTIx,2026-09-24,19:00:00,America/New_York,onsale,OH,Columbus,KovZpZA6kelA,Nationwide Arena,39.96939661,-83.00636203,Sports,Hockey,NHL,K8vZ9171-C0,Columbus Blue Jackets,PROMOTED BY VENUE,,,
vv1AAZkfAGkdi1Ip8,DISPATCH FAMILY VALUE PACK-CBJ VS. BUFFALO SABRES,https://am.ticketmaster.com/bluejackets/promotional-page?id=MTIx,2026-10-01,19:00:00,America/New_York,onsale,OH,Columbus,KovZpZA6kelA,Nationwide Arena,39.96939661,-83.00636203,Sports,Hockey,NHL,K8vZ9171-C0,Columbus Blue Jackets,PROMOTED BY VENUE,,,
vv1AAZkfAGkdi1zp_,DISPATCH FAMILY VALUE PACK-CBJ VS. UTAH MAMMOTH,https://am.ticketmaster.com/bluejackets/promotional-page?id=MTIx,2026-10-03,19:00:00,America/New_York,onsale,OH,Columbus,KovZpZA6kelA,Nationwide Arena,39.96939661,-83.00636203,Sports,Hockey,NHL,K8vZ9171-C0,Columbus Blue Jackets,PROMOTED BY VENUE,,,
vv1AAZkfAGkdi5bpx,DISPATCH FAMILY VALUE PACK-CBJ VS. PITTSBURGH PENGUINS,https://am.ticketmaster.com/bluejackets/promotional-page?id=MTIx,2026-10-09,19:00:00,America/New_York,onsale,OH,Columbus,KovZpZA6kelA,Nationwide Arena,39.96939661,-83.00636203,Sports,Hockey,NHL,K8vZ9171-C0,Columbus Blue Jackets,PROMOTED BY VENUE,,,
vv1AAZkfAGkdi5Ipn,DISPATCH FAMILY VALUE PACK-CBJ VS. FLORIDA PANTHERS,https://am.ticketmaster.com/bluejackets/promotional-page?id=MTIx,2026-10-13,18:15:00,America/New_York,onsale,OH,Columbus,KovZpZA6kelA,Nationwide Arena,39.96939661,-83.00636203,Sports,Hockey,NHL,K8vZ9171-C0,Columbus Blue Jackets,PROMOTED BY VENUE,,,
vv1AAZkfAGkdi5zpY,DISPATCH FAMILY VALUE PACK-CBJ VS. NEW YORK RANGERS,https://am.ticketmaster.com/bluejackets/promotional-page?id=MTIx,2026-10-17,19:00:00,America/New_York,onsale,OH,Columbus,KovZpZA6kelA,Nationwide Arena,39.96939661,-83.00636203,Sports,Hockey,NHL,K8vZ9171-C0,Columbus Blue Jackets,PROMOTED BY VENUE,,,
vv1AAZkfAGkdiGbpM,DISPATCH FAMILY VALUE PACK-CBJ VS. TORONTO MAPLE LEAFS,https://am.ticketmaster.com/bluejackets/promotional-page?id=MTIx,2026-10-20,19:00:00,America/New_York,onsale,OH,Columbus,KovZpZA6kelA,Nationwide Arena,39.96939661,-83.00636203,Sports,Hockey,NHL,K8vZ9171-C0,Columbus Blue Jackets,PROMOTED BY VENUE,,,
vv1AAZkfAGkdiGIpX,DISPATCH FAMILY VALUE PACK-CBJ VS. VEGAS GOLDEN KNIGHTS,https://am.ticketmaster.com/bluejackets/promotional-page?id=MTIx,2026-10-24,19:00:00,America/New_York,onsale,OH,Columbus,KovZpZA6kelA,Nationwide Arena,39.96939661,-83.00636203,Sports,Hockey,NHL,K8vZ9171-C0,Columbus Blue Jackets,PROMOTED BY VENUE,,,
vv1AAZkfAGkdiGz9k,DISPATCH FAMILY VALUE PACK-CBJ VS. COLORADO AVALANCHE,https://am.ticketmaster.com/bluejackets/promotional-page?id=MTIx,2026-11-03,19:00:00,America/New_York,onsale,OH,Columbus,KovZpZA6kelA,Nationwide Arena,39.96939661,-83.00636203,Sports,Hockey,NHL,K8vZ9171-C0,Columbus Blue Jackets,PROMOTED BY VENUE,,,
vv1AAZkfAGkdiub9Q,DISPATCH FAMILY VALUE PACK-CBJ VS. DALLAS STARS,https://am.ticketmaster.com/bluejackets/promotional-page?id=MTIx,2026-11-05,19:00:00,America/New_York,onsale,OH,Columbus,KovZpZA6kelA,Nationwide Arena,39.96939661,-83.00636203,Sports,Hockey,NHL,K8vZ9171-C0,Columbus Blue Jackets,PROMOTED BY VENUE,,,
vv1AAZkfAGkdiuI9n,DISPATCH FAMILY VALUE PACK-CBJ VS. FLORIDA PANTHERS,https://am.ticketmaster.com/bluejackets/promotional-page?id=MTIx,2026-11-10,19:00:00,America/New_York,onsale,OH,Columbus,KovZpZA6kelA,Nationwide Arena,39.96939661,-83.00636203,Sports,Hockey,NHL,K8vZ9171-C0,Columbus Blue Jackets,PROMOTED BY VENUE,,,
vv1AAZkfAGkdiuz9m,DISPATCH FAMILY VALUE PACK-CBJ VS. TAMPA BAY LIGHTNING,https://am.ticketmaster.com/bluejackets/promotional-page?id=MTIx,2026-11-12,19:00:00,America/New_York,onsale,OH,Columbus,KovZpZA6kelA,Nationwide Arena,39.96939661,-83.00636203,Sports,Hockey,NHL,K8vZ9171-C0,Columbus Blue Jackets,PROMOTED BY VENUE,,,
vv1AAZkfAGkdiCF9Y,DISPATCH FAMILY VALUE PACK-CBJ VS. PHILADELPHIA FLYERS,https://am.ticketmaster.com/bluejackets/promotional-page?id=MTIx,2026-11-14,19:00:00,America/New_York,onsale,OH,Columbus,KovZpZA6kelA,Nationwide Arena,39.96939661,-83.00636203,Sports,Hockey,NHL,K8vZ9171-C0,Columbus Blue Jackets,PROMOTED BY VENUE,,,
vvG1fZ_CMfQGPP,CBJ V. PHILADELPHIA FLYERS,https://www.ticketmaster.com/cbj-v-philadelphia-flyers-columbus-ohio-04-08-2027/event/050064EDD468C965,2027-04-08,19:30:00,America/New_York,onsale,OH,Columbus,KovZpZA6kelA,Nationwide Arena,39.96939661,-83.00636203,Sports,Hockey,NHL,K8vZ9171-C0,Columbus Blue Jackets,NHL REGULAR SEASON,,,
vv1AAZkfAGkdiCI9z,DISPATCH FAMILY VALUE PACK-CBJ VS. NEW JERSEY DEVILS,https://am.ticketmaster.com/bluejackets/promotional-page?id=MTIx,2026-11-25,19:00:00,America/New_York,onsale,OH,Columbus,KovZpZA6kelA,Nationwide Arena,39.96939661,-83.00636203,Sports,Hockey,NHL,K8vZ9171-C0,Columbus Blue Jackets,PROMOTED BY VENUE,,,
vv1AAZkfAGkdiCzb6,DISPATCH FAMILY VALUE PACK-CBJ VS. DETROIT RED WINGS,https://am.ticketmaster.com/bluejackets/promotional-page?id=MTIx,2026-11-27,15:00:00,America/New_York,onsale,OH,Columbus,KovZpZA6kelA,Nationwide Arena,39.96939661,-83.00636203,Sports,Hockey,NHL,K8vZ9171-C0,Columbus Blue Jackets,PROMOTED BY VENUE,,,
vvG1fZ_CMf4j00,CBJ V. VANCOUVER CANUCKS,https://www.ticketmaster.com/cbj-v-vancouver-canucks-columbus-ohio-03-11-2027/event/050064EDD455C924,2027-03-11,19:00:00,America/New_York,onsale,OH,Columbus,KovZpZA6kelA,Nationwide Arena,39.96939661,-83.00636203,Sports,Hockey,NHL,K8vZ9171-C0,Columbus Blue Jackets,NHL REGULAR SEASON,,,
vv1AAZkfAGkdi2Fbo,DISPATCH FAMILY VALUE PACK-CBJ VS. MINNESOTA WILD,https://am.ticketmaster.com/bluejackets/promotional-page?id=MTIx,2026-12-10,19:00:00,America/New_York,onsale,OH,Columbus,KovZpZA6kelA,Nationwide Arena,39.96939661,-83.00636203,Sports,Hockey,NHL,K8vZ9171-C0,Columbus Blue Jackets,PROMOTED BY VENUE,,,
vv1AAZkfAGkdi2IbK,DISPATCH FAMILY VALUE PACK-CBJ VS. MONTREAL CANADIENS,https://am.ticketmaster.com/bluejackets/promotional-page?id=MTIx,2026-12-12,13:00:00,America/New_York,onsale,OH,Columbus,KovZpZA6kelA,Nationwide Arena,39.96939661,-83.00636203,Sports,Hockey,NHL,K8vZ9171-C0,Columbus Blue Jackets,PROMOTED BY VENUE,,,
vv1AAZkfAGkdi2zb_,DISPATCH FAMILY VALUE PACK-CBJ VS. CAROLINA HURRICANES,https://am.ticketmaster.com/bluejackets/promotional-page?id=MTIx,2026-12-15,19:00:00,America/New_York,onsale,OH,Columbus,KovZpZA6kelA,Nationwide Arena,39.96939661,-83.00636203,Sports,Hockey,NHL,K8vZ9171-C0,Columbus Blue Jackets,PROMOTED BY VENUE,,,
vv1AAZkfAGkdi8Fbx,DISPATCH FAMILY VALUE PACK-CBJ VS. SEATTLE KRAKEN,https://am.ticketmaster.com/bluejackets/promotional-page?id=MTIx,2026-12-17,19:00:00,America/New_York,onsale,OH,Columbus,KovZpZA6kelA,Nationwide Arena,39.96939661,-83.00636203,Sports,Hockey,NHL,K8vZ9171-C0,Columbus Blue Jackets,PROMOTED BY VENUE,,,
vv1AAZkfAGkdi8bbl,DISPATCH FAMILY VALUE PACK-CBJ VS. LOS ANGELES KINGS,https://am.ticketmaster.com/bluejackets/promotional-page?id=MTIx,2026-12-19,19:00:00,America/New_York,onsale,OH,Columbus,KovZpZA6kelA,Nationwide Arena,39.96939661,-83.00636203,Sports,Hockey,NHL,K8vZ9171-C0,Columbus Blue Jackets,PROMOTED BY VENUE,,,
vv1AAZkfAGkdi8zbS,DISPATCH FAMILY VALUE PACK-CBJ VS. MONTREAL CANADIENS,https://am.ticketmaster.com/bluejackets/promotional-page?id=MTIx,2026-12-22,19:00:00,America/New_York,onsale,OH,Columbus,KovZpZA6kelA,Nationwide Arena,39.96939661,-83.00636203,Sports,Hockey,NHL,K8vZ9171-C0,Columbus Blue Jackets,PROMOTED BY VENUE,,,
vv1AAZkfAGkdioFbD,DISPATCH FAMILY VALUE PACK-CBJ VS. EDMONTON OILERS,https://am.ticketmaster.com/bluejackets/promotional-page?id=MTIx,2026-12-27,17:00:00,America/New_York,onsale,OH,Columbus,KovZpZA6kelA,Nationwide Arena,39.96939661,-83.00636203,Sports,Hockey,NHL,K8vZ9171-C0,Columbus Blue Jackets,PROMOTED BY VENUE,,,
vv1AAZkfAGkdiob_k,DISPATCH FAMILY VALUE PACK-CBJ VS. WASHINGTON CAPITALS,https://am.ticketmaster.com/bluejackets/promotional-page?id=MTIx,2026-12-31,14:00:00,America/New_York,onsale,OH,Columbus,KovZpZA6kelA,Nationwide Arena,39.96939661,-83.00636203,Sports,Hockey,NHL,K8vZ9171-C0,Columbus Blue Jackets,PROMOTED BY VENUE,,,
vv1AAZkfAGkdioz_C,DISPATCH FAMILY VALUE PACK-CBJ VS. BOSTON BRUINS,https://am.ticketmaster.com/bluejackets/promotional-page?id=MTIx,2027-01-02,19:00:00,America/New_York,onsale,OH,Columbus,KovZpZA6kelA,Nationwide Arena,39.96939661,-83.00636203,Sports,Hockey,NHL,K8vZ9171-C0,Columbus Blue Jackets,PROMOTED BY VENUE,,,
vv1AAZkfAGkdi3F__,DISPATCH FAMILY VALUE PACK-CBJ VS. NEW YORK RANGERS,https://am.ticketmaster.com/bluejackets/promotional-page?id=MTIx,2027-01-05,19:00:00,America/New_York,onsale,OH,Columbus,KovZpZA6kelA,Nationwide Arena,39.96939661,-83.00636203,Sports,Hockey,NHL,K8vZ9171-C0,Columbus Blue Jackets,PROMOTED BY VENUE,,,
vv1AAZkfAGkdi3b_0,DISPATCH FAMILY VALUE PACK-CBJ VS. BUFFALO SABRES,https://am.ticketmaster.com/bluejackets/promotional-page?id=MTIx,2027-01-08,19:00:00,America/New_York,onsale,OH,Columbus,KovZpZA6kelA,Nationwide Arena,39.96939661,-83.00636203,Sports,Hockey,NHL,K8vZ9171-C0,Columbus Blue Jackets,PROMOTED BY VENUE,,,
vv1AAZkfAGkdi3I_I,DISPATCH FAMILY VALUE PACK-CBJ VS. CALGARY FLAMES,https://am.ticketmaster.com/bluejackets/promotional-page?id=MTIx,2027-01-21,19:00:00,America/New_York,onsale,OH,Columbus,KovZpZA6kelA,Nationwide Arena,39.96939661,-83.00636203,Sports,Hockey,NHL,K8vZ9171-C0,Columbus Blue Jackets,PROMOTED BY VENUE,,,
vv1AAZk8EGkdloFXu,Five Finger Death Punch,https://www.ticketmaster.com/five-finger-death-punch-columbus-ohio-10-21-2026/event/05006427EB448F8D,2026-10-21,18:45:00,America/New_York,onsale,OH,Columbus,KovZpZA6kelA,Nationwide Arena,39.96939661,-83.00636203,Music,Metal,Nu-Metal,K8vZ917GCJ7,Five Finger Death Punch,LIVE NATION MUSIC,,,
vv1AAZkfAGkdiKF_c,DISPATCH FAMILY VALUE PACK-CBJ VS. ANAHEIM DUCKS,https://am.ticketmaster.com/bluejackets/promotional-page?id=MTIx,2027-01-24,17:00:00,America/New_York,onsale,OH,Columbus,KovZpZA6kelA,Nationwide Arena,39.96939661,-83.00636203,Sports,Hockey,NHL,K8vZ9171-C0,Columbus Blue Jackets,PROMOTED BY VENUE,,,
vv1AAZkfAGkdiKb_y,DISPATCH FAMILY VALUE PACK-CBJ VS. WINNIPEG JETS,https://am.ticketmaster.com/bluejackets/promotional-page?id=MTIx,2027-01-28,19:00:00,America/New_York,onsale,OH,Columbus,KovZpZA6kelA,Nationwide Arena,39.96939661,-83.00636203,Sports,Hockey,NHL,K8vZ9171-C0,Columbus Blue Jackets,PROMOTED BY VENUE,,,
vv1AAZkfAGkdiKI_T,DISPATCH FAMILY VALUE PACK-CBJ VS. DETROIT RED WINGS,https://am.ticketmaster.com/bluejackets/promotional-page?id=MTIx,2027-01-30,19:00:00,America/New_York,onsale,OH,Columbus,KovZpZA6kelA,Nationwide Arena,39.96939661,-83.00636203,Sports,Hockey,NHL,K8vZ9171-C0,Columbus Blue Jackets,PROMOTED BY VENUE,,,
vv1AAZkfAGkdifFQF,DISPATCH FAMILY VALUE PACK-CBJ VS. OTTAWA SENATORS,https://am.ticketmaster.com/bluejackets/promotional-page?id=MTIx,2027-02-11,19:00:00,America/New_York,onsale,OH,Columbus,KovZpZA6kelA,Nationwide Arena,39.96939661,-83.00636203,Sports,Hockey,NHL,K8vZ9171-C0,Columbus Blue Jackets,PROMOTED BY VENUE,,,
vv1AAZkfAGkdifbQf,DISPATCH FAMILY VALUE PACK-CBJ VS. NASHVILLE PREDATORS,https://am.ticketmaster.com/bluejackets/promotional-page?id=MTIx,2027-02-20,17:00:00,America/New_York,onsale,OH,Columbus,KovZpZA6kelA,Nationwide Arena,39.96939661,-83.00636203,Sports,Hockey,NHL,K8vZ9171-C0,Columbus Blue Jackets,PROMOTED BY VENUE,,,
vv1AAZkfAGkdifzQO,DISPATCH FAMILY VALUE PACK-CBJ VS. NEW YORK ISLANDERS,https://am.ticketmaster.com/bluejackets/promotional-page?id=MTIx,2027-02-22,19:00:00,America/New_York,onsale,OH,Columbus,KovZpZA6kelA,Nationwide Arena,39.96939661,-83.00636203,Sports,Hockey,NHL,K8vZ9171-C0,Columbus Blue Jackets,PROMOTED BY VENUE,,,
vv1AAZkfAGkdi4FQs,DISPATCH FAMILY VALUE PACK-CBJ VS. NEW JERSEY DEVILS,https://am.ticketmaster.com/bluejackets/promotional-page?id=MTIx,2027-02-26,19:00:00,America/New_York,onsale,OH,Columbus,KovZpZA6kelA,Nationwide Arena,39.96939661,-83.00636203,Sports,Hockey,NHL,K8vZ9171-C0,Columbus Blue Jackets,PROMOTED BY VENUE,,,
vv1AAZkfAGkdi4bQX,DISPATCH FAMILY VALUE PACK-CBJ VS. NEW YORK ISLANDERS,https://am.ticketmaster.com/bluejackets/promotional-page?id=MTIx,2027-02-27,19:00:00,America/New_York,onsale,OH,Columbus,KovZpZA6kelA,Nationwide Arena,39.96939661,-83.00636203,Sports,Hockey,NHL,K8vZ9171-C0,Columbus Blue Jackets,PROMOTED BY VENUE,,,
vv1AFZkf7GkdiRGYS,Monster Jam,https://www.ticketmaster.com/monster-jam-detroit-michigan-02-27-2027/event/08006504ECBCCC33,2027-02-27,17:00:00,America/New_York,offsale,MI,Detroit,KovZpakX1e,Ford Field,42.339924,-83.045543,Sports,Motorsports/Racing,Motorsports/Racing,K8vZ917uyff,Monster Jam,FELD ENTERTAINMENT,,,
vv1AFZkf7GkdcniMb,Monster Jam,https://www.ticketmaster.com/monster-jam-detroit-michigan-02-28-2027/event/08006504EDAACDD8,2027-02-28,15:00:00,America/New_York,offsale,MI,Detroit,KovZpakX1e,Ford Field,42.339924,-83.045543,Sports,Motorsports/Racing,Motorsports/Racing,K8vZ917uyff,Monster Jam,FELD ENTERTAINMENT,,,
vv1AFZkfAGkdkayGM,Monster Jam,https://www.ticketmaster.com/monster-jam-grand-rapids-michigan-03-13-2027/event/08006505C6279337,2027-03-13,12:00:00,America/New_York,offsale,MI,Grand Rapids,KovZpZAEAlkA,Van Andel Arena,42.96209800,-85.67158000,Sports,Motorsports/Racing,Motorsports/Racing,K8vZ917uyff,Monster Jam,PROMOTED BY VENUE,,,
vv1AFZkfAGkdkFtGn,Monster Jam,https://www.ticketmaster.com/monster-jam-grand-rapids-michigan-03-13-2027/event/08006505C622932A,2027-03-13,18:00:00,America/New_York,offsale,MI,Grand Rapids,KovZpZAEAlkA,Van Andel Arena,42.96209800,-85.67158000,Sports,Motorsports/Racing,Motorsports/Racing,K8vZ917uyff,Monster Jam,PROMOTED BY VENUE,,,
vv1AFZkfAGkdkGauF,Monster Jam,https://www.ticketmaster.com/monster-jam-grand-rapids-michigan-03-14-2027/event/08006505C6309348,2027-03-14,12:00:00,America/New_York,offsale,MI,Grand Rapids,KovZpZAEAlkA,Van Andel Arena,42.96209800,-85.67158000,Sports,Motorsports/Racing,Motorsports/Racing,K8vZ917uyff,Monster Jam,PROMOTED BY VENUE,,,
vv1AFZkfAGkdk6aGL,Monster Jam,https://www.ticketmaster.com/monster-jam-grand-rapids-michigan-03-12-2027/event/08006505C61C931F,2027-03-12,19:00:00,America/New_York,offsale,MI,Grand Rapids,KovZpZAEAlkA,Van Andel Arena,42.96209800,-85.67158000,Sports,Motorsports/Racing,Motorsports/Racing,K8vZ917uyff,Monster Jam,PROMOTED BY VENUE,,,
vv1AFZkfAGkdk5aue,Monster Jam,https://www.ticketmaster.com/monster-jam-grand-rapids-michigan-03-14-2027/event/08006505C62C9342,2027-03-14,18:00:00,America/New_York,offsale,MI,Grand Rapids,KovZpZAEAlkA,Van Andel Arena,42.96209800,-85.67158000,Sports,Motorsports/Racing,Motorsports/Racing,K8vZ917uyff,Monster Jam,PROMOTED BY VENUE,,,
vv1AFZkf6GkdIXBPo,Detroit Pistons v Boston Celtics (Home Opener),https://www.ticketmaster.com/detroit-pistons-v-boston-celtics-home-detroit-michigan-10-20-2026/event/08006507E8FBA951,2026-10-20,15:00:00,America/New_York,onsale,MI,Detroit,KovZ917A25V,Little Caesars Arena,42.34108900,-83.05543400,Sports,Basketball,NBA,K8vZ91718T7,Detroit Pistons,NBA REGULAR SEASON,,,
vv1AFZkf6GkdtL1IK,Detroit Pistons vs. Boston Celtics,https://www.ticketmaster.com/detroit-pistons-vs-boston-celtics-detroit-michigan-03-05-2027/event/08006507E97CAA13,2027-03-05,19:00:00,America/New_York,onsale,MI,Detroit,KovZ917A25V,Little Caesars Arena,42.34108900,-83.05543400,Sports,Basketball,NBA,K8vZ91718T7,Detroit Pistons,NBA REGULAR SEASON,,,
vv1AFZkf6GkdteQPP,Detroit Pistons v Los Angeles Lakers,https://www.ticketmaster.com/detroit-pistons-v-los-angeles-lakers-detroit-michigan-11-08-2026/event/08006507E909A965,2026-11-08,18:00:00,America/New_York,onsale,MI,Detroit,KovZ917A25V,Little Caesars Arena,42.34108900,-83.05543400,Sports,Basketball,NBA,K8vZ91718T7,Detroit Pistons,NBA REGULAR SEASON,,,
vvG1OZ_CD9U6Tp,Detroit Red Wings vs. Boston Bruins,https://www.ticketmaster.com/detroit-red-wings-vs-boston-bruins-detroit-michigan-11-18-2026/event/080064EED7D87FD6,2026-11-18,19:30:00,America/New_York,onsale,MI,Detroit,KovZ917A25V,Little Caesars Arena,42.34108900,-83.05543400,Sports,Hockey,NHL,K8vZ9171o20,Detroit Red Wings,NHL REGULAR SEASON,,,
vvG1OZ_CDb6zZX,Detroit Red Wings vs. Boston Bruins,https://www.ticketmaster.com/detroit-red-wings-vs-boston-bruins-detroit-michigan-01-09-2027/event/080064EED81F803E,2027-01-09,19:00:00,America/New_York,onsale,MI,Detroit,KovZ917A25V,Little Caesars Arena,42.34108900,-83.05543400,Sports,Hockey,NHL,K8vZ9171o20,Detroit Red Wings,NHL REGULAR SEASON,,,
vv1AFZkf6GkdtbnER,Detroit Pistons vs. New York Knicks,https://www.ticketmaster.com/detroit-pistons-vs-new-york-knicks-detroit-michigan-02-03-2027/event/08006507E962A9EF,2027-02-03,19:00:00,America/New_York,onsale,MI,Detroit,KovZ917A25V,Little Caesars Arena,42.34108900,-83.05543400,Sports,Basketball,NBA,K8vZ91718T7,Detroit Pistons,NBA REGULAR SEASON,,,
vv1AFZkf6GkdtQBEz,Detroit Pistons vs. New York Knicks,https://www.ticketmaster.com/detroit-pistons-vs-new-york-knicks-detroit-michigan-02-17-2027/event/08006507E96BA9F8,2027-02-17,19:00:00,America/New_York,onsale,MI,Detroit,KovZ917A25V,Little Caesars Arena,42.34108900,-83.05543400,Sports,Basketball,NBA,K8vZ91718T7,Detroit Pistons,NBA REGULAR SEASON,,,
vv1AFZkf6Gkdt_nEV,Detroit Pistons vs. Golden State Warriors,https://www.ticketmaster.com/detroit-pistons-vs-golden-state-warriors-detroit-michigan-02-07-2027/event/08006507E966A9F4,2027-02-07,15:00:00,America/New_York,onsale,MI,Detroit,KovZ917A25V,Little Caesars Arena,42.34108900,-83.05543400,Sports,Basketball,NBA,K8vZ91718T7,Detroit Pistons,NBA REGULAR SEASON,,,
vv1AFZkf6Gkdtf1E3,Detroit Pistons vs. Dallas Mavericks,https://www.ticketmaster.com/detroit-pistons-vs-dallas-mavericks-detroit-michigan-01-14-2027/event/08006507E950A9D2,2027-01-14,19:00:00,America/New_York,onsale,MI,Detroit,KovZ917A25V,Little Caesars Arena,42.34108900,-83.05543400,Sports,Basketball,NBA,K8vZ91718T7,Detroit Pistons,NBA REGULAR SEASON,,,
vvG1OZ_CDbvIZ_,Detroit Red Wings vs. Tampa Bay Lightning,https://www.ticketmaster.com/detroit-red-wings-vs-tampa-bay-detroit-michigan-12-20-2026/event/080064EED8068019,2026-12-20,17:00:00,America/New_York,onsale,MI,Detroit,KovZ917A25V,Little Caesars Arena,42.34108900,-83.05543400,Sports,Hockey,NHL,K8vZ9171o20,Detroit Red Wings,NHL REGULAR SEASON,,,
vvG1OZ_CDb5Iv4,Detroit Red Wings vs. Tampa Bay Lightning,https://www.ticketmaster.com/detroit-red-wings-vs-tampa-bay-detroit-michigan-01-23-2027/event/080064EED82E8055,2027-01-23,12:30:00,America/New_York,onsale,MI,Detroit,KovZ917A25V,Little Caesars Arena,42.34108900,-83.05543400,Sports,Hockey,NHL,K8vZ9171o20,Detroit Red Wings,NHL REGULAR SEASON,,,
vvG1OZ_CD9w6TA,Detroit Red Wings vs. Chicago Blackhawks,https://www.ticketmaster.com/detroit-red-wings-vs-chicago-blackhawks-detroit-michigan-10-29-2026/event/080064EED7C87FC5,2026-10-29,19:30:00,America/New_York,onsale,MI,Detroit,KovZ917A25V,Little Caesars Arena,42.34108900,-83.05543400,Sports,Hockey,NHL,K8vZ9171o20,Detroit Red Wings,NHL REGULAR SEASON,,,
vvG1OZ_CD9I6X0,Detroit Red Wings vs. Columbus Blue Jackets,https://www.ticketmaster.com/detroit-red-wings-vs-columbus-blue-detroit-michigan-09-26-2026/event/080064EED7A07FA4,2026-09-26,19:00:00,America/New_York,onsale,MI,Detroit,KovZ917A25V,Little Caesars Arena,42.34108900,-83.05543400,Sports,Hockey,NHL,K8vZ9171o20,Detroit Red Wings,NHL EXHIBITION & PRESEASON,,,
vvG1OZ_CD9m9Xg,Detroit Red Wings vs. New Jersey Devils,https://www.ticketmaster.com/detroit-red-wings-vs-new-jersey-detroit-michigan-10-13-2026/event/080064EED7B97FB5,2026-10-13,18:00:00,America/New_York,onsale,MI,Detroit,KovZ917A25V,Little Caesars Arena,42.34108900,-83.05543400,Sports,Hockey,NHL,K8vZ9171o20,Detroit Red Wings,NHL REGULAR SEASON,,,
vv1keZv0jbGAurSET,Detroit Lions vs. New York Jets,https://www.ticketmaster.com/detroit-lions-vs-new-york-jets-detroit-michigan-09-27-2026/event/080064718D7B39FF,2026-09-27,13:00:00,America/New_York,onsale,MI,Detroit,KovZpakX1e,Ford Field,42.339924,-83.045543,Sports,Football,NFL,K8vZ9171oUf,Detroit Lions,NFL REGULAR SEASON,,,
vvG1OZ_CDbGzvQ,Detroit Red Wings vs. Pittsburgh Penguins,https://www.ticketmaster.com/detroit-red-wings-vs-pittsburgh-penguins-detroit-michigan-01-25-2027/event/080064EED833805A,2027-01-25,19:00:00,America/New_York,onsale,MI,Detroit,KovZ917A25V,Little Caesars Arena,42.34108900,-83.05543400,Sports,Hockey,NHL,K8vZ9171o20,Detroit Red Wings,NHL REGULAR SEASON,,,
vvG1OZ_CDbKFvU,Detroit Red Wings vs. New Jersey Devils,https://www.ticketmaster.com/detroit-red-wings-vs-new-jersey-detroit-michigan-03-04-2027/event/080064EED84C8076,2027-03-04,18:00:00,America/New_York,onsale,MI,Detroit,KovZ917A25V,Little Caesars Arena,42.34108900,-83.05543400,Sports,Hockey,NHL,K8vZ9171o20,Detroit Red Wings,NHL REGULAR SEASON,,,
vv1keZv0jbGAu-KIC,Detroit Lions vs. Green Bay Packers,https://www.ticketmaster.com/detroit-lions-vs-green-bay-packers-detroit-michigan-10-25-2026/event/080064718D853A0E,2026-10-25,16:25:00,America/New_York,onsale,MI,Detroit,KovZpakX1e,Ford Field,42.339924,-83.045543,Sports,Football,NFL,K8vZ9171oUf,Detroit Lions,NFL REGULAR SEASON,,,
vvG1OZ_CD9YMXT,Detroit Red Wings vs. San Jose Sharks,https://www.ticketmaster.com/detroit-red-wings-vs-san-jose-detroit-michigan-10-17-2026/event/080064EED7C37FBF,2026-10-17,19:00:00,America/New_York,onsale,MI,Detroit,KovZ917A25V,Little Caesars Arena,42.34108900,-83.05543400,Sports,Hockey,NHL,K8vZ9171o20,Detroit Red Wings,NHL REGULAR SEASON,,,
vvG1OZ_CDbqFeg,Detroit Red Wings vs. Pittsburgh Penguins,https://www.ticketmaster.com/detroit-red-wings-vs-pittsburgh-penguins-detroit-michigan-04-09-2027/event/080064EED87480B5,2027-04-09,19:00:00,America/New_York,onsale,MI,Detroit,KovZ917A25V,Little Caesars Arena,42.34108900,-83.05543400,Sports,Hockey,NHL,K8vZ9171o20,Detroit Red Wings,NHL REGULAR SEASON,,,
vvG1OZ_CDbpzeF,Detroit Red Wings vs. Columbus Blue Jackets,https://www.ticketmaster.com/detroit-red-wings-vs-columbus-blue-detroit-michigan-03-18-2027/event/080064EED85B8088,2027-03-18,19:00:00,America/New_York,onsale,MI,Detroit,KovZ917A25V,Little Caesars Arena,42.34108900,-83.05543400,Sports,Hockey,NHL,K8vZ9171o20,Detroit Red Wings,NHL REGULAR SEASON,,,
vvG1OZ_CDb1bvo,Detroit Red Wings vs. Anaheim Ducks,https://www.ticketmaster.com/detroit-red-wings-vs-anaheim-ducks-detroit-michigan-01-19-2027/event/080064EED8298051,2027-01-19,19:00:00,America/New_York,onsale,MI,Detroit,KovZ917A25V,Little Caesars Arena,42.34108900,-83.05543400,Sports,Hockey,NHL,K8vZ9171o20,Detroit Red Wings,NHL REGULAR SEASON,,,
vvG1OZ_CD9c6Xw,Detroit Red Wings vs. Seattle Kraken,https://www.ticketmaster.com/detroit-red-wings-vs-seattle-kraken-detroit-michigan-10-09-2026/event/080064EED7B47FB2,2026-10-09,19:00:00,America/New_York,onsale,MI,Detroit,KovZ917A25V,Little Caesars Arena,42.34108900,-83.05543400,Sports,Hockey,NHL,K8vZ9171o20,Detroit Red Wings,NHL REGULAR SEASON,,,
vv1AFZkf6Gkdt11JK,Detroit Pistons vs. Brooklyn Nets,https://www.ticketmaster.com/detroit-pistons-vs-brooklyn-nets-detroit-michigan-12-14-2026/event/08006507E928A993,2026-12-14,19:00:00,America/New_York,onsale,MI,Detroit,KovZ917A25V,Little Caesars Arena,42.34108900,-83.05543400,Sports,Basketball,NBA,K8vZ91718T7,Detroit Pistons,NBA REGULAR SEASON,,,
vvG1OZ_CD9H9TW,Detroit Red Wings vs. Colorado Avalanche,https://www.ticketmaster.com/detroit-red-wings-vs-colorado-avalanche-detroit-michigan-12-03-2026/event/080064EED7F17FFD,2026-12-03,19:00:00,America/New_York,onsale,MI,Detroit,KovZ917A25V,Little Caesars Arena,42.34108900,-83.05543400,Sports,Hockey,NHL,K8vZ9171o20,Detroit Red Wings,NHL REGULAR SEASON,,,
vv1AFZkf6GkdtNnIm,Detroit Pistons vs. Brooklyn Nets,https://www.ticketmaster.com/detroit-pistons-vs-brooklyn-nets-detroit-michigan-03-13-2027/event/08006507E98EAA2E,2027-03-13,15:00:00,America/New_York,onsale,MI,Detroit,KovZ917A25V,Little Caesars Arena,42.34108900,-83.05543400,Sports,Basketball,NBA,K8vZ91718T7,Detroit Pistons,NBA REGULAR SEASON,,,
vvG1OZ_CDbaFv1,Detroit Red Wings vs. Minnesota Wild,https://www.ticketmaster.com/detroit-red-wings-vs-minnesota-wild-detroit-michigan-01-17-2027/event/080064EED824804A,2027-01-17,17:00:00,America/New_York,onsale,MI,Detroit,KovZ917A25V,Little Caesars Arena,42.34108900,-83.05543400,Sports,Hockey,NHL,K8vZ9171o20,Detroit Red Wings,NHL REGULAR SEASON,,,
vvG1OZ_CDb7FZP,Detroit Red Wings vs. Carolina Hurricanes,https://www.ticketmaster.com/detroit-red-wings-vs-carolina-hurricanes-detroit-michigan-12-31-2026/event/080064EED8108025,2026-12-31,14:00:00,America/New_York,onsale,MI,Detroit,KovZ917A25V,Little Caesars Arena,42.34108900,-83.05543400,Sports,Hockey,NHL,K8vZ9171o20,Detroit Red Wings,NHL REGULAR SEASON,,,
vvG1OZ_CD9nEXn,Detroit Red Wings vs. Winnipeg Jets,https://www.ticketmaster.com/detroit-red-wings-vs-winnipeg-jets-detroit-michigan-10-04-2026/event/080064EED7AA7FAA,2026-10-04,13:00:00,America/New_York,onsale,MI,Detroit,KovZ917A25V,Little Caesars Arena,42.34108900,-83.05543400,Sports,Hockey,NHL,K8vZ9171o20,Detroit Red Wings,NHL REGULAR SEASON,,,
vvG1OZ_CDbhzel,Detroit Red Wings vs. Carolina Hurricanes,https://www.ticketmaster.com/detroit-red-wings-vs-carolina-hurricanes-detroit-michigan-04-02-2027/event/080064EED86F80AB,2027-04-02,19:00:00,America/New_York,onsale,MI,Detroit,KovZ917A25V,Little Caesars Arena,42.34108900,-83.05543400,Sports,Hockey,NHL,K8vZ9171o20,Detroit Red Wings,NHL REGULAR SEASON,,,
vvG1OZ_CD9JEXh,Detroit Red Wings vs. Buffalo Sabres,https://www.ticketmaster.com/detroit-red-wings-vs-buffalo-sabres-detroit-michigan-09-24-2026/event/080064EED79A7F9B,2026-09-24,19:00:00,America/New_York,onsale,MI,Detroit,KovZ917A25V,Little Caesars Arena,42.34108900,-83.05543400,Sports,Hockey,NHL,K8vZ9171o20,Detroit Red Wings,NHL EXHIBITION & PRESEASON,,,
vv1AFZkf6GkdtE1IX,Detroit Pistons vs. San Antonio Spurs,https://www.ticketmaster.com/detroit-pistons-vs-san-antonio-spurs-detroit-michigan-03-27-2027/event/08006507E99CAA3E,2027-03-27,15:00:00,America/New_York,onsale,MI,Detroit,KovZ917A25V,Little Caesars Arena,42.34108900,-83.05543400,Sports,Basketball,NBA,K8vZ91718T7,Detroit Pistons,NBA REGULAR SEASON,,,
vv1keZv0jbGAuONIA,Detroit Lions vs. Chicago Bears,https://www.ticketmaster.com/detroit-lions-vs-chicago-bears-detroit-michigan-11-26-2026/event/080064718D823A05,2026-11-26,13:00:00,America/New_York,onsale,MI,Detroit,KovZpakX1e,Ford Field,42.339924,-83.045543,Sports,Football,NFL,K8vZ9171oUf,Detroit Lions,NFL REGULAR SEASON,,,
vvG1OZ_CD9S9TC,Detroit Red Wings vs. St. Louis Blues,https://www.ticketmaster.com/detroit-red-wings-vs-st-louis-detroit-michigan-10-31-2026/event/080064EED7CD7FCE,2026-10-31,13:00:00,America/New_York,onsale,MI,Detroit,KovZ917A25V,Little Caesars Arena,42.34108900,-83.05543400,Sports,Hockey,NHL,K8vZ9171o20,Detroit Red Wings,NHL REGULAR SEASON,,,
vv1AFZkf6GkdthBIe,Detroit Pistons vs. Miami Heat,https://www.ticketmaster.com/detroit-pistons-vs-miami-heat-detroit-michigan-02-25-2027/event/08006507E96FAA02,2027-02-25,19:00:00,America/New_York,onsale,MI,Detroit,KovZ917A25V,Little Caesars Arena,42.34108900,-83.05543400,Sports,Basketball,NBA,K8vZ91718T7,Detroit Pistons,NBA REGULAR SEASON,,,
vv1AFZkf6GkdtnQt8,Detroit Pistons vs. Miami Heat,https://www.ticketmaster.com/detroit-pistons-vs-miami-heat-detroit-michigan-04-04-2027/event/08006507E9A9AA50,2027-04-04,15:00:00,America/New_York,onsale,MI,Detroit,KovZ917A25V,Little Caesars Arena,42.34108900,-83.05543400,Sports,Basketball,NBA,K8vZ91718T7,Detroit Pistons,NBA REGULAR SEASON,,,
vvG1OZ_CD9REXy,Detroit Red Wings vs. Philadelphia Flyers,https://www.ticketmaster.com/detroit-red-wings-vs-philadelphia-flyers-detroit-michigan-10-15-2026/event/080064EED7BE7FB9,2026-10-15,19:30:00,America/New_York,onsale,MI,Detroit,KovZ917A25V,Little Caesars Arena,42.34108900,-83.05543400,Sports,Hockey,NHL,K8vZ9171o20,Detroit Red Wings,NHL REGULAR SEASON,,,
vvG1OZ_CD9VET3,Detroit Red Wings vs. Vegas Golden Knights,https://www.ticketmaster.com/detroit-red-wings-vs-vegas-golden-detroit-michigan-11-05-2026/event/080064EED7D27FD2,2026-11-05,19:00:00,America/New_York,onsale,MI,Detroit,KovZ917A25V,Little Caesars Arena,42.34108900,-83.05543400,Sports,Hockey,NHL,K8vZ9171o20,Detroit Red Wings,NHL REGULAR SEASON,,,
vvG1OZ_CDbAbZI,Detroit Red Wings vs. Edmonton Oilers,https://www.ticketmaster.com/detroit-red-wings-vs-edmonton-oilers-detroit-michigan-01-02-2027/event/080064EED8158028,2027-01-02,15:30:00,America/New_York,onsale,MI,Detroit,KovZ917A25V,Little Caesars Arena,42.34108900,-83.05543400,Sports,Hockey,NHL,K8vZ9171o20,Detroit Red Wings,NHL REGULAR SEASON,,,
vvG1OZ_CD9yMTn,Detroit Red Wings vs. Nashville Predators,https://www.ticketmaster.com/detroit-red-wings-vs-nashville-predators-detroit-michigan-11-28-2026/event/080064EED7E77FEA,2026-11-28,19:00:00,America/New_York,onsale,MI,Detroit,KovZ917A25V,Little Caesars Arena,42.34108900,-83.05543400,Sports,Hockey,NHL,K8vZ9171o20,Detroit Red Wings,NHL REGULAR SEASON,,,
vvG1OZ_CD9zETO,Detroit Red Wings vs. Vancouver Canucks,https://www.ticketmaster.com/detroit-red-wings-vs-vancouver-canucks-detroit-michigan-11-25-2026/event/080064EED7E27FE0,2026-11-25,19:30:00,America/New_York,onsale,MI,Detroit,KovZ917A25V,Little Caesars Arena,42.34108900,-83.05543400,Sports,Hockey,NHL,K8vZ9171o20,Detroit Red Wings,NHL REGULAR SEASON,,,
vvG1OZ_CD9lMXi,Detroit Red Wings vs. Ottawa Senators,https://www.ticketmaster.com/detroit-red-wings-vs-ottawa-senators-detroit-michigan-10-06-2026/event/080064EED7AF7FAC,2026-10-06,19:00:00,America/New_York,onsale,MI,Detroit,KovZ917A25V,Little Caesars Arena,42.34108900,-83.05543400,Sports,Hockey,NHL,K8vZ9171o20,Detroit Red Wings,NHL REGULAR SEASON,,,
vvG1OZ_CD9TFZK,Detroit Red Wings vs. Florida Panthers,https://www.ticketmaster.com/detroit-red-wings-vs-florida-panthers-detroit-michigan-12-12-2026/event/080064EED7FC8013,2026-12-12,19:00:00,America/New_York,onsale,MI,Detroit,KovZ917A25V,Little Caesars Arena,42.34108900,-83.05543400,Sports,Hockey,NHL,K8vZ9171o20,Detroit Red Wings,NHL REGULAR SEASON,,,
vvG1OZ_CDb8Ivi,Detroit Red Wings vs. Montreal Canadiens,https://www.ticketmaster.com/detroit-red-wings-vs-montreal-canadiens-detroit-michigan-02-18-2027/event/080064EED842806C,2027-02-18,19:00:00,America/New_York,onsale,MI,Detroit,KovZ917A25V,Little Caesars Arena,42.34108900,-83.05543400,Sports,Hockey,NHL,K8vZ9171o20,Detroit Red Wings,NHL REGULAR SEASON,,,
vvG1OZ_CDbbFeC,Detroit Red Wings vs. Montreal Canadiens,https://www.ticketmaster.com/detroit-red-wings-vs-montreal-canadiens-detroit-michigan-03-20-2027/event/080064EED860808E,2027-03-20,12:30:00,America/New_York,onsale,MI,Detroit,KovZ917A25V,Little Caesars Arena,42.34108900,-83.05543400,Sports,Hockey,NHL,K8vZ9171o20,Detroit Red Wings,NHL REGULAR SEASON,,,
vvG1OZ_CD9D6Tw,Detroit Red Wings vs. Calgary Flames,https://www.ticketmaster.com/detroit-red-wings-vs-calgary-flames-detroit-michigan-12-01-2026/event/080064EED7EC7FF2,2026-12-01,19:00:00,America/New_York,onsale,MI,Detroit,KovZ917A25V,Little Caesars Arena,42.34108900,-83.05543400,Sports,Hockey,NHL,K8vZ9171o20,Detroit Red Wings,NHL REGULAR SEASON,,,
vvG1OZ_CDbkIZU,Detroit Red Wings vs. Utah Mammoth,https://www.ticketmaster.com/detroit-red-wings-vs-utah-mammoth-detroit-michigan-01-07-2027/event/080064EED81A8036,2027-01-07,19:00:00,America/New_York,onsale,MI,Detroit,KovZ917A25V,Little Caesars Arena,42.34108900,-83.05543400,Sports,Hockey,NHL,K8vZ9171o20,Detroit Red Wings,NHL REGULAR SEASON,,,
vv1AFZkf6GkdIHQPa,Detroit Pistons v Phoenix Suns (Preseason),https://www.ticketmaster.com/detroit-pistons-v-phoenix-suns-preseason-detroit-michigan-10-05-2026/event/08006507E8F1A949,2026-10-05,19:00:00,America/New_York,onsale,MI,Detroit,KovZ917A25V,Little Caesars Arena,42.34108900,-83.05543400,Sports,Basketball,NBA,K8vZ91718T7,Detroit Pistons,NBA EXHIBITION & PRESEASON,,,
vvG1OZ_CD9t9XE,Detroit Red Wings vs. New York Rangers,https://www.ticketmaster.com/detroit-red-wings-vs-new-york-detroit-michigan-10-02-2026/event/080064EED7A57FA7,2026-10-02,18:30:00,America/New_York,onsale,MI,Detroit,KovZ917A25V,Little Caesars Arena,42.34108900,-83.05543400,Sports,Hockey,NHL,K8vZ9171o20,Detroit Red Wings,NHL REGULAR SEASON,,,
vvG1OZ_CDbZbZ4,Detroit Red Wings vs. Los Angeles Kings,https://www.ticketmaster.com/detroit-red-wings-vs-los-angeles-detroit-michigan-12-15-2026/event/080064EED8018015,2026-12-15,19:30:00,America/New_York,onsale,MI,Detroit,KovZ917A25V,Little Caesars Arena,42.34108900,-83.05543400,Sports,Hockey,NHL,K8vZ9171o20,Detroit Red Wings,NHL REGULAR SEASON,,,
vvG1OZ_CDb2bvE,Detroit Red Wings vs. Florida Panthers,https://www.ticketmaster.com/detroit-red-wings-vs-florida-panthers-detroit-michigan-01-29-2027/event/080064EED83D8067,2027-01-29,19:00:00,America/New_York,onsale,MI,Detroit,KovZ917A25V,Little Caesars Arena,42.34108900,-83.05543400,Sports,Hockey,NHL,K8vZ9171o20,Detroit Red Wings,NHL REGULAR SEASON,,,
vvG1OZ_CDbozvS,Detroit Red Wings vs. Buffalo Sabres,https://www.ticketmaster.com/detroit-red-wings-vs-buffalo-sabres-detroit-michigan-02-21-2027/event/080064EED8478073,2027-02-21,15:30:00,America/New_York,onsale,MI,Detroit,KovZ917A25V,Little Caesars Arena,42.34108900,-83.05543400,Sports,Hockey,NHL,K8vZ9171o20,Detroit Red Wings,NHL REGULAR SEASON,,,
vvG1OZ_CDb4Iev,Detroit Red Wings vs. Buffalo Sabres,https://www.ticketmaster.com/detroit-red-wings-vs-buffalo-sabres-detroit-michigan-03-12-2027/event/080064EED8568081,2027-03-12,19:00:00,America/New_York,onsale,MI,Detroit,KovZ917A25V,Little Caesars Arena,42.34108900,-83.05543400,Sports,Hockey,NHL,K8vZ9171o20,Detroit Red Wings,NHL REGULAR SEASON,,,
vvG1OZ_CDbQIex,Detroit Red Wings vs. Ottawa Senators,https://www.ticketmaster.com/detroit-red-wings-vs-ottawa-senators-detroit-michigan-03-30-2027/event/080064EED86A80A2,2027-03-30,19:00:00,America/New_York,onsale,MI,Detroit,KovZ917A25V,Little Caesars Arena,42.34108900,-83.05543400,Sports,Hockey,NHL,K8vZ9171o20,Detroit Red Wings,NHL REGULAR SEASON,,,
vv1AFZkf6Gkdtv1PO,Detroit Pistons v Philadelphia 76ers,https://www.ticketmaster.com/detroit-pistons-v-philadelphia-76ers-detroit-michigan-11-04-2026/event/08006507E904A960,2026-11-04,19:00:00,America/New_York,onsale,MI,Detroit,KovZ917A25V,Little Caesars Arena,42.34108900,-83.05543400,Sports,Basketball,NBA,K8vZ91718T7,Detroit Pistons,NBA REGULAR SEASON,,,
vv1AFZkf6Gkdt51Jj,Detroit Pistons vs. Phoenix Suns,https://www.ticketmaster.com/detroit-pistons-vs-phoenix-suns-detroit-michigan-12-16-2026/event/08006507E92CA99C,2026-12-16,19:00:00,America/New_York,onsale,MI,Detroit,KovZ917A25V,Little Caesars Arena,42.34108900,-83.05543400,Sports,Basketball,NBA,K8vZ91718T7,Detroit Pistons,NBA REGULAR SEASON,,,
vv1AFZkf6GkdtkBJZ,Detroit Pistons v Orlando Magic,https://www.ticketmaster.com/detroit-pistons-v-orlando-magic-detroit-michigan-11-29-2026/event/08006507E91BA980,2026-11-29,18:00:00,America/New_York,onsale,MI,Detroit,KovZ917A25V,Little Caesars Arena,42.34108900,-83.05543400,Sports,Basketball,NBA,K8vZ91718T7,Detroit Pistons,NBA REGULAR SEASON,,,
vv1AFZkf6Gkdt9QEn,Detroit Pistons vs. Chicago Bulls,https://www.ticketmaster.com/detroit-pistons-vs-chicago-bulls-detroit-michigan-02-02-2027/event/08006507E95DA9EA,2027-02-02,19:00:00,America/New_York,onsale,MI,Detroit,KovZ917A25V,Little Caesars Arena,42.34108900,-83.05543400,Sports,Basketball,NBA,K8vZ91718T7,Detroit Pistons,NBA REGULAR SEASON,,,
vv1AFZkf6Gkdtr1Iu,Detroit Pistons vs. Chicago Bulls,https://www.ticketmaster.com/detroit-pistons-vs-chicago-bulls-detroit-michigan-03-01-2027/event/08006507E978AA0D,2027-03-01,19:00:00,America/New_York,onsale,MI,Detroit,KovZ917A25V,Little Caesars Arena,42.34108900,-83.05543400,Sports,Basketball,NBA,K8vZ91718T7,Detroit Pistons,NBA REGULAR SEASON,,,
vv1AFZkf6GkdtoBEv,Detroit Pistons vs. Orlando Magic,https://www.ticketmaster.com/detroit-pistons-vs-orlando-magic-detroit-michigan-01-01-2027/event/08006507E947A9C1,2027-01-01,19:30:00,America/New_York,onsale,MI,Detroit,KovZ917A25V,Little Caesars Arena,42.34108900,-83.05543400,Sports,Basketball,NBA,K8vZ91718T7,Detroit Pistons,NBA REGULAR SEASON,,,
vv1keZv0jbGAuxdI4,Detroit Lions vs. Minnesota Vikings,https://www.ticketmaster.com/detroit-lions-vs-minnesota-vikings-detroit-michigan-11-01-2026/event/080064718D883A15,2026-11-01,13:00:00,America/New_York,onsale,MI,Detroit,KovZpakX1e,Ford Field,42.339924,-83.045543,Sports,Football,NFL,K8vZ9171oUf,Detroit Lions,NFL REGULAR SEASON,,,
vv1AFZkf6GkdITBPb,Detroit Pistons v Charlotte Hornets,https://www.ticketmaster.com/detroit-pistons-v-charlotte-hornets-detroit-michigan-10-28-2026/event/08006507E8FFA958,2026-10-28,19:00:00,America/New_York,onsale,MI,Detroit,KovZ917A25V,Little Caesars Arena,42.34108900,-83.05543400,Sports,Basketball,NBA,K8vZ91718T7,Detroit Pistons,NBA REGULAR SEASON,,,
vv1AFZkf6Gkdt0nIS,Detroit Pistons vs. Charlotte Hornets,https://www.ticketmaster.com/detroit-pistons-vs-charlotte-hornets-detroit-michigan-03-20-2027/event/08006507E992AA33,2027-03-20,20:00:00,America/New_York,onsale,MI,Detroit,KovZ917A25V,Little Caesars Arena,42.34108900,-83.05543400,Sports,Basketball,NBA,K8vZ91718T7,Detroit Pistons,NBA REGULAR SEASON,,,
vv1AFZkf6GkdtOQIQ,Detroit Pistons vs. Atlanta Hawks,https://www.ticketmaster.com/detroit-pistons-vs-atlanta-hawks-detroit-michigan-01-26-2027/event/08006507E981AA1A,2027-01-26,19:00:00,America/New_York,onsale,MI,Detroit,KovZ917A25V,Little Caesars Arena,42.34108900,-83.05543400,Sports,Basketball,NBA,K8vZ91718T7,Detroit Pistons,NBA REGULAR SEASON,,,
vv1keZv0jbGAuqKEn,Detroit Lions vs. Tampa Bay Buccaneers,https://www.ticketmaster.com/detroit-lions-vs-tampa-bay-buccaneers-detroit-michigan-11-22-2026/event/080064718D7539EA,2026-11-22,13:00:00,America/New_York,onsale,MI,Detroit,KovZpakX1e,Ford Field,42.339924,-83.045543,Sports,Football,NFL,K8vZ9171oUf,Detroit Lions,NFL REGULAR SEASON,,,
vvG1OZ_CDb_beK,Detroit Red Wings vs. Washington Capitals,https://www.ticketmaster.com/detroit-red-wings-vs-washington-capitals-detroit-michigan-03-24-2027/event/080064EED8658093,2027-03-24,19:30:00,America/New_York,onsale,MI,Detroit,KovZ917A25V,Little Caesars Arena,42.34108900,-83.05543400,Sports,Hockey,NHL,K8vZ9171o20,Detroit Red Wings,NHL REGULAR SEASON,,,
vv1AFZkf6GkdtAnPU,Detroit Pistons v Milwaukee Bucks (Emirates NBA CUP PLAY),https://www.ticketmaster.com/detroit-pistons-v-milwaukee-bucks-emirates-detroit-michigan-11-27-2026/event/08006507E916A976,2026-11-27,19:30:00,America/New_York,onsale,MI,Detroit,KovZ917A25V,Little Caesars Arena,42.34108900,-83.05543400,Sports,Basketball,NBA,K8vZ91718T7,Detroit Pistons,NBA REGULAR SEASON,,,
vv1AFZkf6GkdtxQII,Detroit Pistons vs. Milwaukee Bucks,https://www.ticketmaster.com/detroit-pistons-vs-milwaukee-bucks-detroit-michigan-03-11-2027/event/08006507E989AA28,2027-03-11,19:00:00,America/New_York,onsale,MI,Detroit,KovZ917A25V,Little Caesars Arena,42.34108900,-83.05543400,Sports,Basketball,NBA,K8vZ91718T7,Detroit Pistons,NBA REGULAR SEASON,,,
vv17OZ_6GkwX7tXv,Disney On Ice presents Find Your Hero,https://www.ticketmaster.com/disney-on-ice-presents-find-your-detroit-michigan-09-19-2026/event/0800647CBE129F81,2026-09-19,15:00:00,America/New_York,onsale,MI,Detroit,KovZ917A25V,Little Caesars Arena,42.34108900,-83.05543400,Miscellaneous,Ice Shows,Ice Shows,K8vZ9172HM0,Disney On Ice presents Find Your Hero,FELD ENTERTAINMENT DISNEY ON ICE,,,
vvG1OZ_CD9WzZ1,Detroit Red Wings vs. New York Rangers,https://www.ticketmaster.com/detroit-red-wings-vs-new-york-detroit-michigan-12-11-2026/event/080064EED7F7800A,2026-12-11,19:00:00,America/New_York,onsale,MI,Detroit,KovZ917A25V,Little Caesars Arena,42.34108900,-83.05543400,Sports,Hockey,NHL,K8vZ9171o20,Detroit Red Wings,NHL REGULAR SEASON,,,
vv1AFZkf6GkdtpQEL,Detroit Pistons vs. Sacramento Kings,https://www.ticketmaster.com/detroit-pistons-vs-sacramento-kings-detroit-michigan-01-31-2027/event/08006507E959A9DF,2027-01-31,15:00:00,America/New_York,onsale,MI,Detroit,KovZ917A25V,Little Caesars Arena,42.34108900,-83.05543400,Sports,Basketball,NBA,K8vZ91718T7,Detroit Pistons,NBA REGULAR SEASON,,,
vv17OZ_6GkwX6yXK,Disney On Ice presents Find Your Hero,https://www.ticketmaster.com/disney-on-ice-presents-find-your-detroit-michigan-09-20-2026/event/0800647CBE1F9F93,2026-09-20,15:00:00,America/New_York,onsale,MI,Detroit,KovZ917A25V,Little Caesars Arena,42.34108900,-83.05543400,Miscellaneous,Ice Shows,Ice Shows,K8vZ9172HM0,Disney On Ice presents Find Your Hero,FELD ENTERTAINMENT DISNEY ON ICE,,,
vv1AFZkf6GkdIWnPC,Detroit Pistons v Toronto Raptors (Preseason),https://www.ticketmaster.com/detroit-pistons-v-toronto-raptors-preseason-detroit-michigan-10-16-2026/event/08006507E8F6A94E,2026-10-16,19:00:00,America/New_York,onsale,MI,Detroit,KovZ917A25V,Little Caesars Arena,42.34108900,-83.05543400,Sports,Basketball,NBA,K8vZ91718T7,Detroit Pistons,NBA EXHIBITION & PRESEASON,,,
vv17OZ_6GkwXdtWW,Disney On Ice presents Find Your Hero,https://www.ticketmaster.com/disney-on-ice-presents-find-your-detroit-michigan-09-19-2026/event/0800647CBE0E9F7D,2026-09-19,11:00:00,America/New_York,onsale,MI,Detroit,KovZ917A25V,Little Caesars Arena,42.34108900,-83.05543400,Miscellaneous,Ice Shows,Ice Shows,K8vZ9172HM0,Disney On Ice presents Find Your Hero,FELD ENTERTAINMENT DISNEY ON ICE,,,
vv1keZv0jbGAujNEN,Detroit Lions vs. Tennessee Titans,https://www.ticketmaster.com/detroit-lions-vs-tennessee-titans-detroit-michigan-12-13-2026/event/080064718D7239E3,2026-12-13,13:00:00,America/New_York,onsale,MI,Detroit,KovZpakX1e,Ford Field,42.339924,-83.045543,Sports,Football,NFL,K8vZ9171oUf,Detroit Lions,NFL REGULAR SEASON,,,
vv1keZv0jbGAuLSIv,Detroit Lions vs. New York Giants,https://www.ticketmaster.com/detroit-lions-vs-new-york-giants-detroit-michigan-12-28-2026/event/080064718D7F3A01,2026-12-28,20:15:00,America/New_York,onsale,MI,Detroit,KovZpakX1e,Ford Field,42.339924,-83.045543,Sports,Football,NFL,K8vZ9171oUf,Detroit Lions,NFL REGULAR SEASON,,,
vv17OZ_6GkwXkyX8,Disney On Ice presents Find Your Hero,https://www.ticketmaster.com/disney-on-ice-presents-find-your-detroit-michigan-09-20-2026/event/0800647CBE1B9F90,2026-09-20,11:00:00,America/New_York,onsale,MI,Detroit,KovZ917A25V,Little Caesars Arena,42.34108900,-83.05543400,Miscellaneous,Ice Shows,Ice Shows,K8vZ9172HM0,Disney On Ice presents Find Your Hero,FELD ENTERTAINMENT DISNEY ON ICE,,,
vv1AFZkf6Gkdt7nPY,Detroit Pistons v Toronto Raptors (Emirates NBA CUP PLAY),https://www.ticketmaster.com/detroit-pistons-v-toronto-raptors-emirates-detroit-michigan-11-20-2026/event/08006507E912A970,2026-11-20,19:30:00,America/New_York,onsale,MI,Detroit,KovZ917A25V,Little Caesars Arena,42.34108900,-83.05543400,Sports,Basketball,NBA,K8vZ91718T7,Detroit Pistons,NBA REGULAR SEASON,,,
vv1AFZkf6GkdtCnJY,Detroit Pistons vs. Portland Trail Blazers,https://www.ticketmaster.com/detroit-pistons-vs-portland-trail-blazers-detroit-michigan-12-27-2026/event/08006507E93AA9B0,2026-12-27,19:00:00,America/New_York,onsale,MI,Detroit,KovZ917A25V,Little Caesars Arena,42.34108900,-83.05543400,Sports,Basketball,NBA,K8vZ91718T7,Detroit Pistons,NBA REGULAR SEASON,,,
vv1AFZkf6GkdtGQJN,Detroit Pistons vs. Cleveland Cavaliers,https://www.ticketmaster.com/detroit-pistons-vs-cleveland-cavaliers-detroit-michigan-12-18-2026/event/08006507E931A9A3,2026-12-18,19:30:00,America/New_York,onsale,MI,Detroit,KovZ917A25V,Little Caesars Arena,42.34108900,-83.05543400,Sports,Basketball,NBA,K8vZ91718T7,Detroit Pistons,NBA REGULAR SEASON,,,
vv1AFZkf6GkdtdQPn,Detroit Pistons vs. Washington Wizards,https://www.ticketmaster.com/detroit-pistons-vs-washington-wizards-detroit-michigan-11-09-2026/event/08006507E90DA96A,2026-11-09,19:00:00,America/New_York,onsale,MI,Detroit,KovZ917A25V,Little Caesars Arena,42.34108900,-83.05543400,Sports,Basketball,NBA,K8vZ91718T7,Detroit Pistons,NBA REGULAR SEASON,,,
vv1AFZkf6GkdtuQJl,Detroit Pistons vs. Minnesota Timberwolves,https://www.ticketmaster.com/detroit-pistons-vs-minnesota-timberwolves-detroit-michigan-01-24-2027/event/08006507E935A9AB,2027-01-24,18:00:00,America/New_York,onsale,MI,Detroit,KovZ917A25V,Little Caesars Arena,42.34108900,-83.05543400,Sports,Basketball,NBA,K8vZ91718T7,Detroit Pistons,NBA REGULAR SEASON,,,
vv1AFZkf6Gkdt2nJU,Detroit Pistons vs. New Orleans Pelicans,https://www.ticketmaster.com/detroit-pistons-vs-new-orleans-pelicans-detroit-michigan-12-30-2026/event/08006507E93EA9B6,2026-12-30,19:00:00,America/New_York,onsale,MI,Detroit,KovZ917A25V,Little Caesars Arena,42.34108900,-83.05543400,Sports,Basketball,NBA,K8vZ91718T7,Detroit Pistons,NBA REGULAR SEASON,,,
vv1AFZkf6Gkdta1Ja,Detroit Pistons vs. Memphis Grizzlies,https://www.ticketmaster.com/detroit-pistons-vs-memphis-grizzlies-detroit-michigan-12-02-2026/event/08006507E924A989,2026-12-02,19:00:00,America/New_York,onsale,MI,Detroit,KovZ917A25V,Little Caesars Arena,42.34108900,-83.05543400,Sports,Basketball,NBA,K8vZ91718T7,Detroit Pistons,NBA REGULAR SEASON,,,
vv1AFZkf6GkdtjBI5,Detroit Pistons vs. Oklahoma City Thunder,https://www.ticketmaster.com/detroit-pistons-vs-oklahoma-city-thunder-detroit-michigan-02-27-2027/event/08006507E973AA0B,2027-02-27,17:30:00,America/New_York,onsale,MI,Detroit,KovZ917A25V,Little Caesars Arena,42.34108900,-83.05543400,Sports,Basketball,NBA,K8vZ91718T7,Detroit Pistons,NBA REGULAR SEASON,,,
vv1AFZkf6Gkdt41E_,Detroit Pistons vs. Indiana Pacers,https://www.ticketmaster.com/detroit-pistons-vs-indiana-pacers-detroit-michigan-01-22-2027/event/08006507E954A9D9,2027-01-22,19:30:00,America/New_York,onsale,MI,Detroit,KovZ917A25V,Little Caesars Arena,42.34108900,-83.05543400,Sports,Basketball,NBA,K8vZ91718T7,Detroit Pistons,NBA REGULAR SEASON,,,
vv1AFZkf6Gkdt3BE5,Detroit Pistons vs. Utah Jazz,https://www.ticketmaster.com/detroit-pistons-vs-utah-jazz-detroit-michigan-01-10-2027/event/08006507E94BA9CB,2027-01-10,18:00:00,America/New_York,onsale,MI,Detroit,KovZ917A25V,Little Caesars Arena,42.34108900,-83.05543400,Sports,Basketball,NBA,K8vZ91718T7,Detroit Pistons,NBA REGULAR SEASON,,,
vv1AFZkf6GkdttQt6,Detroit Pistons vs. Toronto Raptors,https://www.ticketmaster.com/detroit-pistons-vs-toronto-raptors-detroit-michigan-03-31-2027/event/08006507E9A5AA47,2027-03-31,19:00:00,America/New_York,onsale,MI,Detroit,KovZ917A25V,Little Caesars Arena,42.34108900,-83.05543400,Sports,Basketball,NBA,K8vZ91718T7,Detroit Pistons,NBA REGULAR SEASON,,,
vv1AFZkf6GkdtPBIM,Detroit Pistons vs. Houston Rockets,https://www.ticketmaster.com/detroit-pistons-vs-houston-rockets-detroit-michigan-03-25-2027/event/08006507E997AA37,2027-03-25,19:00:00,America/New_York,onsale,MI,Detroit,KovZ917A25V,Little Caesars Arena,42.34108900,-83.05543400,Sports,Basketball,NBA,K8vZ91718T7,Detroit Pistons,NBA REGULAR SEASON,,,
vv1AFZkf6Gkdt-QI-,Detroit Pistons vs. Cleveland Cavaliers,https://www.ticketmaster.com/detroit-pistons-vs-cleveland-cavaliers-detroit-michigan-03-09-2027/event/08006507E985AA21,2027-03-09,20:00:00,America/New_York,onsale,MI,Detroit,KovZ917A25V,Little Caesars Arena,42.34108900,-83.05543400,Sports,Basketball,NBA,K8vZ91718T7,Detroit Pistons,NBA REGULAR SEASON,,,
vv1AFZkf6GkdtI1t7,Detroit Pistons vs. LA Clippers,https://www.ticketmaster.com/detroit-pistons-vs-la-clippers-detroit-michigan-03-29-2027/event/08006507E9A0AA44,2027-03-29,19:00:00,America/New_York,onsale,MI,Detroit,KovZ917A25V,Little Caesars Arena,42.34108900,-83.05543400,Sports,Basketball,NBA,K8vZ91718T7,Detroit Pistons,NBA REGULAR SEASON,,,
vv1AFZkf6Gkdtlnt9,Detroit Pistons vs. Indiana Pacers,https://www.ticketmaster.com/detroit-pistons-vs-indiana-pacers-detroit-michigan-04-07-2027/event/08006507E9AEAA57,2027-04-07,19:00:00,America/New_York,onsale,MI,Detroit,KovZ917A25V,Little Caesars Arena,42.34108900,-83.05543400,Sports,Basketball,NBA,K8vZ91718T7,Detroit Pistons,NBA REGULAR SEASON,,,
vv17OZ_6GkwXetWM,Disney On Ice presents Find Your Hero,https://www.ticketmaster.com/disney-on-ice-presents-find-your-detroit-michigan-09-18-2026/event/0800647CBE0A9F77,2026-09-18,19:00:00,America/New_York,offsale,MI,Detroit,KovZ917A25V,Little Caesars Arena,42.34108900,-83.05543400,Miscellaneous,Ice Shows,Ice Shows,K8vZ9172HM0,Disney On Ice presents Find Your Hero,FELD ENTERTAINMENT DISNEY ON ICE,,,
vv17OZ_6GkwXv_WR,Disney On Ice presents Find Your Hero,https://www.ticketmaster.com/disney-on-ice-presents-find-your-detroit-michigan-09-18-2026/event/0800647CBE059F6F,2026-09-18,11:00:00,America/New_York,offsale,MI,Detroit,KovZ917A25V,Little Caesars Arena,42.34108900,-83.05543400,Miscellaneous,Ice Shows,Ice Shows,K8vZ9172HM0,Disney On Ice presents Find Your Hero,FELD ENTERTAINMENT DISNEY ON ICE,,,
vvG1OZ_CDbezZq,Detroit Red Wings vs. Toronto Maple Leafs,https://www.ticketmaster.com/detroit-red-wings-vs-toronto-maple-detroit-michigan-12-22-2026/event/080064EED80B801D,2026-12-22,19:00:00,America/New_York,onsale,MI,Detroit,KovZ917A25V,Little Caesars Arena,42.34108900,-83.05543400,Sports,Hockey,NHL,K8vZ9171o20,Detroit Red Wings,NHL REGULAR SEASON,,,
vv17OZ_6GkwXAtXF,Disney On Ice presents Find Your Hero,https://www.ticketmaster.com/disney-on-ice-presents-find-your-detroit-michigan-09-19-2026/event/0800647CBE169F88,2026-09-19,19:00:00,America/New_York,onsale,MI,Detroit,KovZ917A25V,Little Caesars Arena,42.34108900,-83.05543400,Miscellaneous,Ice Shows,Ice Shows,K8vZ9172HM0,Disney On Ice presents Find Your Hero,FELD ENTERTAINMENT DISNEY ON ICE,,,
vvG1OZ_CDbCFvL,Detroit Red Wings vs. Toronto Maple Leafs,https://www.ticketmaster.com/detroit-red-wings-vs-toronto-maple-detroit-michigan-01-27-2027/event/080064EED838805F,2027-01-27,19:30:00,America/New_York,onsale,MI,Detroit,KovZ917A25V,Little Caesars Arena,42.34108900,-83.05543400,Sports,Hockey,NHL,K8vZ9171o20,Detroit Red Wings,NHL REGULAR SEASON,,,
Z7r9jZ1A7J9A0,Detroit Tigers vs. New York Yankees,https://www.ticketmaster.com/event/Z7r9jZ1A7J9A0,2027-04-13,,,offsale,MI,Detroit,ZFr9jZe1dk,Comerica Park,42.346500000,-83.059799000,Sports,Baseball,MLB,K8vZ9171o67,Detroit Tigers,,,,
Z7r9jZ1A7J9AJ,Detroit Tigers vs. New York Yankees,https://www.ticketmaster.com/event/Z7r9jZ1A7J9AJ,2027-04-14,,,offsale,MI,Detroit,ZFr9jZe1dk,Comerica Park,42.346500000,-83.059799000,Sports,Baseball,MLB,K8vZ9171o67,Detroit Tigers,,,,
Z7r9jZ1A7J9AI,Detroit Tigers vs. New York Yankees,https://www.ticketmaster.com/event/Z7r9jZ1A7J9AI,2027-04-15,,,offsale,MI,Detroit,ZFr9jZe1dk,Comerica Park,42.346500000,-83.059799000,Sports,Baseball,MLB,K8vZ9171o67,Detroit Tigers,,,,
vvG1OZ_CDbfbvB,Detroit Red Wings vs. Dallas Stars,https://www.ticketmaster.com/detroit-red-wings-vs-dallas-stars-detroit-michigan-03-06-2027/event/080064EED851807A,2027-03-06,19:00:00,America/New_York,onsale,MI,Detroit,KovZ917A25V,Little Caesars Arena,42.34108900,-83.05543400,Sports,Hockey,NHL,K8vZ9171o20,Detroit Red Wings,NHL REGULAR SEASON,,,
vv1AFZkf6Gkdt6BJd,Detroit Pistons vs. Denver Nuggets,https://www.ticketmaster.com/detroit-pistons-vs-denver-nuggets-detroit-michigan-11-30-2026/event/08006507E91FA983,2026-11-30,19:00:00,America/New_York,onsale,MI,Detroit,KovZ917A25V,Little Caesars Arena,42.34108900,-83.05543400,Sports,Basketball,NBA,K8vZ91718T7,Detroit Pistons,NBA REGULAR SEASON,,,
vvG1OZ_CD9M9Tq,Detroit Red Wings vs. New York Islanders,https://www.ticketmaster.com/detroit-red-wings-vs-new-york-detroit-michigan-11-21-2026/event/080064EED7DD7FDD,2026-11-21,19:00:00,America/New_York,onsale,MI,Detroit,KovZ917A25V,Little Caesars Arena,42.34108900,-83.05543400,Sports,Hockey,NHL,K8vZ9171o20,Detroit Red Wings,NHL REGULAR SEASON,,,
vvG1OZ_2KjZBLc,Disney On Ice presents Find Your Hero,https://www.ticketmaster.com/disney-on-ice-presents-find-your-grand-rapids-michigan-02-20-2027/event/080064F4DC03A7ED,2027-02-20,11:00:00,America/New_York,onsale,MI,Grand Rapids,KovZpZAEAlkA,Van Andel Arena,42.96209800,-85.67158000,Miscellaneous,Ice Shows,Ice Shows,K8vZ9172HM0,Disney On Ice presents Find Your Hero,PROMOTED BY VENUE,,,
vvG1OZ_2Kjd1OO,Disney On Ice presents Find Your Hero,https://www.ticketmaster.com/disney-on-ice-presents-find-your-grand-rapids-michigan-02-20-2027/event/080064F4DC0CA820,2027-02-20,15:00:00,America/New_York,onsale,MI,Grand Rapids,KovZpZAEAlkA,Van Andel Arena,42.96209800,-85.67158000,Miscellaneous,Ice Shows,Ice Shows,K8vZ9172HM0,Disney On Ice presents Find Your Hero,PROMOTED BY VENUE,,,
vvG1OZ_2KjAn-C,Disney On Ice presents Find Your Hero,https://www.ticketmaster.com/disney-on-ice-presents-find-your-grand-rapids-michigan-02-21-2027/event/080064F4DC16A84E,2027-02-21,13:00:00,America/New_York,onsale,MI,Grand Rapids,KovZpZAEAlkA,Van Andel Arena,42.96209800,-85.67158000,Miscellaneous,Ice Shows,Ice Shows,K8vZ9172HM0,Disney On Ice presents Find Your Hero,PROMOTED BY VENUE,,,
vvG1OZ_2KhX1Lq,Disney On Ice presents Find Your Hero,https://www.ticketmaster.com/disney-on-ice-presents-find-your-grand-rapids-michigan-02-18-2027/event/080064F4DBF8A7DD,2027-02-18,19:00:00,America/New_York,onsale,MI,Grand Rapids,KovZpZAEAlkA,Van Andel Arena,42.96209800,-85.67158000,Miscellaneous,Ice Shows,Ice Shows,K8vZ9172HM0,Disney On Ice presents Find Your Hero,PROMOTED BY VENUE,,,
vvG1OZ_2KhTnLJ,Disney On Ice presents Find Your Hero,https://www.ticketmaster.com/disney-on-ice-presents-find-your-grand-rapids-michigan-02-19-2027/event/080064F4DBFEA7E6,2027-02-19,19:00:00,America/New_York,onsale,MI,Grand Rapids,KovZpZAEAlkA,Van Andel Arena,42.96209800,-85.67158000,Miscellaneous,Ice Shows,Ice Shows,K8vZ9172HM0,Disney On Ice presents Find Your Hero,PROMOTED BY VENUE,,,
vvG1OZ_2KjvBLB,Disney On Ice presents Find Your Hero,https://www.ticketmaster.com/disney-on-ice-presents-find-your-grand-rapids-michigan-02-20-2027/event/080064F4DC07A7FA,2027-02-20,19:00:00,America/New_York,onsale,MI,Grand Rapids,KovZpZAEAlkA,Van Andel Arena,42.96209800,-85.67158000,Miscellaneous,Ice Shows,Ice Shows,K8vZ9172HM0,Disney On Ice presents Find Your Hero,PROMOTED BY VENUE,,,
vvG1OZ_2Kj7QOB,Disney On Ice presents Find Your Hero,https://www.ticketmaster.com/disney-on-ice-presents-find-your-grand-rapids-michigan-02-21-2027/event/080064F4DC11A83A,2027-02-21,17:00:00,America/New_York,onsale,MI,Grand Rapids,KovZpZAEAlkA,Van Andel Arena,42.96209800,-85.67158000,Miscellaneous,Ice Shows,Ice Shows,K8vZ9172HM0,Disney On Ice presents Find Your Hero,PROMOTED BY VENUE,,,
vv1AFZk8MGkd3ebY_,The Spinners,https://www.ticketmaster.com/the-spinners-warren-michigan-10-03-2026/event/08006437D2098C19,2026-10-03,20:00:00,America/Detroit,onsale,MI,Warren,KovZpZAEAlAA,Andiamo Celebrity Showroom,42.53644830,-83.03734540,Music,R&B,R&B,K8vZ91718nV,The Spinners,PROMOTED BY VENUE,,,
Z7r9jZ1A7OaPs,Michigan State Spartans Football vs. Washington Huskies Football,https://www.ticketmaster.com/event/Z7r9jZ1A7OaPs,2026-11-14,,,onsale,MI,East Lansing,ZFr9jZekae,Spartan Stadium-MI,42.736900000,-84.483803000,Sports,Football,College,K8vZ9171-97,Michigan State University Football,,,,
vvG1OZ_udpjh0t,Rod Wave: Don't Look Down Tour,https://www.ticketmaster.com/rod-wave-dont-look-down-tour-detroit-michigan-10-19-2026/event/080064D0D671B929,2026-10-19,20:00:00,America/New_York,onsale,MI,Detroit,KovZ917A25V,Little Caesars Arena,42.34108900,-83.05543400,Music,Hip-Hop/Rap,Trap,K8vZ917b8z7,Rod Wave,LIVE NATION MUSIC,,,
vv17OZ_8GkYvghOu,Trans-Siberian Orchestra - The Ghosts Of Christmas Eve,https://www.ticketmaster.com/transsiberian-orchestra-the-ghosts-of-christmas-detroit-michigan-12-23-2026/event/0800650C01D5B80D,2026-12-23,15:00:00,America/New_York,onsale,MI,Detroit,KovZ917A25V,Little Caesars Arena,42.34108900,-83.05543400,Music,Rock,Pop,K8vZ9171L10,Trans-Siberian Orchestra,LIVE NATION MUSIC,,,
vv17OZ_8GkSWw5C7,Trans-Siberian Orchestra - The Ghosts Of Christmas Eve,https://www.ticketmaster.com/transsiberian-orchestra-the-ghosts-of-christmas-detroit-michigan-12-23-2026/event/0800650CFDC8B384,2026-12-23,19:30:00,America/New_York,onsale,MI,Detroit,KovZ917A25V,Little Caesars Arena,42.34108900,-83.05543400,Music,Rock,Pop,K8vZ9171L10,Trans-Siberian Orchestra,LIVE NATION MUSIC,,,
vvG1OZ_u2vrzRv,Rod Wave: Don't Look Down Tour,https://www.ticketmaster.com/rod-wave-dont-look-down-tour-detroit-michigan-10-20-2026/event/080064D3C17B8BC1,2026-10-20,20:00:00,America/New_York,cancelled,MI,Detroit,KovZ917A25V,Little Caesars Arena,42.34108900,-83.05543400,Music,Hip-Hop/Rap,Trap,K8vZ917b8z7,Rod Wave,LIVE NATION MUSIC,,,
vv1AFZkf6GkesjJGL,Luke Combs - My Kinda Saturday Night Tour 2027,https://www.ticketmaster.com/luke-combs-my-kinda-saturday-night-detroit-michigan-04-17-2027/event/08006507B172631F,2027-04-17,17:20:00,America/New_York,onsale,MI,Detroit,KovZpakX1e,Ford Field,42.339924,-83.045543,Music,Country,Country,K8vZ917KVr7,Luke Combs,AEG LIVE,,,
vv17OZ_FGkTEC1td,Teddy Swims: The UGLY Tour,https://www.ticketmaster.com/teddy-swims-the-ugly-tour-detroit-michigan-09-29-2026/event/0800648FE738AA43,2026-09-29,19:00:00,America/New_York,onsale,MI,Detroit,KovZ917A25V,Little Caesars Arena,42.34108900,-83.05543400,Music,Pop,Electro Pop,K8vZ917bnP0,Teddy Swims,AEG LIVE,,,
vv1AFZk8VGkdI6E86,Zac Brown Band: Love & Fear Tour,https://www.ticketmaster.com/zac-brown-band-love-fear-tour-detroit-michigan-11-06-2026/event/08006434E81E7407,2026-11-06,19:00:00,America/New_York,onsale,MI,Detroit,KovZ917A25V,Little Caesars Arena,42.34108900,-83.05543400,Music,Country,Country,K8vZ9175zn0,Zac Brown Band,AEG LIVE,,,
vv17OZ_kGkI-yumn,WEEZER: The Gathering,https://www.ticketmaster.com/weezer-the-gathering-detroit-michigan-09-23-2026/event/0800646A21E4DBAA,2026-09-23,19:00:00,America/New_York,onsale,MI,Detroit,KovZ917A25V,Little Caesars Arena,42.34108900,-83.05543400,Music,Rock,Alternative Rock,K8vZ91713gf,Weezer,LIVE NATION MUSIC,,,
vv17OZbSGkI0b7TI,Doja Cat - Tour Ma Vie World Tour,https://www.ticketmaster.com/doja-cat-tour-ma-vie-world-detroit-michigan-10-01-2026/event/0800633A24604FE8,2026-10-01,19:30:00,America/New_York,onsale,MI,Detroit,KovZ917A25V,Little Caesars Arena,42.34108900,-83.05543400,Music,Hip-Hop/Rap,Trap,K8vZ9173TJf,Doja Cat,LIVE NATION MUSIC,,,
vv17OZ_8GkSfQIpN,Trans-Siberian Orchestra - The Ghosts Of Christmas Eve,https://www.ticketmaster.com/transsiberian-orchestra-the-ghosts-of-christmas-grand-rapids-michigan-12-06-2026/event/0800650CD46A85A3,2026-12-06,15:00:00,America/New_York,onsale,MI,Grand Rapids,KovZpZAEAlkA,Van Andel Arena,42.96209800,-85.67158000,Music,Rock,Pop,K8vZ9171L10,Trans-Siberian Orchestra,LIVE NATION MUSIC,,,
vv17OZ_8GkSf_bpO,Trans-Siberian Orchestra - The Ghosts Of Christmas Eve,https://www.ticketmaster.com/transsiberian-orchestra-the-ghosts-of-christmas-grand-rapids-michigan-12-06-2026/event/0800650CD46585A0,2026-12-06,19:30:00,America/New_York,onsale,MI,Grand Rapids,KovZpZAEAlkA,Van Andel Arena,42.96209800,-85.67158000,Music,Rock,Pop,K8vZ9171L10,Trans-Siberian Orchestra,LIVE NATION MUSIC,,,
vvG1OZ_13SlnGw,JOURNEY - Final Frontier Tour (An Evening With),https://www.ticketmaster.com/journey-final-frontier-tour-an-evening-detroit-michigan-11-02-2026/event/080064A4B3AEA332,2026-11-02,19:30:00,America/New_York,onsale,MI,Detroit,KovZ917A25V,Little Caesars Arena,42.34108900,-83.05543400,Music,Rock,Pop,K8vZ91712F0,Journey,AEG PRESENTS,,,
vv17OZ_8GkmnWPji,Kenny Chesney: The Original Vibe Room Tour with Eric Church,https://www.ticketmaster.com/kenny-chesney-the-original-vibe-room-detroit-michigan-08-14-2027/event/0800650BAAF6572C,2027-08-14,16:30:00,America/New_York,offsale,MI,Detroit,KovZpakX1e,Ford Field,42.339924,-83.045543,Music,Country,Country,K8vZ9171f30,Kenny Chesney,PROMOTED BY VENUE,,,
vv17OZ_6GkD_MMuz,Johnny Blue Skies & the Dark Clouds - Mutiny for the Masses 2026 Tour,https://www.ticketmaster.com/johnny-blue-skies-the-dark-clouds-detroit-michigan-10-10-2026/event/0800647ED9DF7378,2026-10-10,20:00:00,America/New_York,onsale,MI,Detroit,KovZ917A25V,Little Caesars Arena,42.34108900,-83.05543400,Music,Rock,Pop,K8vZ9178Eof,Johnny Blue Skies,AEG LIVE,,,
vvG1OZ_1EFShc4,KATSEYE: THE WILDWORLD TOUR,https://www.ticketmaster.com/katseye-the-wildworld-tour-detroit-michigan-11-03-2026/event/080064A9C8CDBB55,2026-11-03,20:00:00,America/New_York,onsale,MI,Detroit,KovZ917A25V,Little Caesars Arena,42.34108900,-83.05543400,Music,Pop,Electro Pop,K8vZ917q517,KATSEYE,LIVE NATION MUSIC,,,
vvG1OZ_1rV4aSt,Niall Horan: Dinner Party Live On Tour,https://www.ticketmaster.com/niall-horan-dinner-party-live-on-detroit-michigan-03-19-2027/event/080064A7B4549CE9,2027-03-19,19:30:00,America/New_York,onsale,MI,Detroit,KovZ917A25V,Little Caesars Arena,42.34108900,-83.05543400,Music,Rock,Pop,K8vZ9174OHV,Niall Horan,LIVE NATION MUSIC,,,
vv1AFZkfKGkecYUWM,WWE Friday Night Smackdown,https://www.ticketmaster.com/wwe-friday-night-smackdown-grand-rapids-michigan-12-04-2026/event/08006513ADC36F77,2026-12-04,19:30:00,America/New_York,onsale,MI,Grand Rapids,KovZpZAEAlkA,Van Andel Arena,42.96209800,-85.67158000,Sports,Wrestling,Wrestling,K8vZ91718zf,WWE,WORLD WRESTLING ENTERTAINMENT,,,
vv17OZ_8GkSd_91x,Jonas Brothers: The Burning Up Tour All Over Again,https://www.ticketmaster.com/jonas-brothers-the-burning-up-tour-detroit-michigan-10-25-2026/event/0800650CC36572A2,2026-10-25,19:30:00,America/New_York,onsale,MI,Detroit,KovZ917A25V,Little Caesars Arena,42.34108900,-83.05543400,Music,Pop,Electro Pop,K8vZ9175T17,Jonas Brothers,LIVE NATION MUSIC,,,
vvG1OZ_GNdzMQq,Cash Money & No Limit Tour,https://www.ticketmaster.com/cash-money-no-limit-tour-detroit-michigan-09-25-2026/event/080064C8C3E3769D,2026-09-25,20:00:00,America/New_York,onsale,MI,Detroit,KovZ917A25V,Little Caesars Arena,42.34108900,-83.05543400,Music,Hip-Hop/Rap,Trap,K8vZ9171be7,Master P,PROMOTED BY VENUE,,,
vv1AFZkoeGkdJDpwd,Ringling Bros. and Barnum & Bailey with Special Guest Bello Nock,https://www.ticketmaster.com/ringling-bros-and-barnum-bailey-with-detroit-michigan-11-14-2026/event/08006442E6ED6C83,2026-11-14,15:00:00,America/New_York,onsale,MI,Detroit,KovZ917A25V,Little Caesars Arena,42.34108900,-83.05543400,Arts & Theatre,Circus & Specialty Acts,Circus,K8vZ917hekV,Ringling Bros. and Barnum & Bailey presents The Greatest Show On Earth,FELD ENTERTAINMENT RINGLING BROS,,,
vv1AFZkoeGkdJBpwv,Ringling Bros. and Barnum & Bailey with Special Guest Bello Nock,https://www.ticketmaster.com/ringling-bros-and-barnum-bailey-with-detroit-michigan-11-14-2026/event/08006442E6E96C81,2026-11-14,11:00:00,America/New_York,onsale,MI,Detroit,KovZ917A25V,Little Caesars Arena,42.34108900,-83.05543400,Arts & Theatre,Circus & Specialty Acts,Circus,K8vZ917hekV,Ringling Bros. and Barnum & Bailey presents The Greatest Show On Earth,FELD ENTERTAINMENT RINGLING BROS,,,
vv17OZ_3Gklmw1-x,Nick Cannon Presents: Wild 'N Out Live - The Next Generation,https://www.ticketmaster.com/nick-cannon-presents-wild-n-out-detroit-michigan-12-13-2026/event/0800652AEEC8A862,2026-12-13,20:00:00,America/New_York,offsale,MI,Detroit,KovZ917A25V,Little Caesars Arena,42.34108900,-83.05543400,Arts & Theatre,Comedy,Comedy,K8vZ9179eYf,Nick Cannon Presents: Wild 'N Out Live,LIVE NATION MUSIC,,,
vv1AFZkoeGkdJTkwf,Ringling Bros. and Barnum & Bailey with Special Guest Bello Nock,https://www.ticketmaster.com/ringling-bros-and-barnum-bailey-with-detroit-michigan-11-15-2026/event/08006442E6FC6C94,2026-11-15,15:00:00,America/New_York,onsale,MI,Detroit,KovZ917A25V,Little Caesars Arena,42.34108900,-83.05543400,Arts & Theatre,Circus & Specialty Acts,Circus,K8vZ917hekV,Ringling Bros. and Barnum & Bailey presents The Greatest Show On Earth,FELD ENTERTAINMENT RINGLING BROS,,,
vv1AFZkoeGkdJWUwu,Ringling Bros. and Barnum & Bailey with Special Guest Bello Nock,https://www.ticketmaster.com/ringling-bros-and-barnum-bailey-with-detroit-michigan-11-15-2026/event/08006442E6F76C8D,2026-11-15,11:00:00,America/New_York,onsale,MI,Detroit,KovZ917A25V,Little Caesars Arena,42.34108900,-83.05543400,Arts & Theatre,Circus & Specialty Acts,Circus,K8vZ917hekV,Ringling Bros. and Barnum & Bailey presents The Greatest Show On Earth,FELD ENTERTAINMENT RINGLING BROS,,,
vv1AFZkoeGkdJMUsU,Ringling Bros. and Barnum & Bailey with Special Guest Bello Nock,https://www.ticketmaster.com/ringling-bros-and-barnum-bailey-with-detroit-michigan-11-13-2026/event/08006442E6DF6C76,2026-11-13,11:00:00,America/New_York,onsale,MI,Detroit,KovZ917A25V,Little Caesars Arena,42.34108900,-83.05543400,Arts & Theatre,Circus & Specialty Acts,Circus,K8vZ917hekV,Ringling Bros. and Barnum & Bailey presents The Greatest Show On Earth,FELD ENTERTAINMENT RINGLING BROS,,,
vv1AFZkoeGkdJHJwk,Ringling Bros. and Barnum & Bailey with Special Guest Bello Nock,https://www.ticketmaster.com/ringling-bros-and-barnum-bailey-with-detroit-michigan-11-14-2026/event/08006442E6F26C86,2026-11-14,19:00:00,America/New_York,onsale,MI,Detroit,KovZ917A25V,Little Caesars Arena,42.34108900,-83.05543400,Arts & Theatre,Circus & Specialty Acts,Circus,K8vZ917hekV,Ringling Bros. and Barnum & Bailey presents The Greatest Show On Earth,FELD ENTERTAINMENT RINGLING BROS,,,
vv1AFZkoeGkdJyksH,Ringling Bros. and Barnum & Bailey with Special Guest Bello Nock,https://www.ticketmaster.com/ringling-bros-and-barnum-bailey-with-detroit-michigan-11-13-2026/event/08006442E6E46C7C,2026-11-13,19:00:00,America/New_York,onsale,MI,Detroit,KovZ917A25V,Little Caesars Arena,42.34108900,-83.05543400,Arts & Theatre,Circus & Specialty Acts,Circus,K8vZ917hekV,Ringling Bros. and Barnum & Bailey presents The Greatest Show On Earth,FELD ENTERTAINMENT RINGLING BROS,,,
vv1AFZkoeGkdJUpsn,Ringling Bros. and Barnum & Bailey presents The Greatest Show On Earth,https://www.ticketmaster.com/ringling-bros-and-barnum-bailey-presents-detroit-michigan-11-12-2026/event/08006442E6D96C6A,2026-11-12,19:00:00,America/New_York,cancelled,MI,Detroit,KovZ917A25V,Little Caesars Arena,42.34108900,-83.05543400,Arts & Theatre,Circus & Specialty Acts,Circus,K8vZ917hekV,Ringling Bros. and Barnum & Bailey presents The Greatest Show On Earth,FELD ENTERTAINMENT RINGLING BROS,,,
vvG1OZ_5QVMER7,Phoebe Bridgers: The Lost Tour,https://www.ticketmaster.com/phoebe-bridgers-the-lost-tour-detroit-michigan-10-03-2026/event/080064B6B4DE7BC4,2026-10-03,19:30:00,America/New_York,onsale,MI,Detroit,KovZ917A25V,Little Caesars Arena,42.34108900,-83.05543400,Music,Rock,Alternative Rock,K8vZ917KN9V,Phoebe Bridgers,THE MESSINA GROUP (TMG),,,
vv1AFZkoKGkesfzaV,Gorillaz - The Mountain Tour,https://www.ticketmaster.com/gorillaz-the-mountain-tour-detroit-michigan-10-07-2026/event/08006453B1538274,2026-10-07,19:00:00,America/New_York,onsale,MI,Detroit,KovZ917A25V,Little Caesars Arena,42.34108900,-83.05543400,Music,Rock,Alternative Rock,K8vZ9171zxV,Gorillaz,LIVE NATION MUSIC,,,
vv17OZ_7GkwiaINO,The Neighbourhood: THE WOURLD TOUR,https://www.ticketmaster.com/the-neighbourhood-the-wourld-tour-detroit-michigan-11-19-2026/event/0800644CAC2688E0,2026-11-19,19:00:00,America/New_York,onsale,MI,Detroit,KovZ917A25V,Little Caesars Arena,42.34108900,-83.05543400,Music,Rock,Pop,K8vZ917Kzef,The Neighbourhood,LIVE NATION MUSIC,,,
vv1FOZbJ3eZOZd87v,MANÁ: VIVIR SIN AIRE TOUR,https://www.ticketmaster.com/mana-vivir-sin-aire-tour-detroit-michigan-11-01-2026/event/0800626482020F30,2026-11-01,21:00:00,America/New_York,rescheduled,MI,Detroit,KovZ917A25V,Little Caesars Arena,42.34108900,-83.05543400,Music,Latin,Latin,K8vZ9171Kyf,MANÁ,LIVE NATION MUSIC,,,
vv1AFZk3FGkeg5JlZ,SOMBR - You Are The Reason Tour,https://www.ticketmaster.com/sombr-you-are-the-reason-tour-detroit-michigan-11-07-2026/event/08006488B52E6AC0,2026-11-07,19:00:00,America/New_York,onsale,MI,Detroit,KovZ917A25V,Little Caesars Arena,42.34108900,-83.05543400,Music,Rock,Alternative Rock,K8vZ917ji4V,Sombr,LIVE NATION MUSIC,,,
vv17OZ_dGkSYH_YL,ZAYN: The Konnakol Tour,https://www.ticketmaster.com/zayn-the-konnakol-tour-detroit-michigan-11-08-2026/event/0800643CF0F19C1F,2026-11-08,20:00:00,America/New_York,cancelled,MI,Detroit,KovZ917A25V,Little Caesars Arena,42.34108900,-83.05543400,Music,Pop,Electro Pop,K8vZ917fNP0,ZAYN,LIVE NATION MUSIC,,,
vv1AFZkotGkeEE6je,"Disney Descendants, ZOMBIES & Camp Rock: Worlds Collide Concert Tour",https://www.ticketmaster.com/disney-descendants-zombies-camp-rock-worlds-detroit-michigan-10-23-2026/event/08006469A79C7702,2026-10-23,19:00:00,America/New_York,onsale,MI,Detroit,KovZ917A25V,Little Caesars Arena,42.34108900,-83.05543400,Music,Other,Other,K8vZ917qo40,Disney Worlds Collide Concert Tour,AEG PRESENTS,,,
vv1AFZkftGkdR2nb0,Detroit is Unrivaled presented by Ally,https://www.ticketmaster.com/detroit-is-unrivaled-presented-by-ally-detroit-michigan-01-11-2027/event/08006529EF3EA624,2027-01-11,19:30:00,America/New_York,onsale,MI,Detroit,KovZ917A25V,Little Caesars Arena,42.34108900,-83.05543400,Sports,Basketball,Women Professional,K8vZ917qCT7,Unrivaled Basketball League,PROMOTED BY VENUE,,,
vv17OZ_3GkY-oWzW,HANS ZIMMER LIVE - THE NEXT LEVEL,https://www.ticketmaster.com/hans-zimmer-live-the-next-level-detroit-michigan-03-03-2027/event/0800652C2147DE3D,2027-03-03,20:00:00,America/New_York,offsale,MI,Detroit,KovZ917A25V,Little Caesars Arena,42.34108900,-83.05543400,Music,Classical,Classical/Vocal,K8vZ917ubK0,Hans Zimmer,AEG PRESENTS,,,
vvG1OZ_CBHfUaV,Michigan State v Arkansas Mens Basketball,https://www.ticketmaster.com/michigan-state-v-arkansas-mens-basketball-detroit-michigan-11-26-2026/event/080064EEBC536274,2026-11-26,16:30:00,America/New_York,offsale,MI,Detroit,KovZ917A25V,Little Caesars Arena,42.34108900,-83.05543400,Sports,Basketball,College,K8vZ9175VJf,Michigan State University Men's Basketball,PROMOTED BY VENUE,,,
Z7r9jZ1A7qIa8,Michigan Wolverines Football vs. UTEP Miners Football,https://www.ticketmaster.com/event/Z7r9jZ1A7qIa8,2026-09-19,15:30:00,,onsale,MI,Ann Arbor,ZFr9jZevaA,Michigan Stadium,42.290901000,-83.714401000,Sports,Football,College,K8vZ917GCv7,University of Michigan Wolverines Football,,,,
vvG1OZ_2H1Hwe2,Pentatonix: Christmas in the City Tour ,https://www.ticketmaster.com/pentatonix-christmas-in-the-city-tour-grand-rapids-michigan-11-15-2026/event/080064FF0AF3208F,2026-11-15,18:00:00,America/New_York,onsale,MI,Grand Rapids,KovZpZAEAlkA,Van Andel Arena,42.96209800,-85.67158000,Music,Rock,Pop,K8vZ9172Wtf,Pentatonix,LIVE NATION MUSIC,,,
vv1keZvPa-GAukupH,Stevie Wonder Songs in The Key of Life Performances 50th Anniversary,https://www.ticketmaster.com/stevie-wonder-songs-in-the-key-detroit-michigan-12-08-2026/event/080065261D18D5BC,2026-12-08,20:00:00,America/New_York,onsale,MI,Detroit,KovZpZA6kdtA,Fox Theatre Detroit,42.33854800,-83.05207000,Music,R&B,R&B,K8vZ91715af,Stevie Wonder,LIVE NATION MUSIC,,,
vv1kOZ_3bxG7sqnA,Stevie Wonder Songs in The Key of Life Performances 50th Anniversary,https://www.ticketmaster.com/stevie-wonder-songs-in-the-key-detroit-michigan-12-09-2026/event/0800652622C5DA85,2026-12-09,20:00:00,America/New_York,onsale,MI,Detroit,KovZpZA6kdtA,Fox Theatre Detroit,42.33854800,-83.05207000,Music,R&B,R&B,K8vZ91715af,Stevie Wonder,LIVE NATION MUSIC,,,
vv1AFZkoyGkdPqyhP,Jo Koy: Koy Meets World Tour,https://www.ticketmaster.com/jo-koy-koy-meets-world-tour-detroit-michigan-10-24-2026/event/08006479E57796E5,2026-10-24,20:00:00,America/New_York,onsale,MI,Detroit,KovZpZA6kdtA,Fox Theatre Detroit,42.33854800,-83.05207000,Arts & Theatre,Comedy,Comedy,K8vZ917GJk0,Jo Koy,PROMOTED BY VENUE,,,
vvG1OZ_5mDQIzG,Gabriel Iglesias: The 1976 Tour,https://www.ticketmaster.com/gabriel-iglesias-the-1976-tour-grand-rapids-michigan-11-13-2026/event/080064BBBB6A8E0C,2026-11-13,20:00:00,America/New_York,onsale,MI,Grand Rapids,KovZpZAEAlkA,Van Andel Arena,42.96209800,-85.67158000,Arts & Theatre,Comedy,Comedy,K8vZ9175rM7,Gabriel Iglesias,PROMOTED BY VENUE,,,
vvG1OZ_CDlitaK,for KING + COUNTRY'S A DRUMMER BOY CHRISTMAS,https://www.ticketmaster.com/for-king-countrys-a-drummer-boy-grand-rapids-michigan-12-13-2026/event/080064EEEBB29253,2026-12-13,19:00:00,America/New_York,onsale,MI,Grand Rapids,KovZpZAEAlkA,Van Andel Arena,42.96209800,-85.67158000,Music,Pop,Electro Pop,K8vZ9172rR0,for KING & COUNTRY,,,,
vv1AFZk3oGke0JEyB,Jim Gaffigan:  Everything Is Wonderful!,https://www.ticketmaster.com/jim-gaffigan-everything-is-wonderful-detroit-michigan-09-18-2026/event/08006491A49A7E7A,2026-09-18,19:00:00,America/New_York,offsale,MI,Detroit,KovZpZA6kdtA,Fox Theatre Detroit,42.33854800,-83.05207000,Arts & Theatre,Comedy,Comedy,K8vZ9175R0V,Jim Gaffigan,OUTBACK CONCERTS,,,
vv17OZ_aGkS8Fj5f,Jo Koy - Suite Rental,https://www.gofevo.com/event/JK102426,2026-10-24,20:00:00,America/New_York,onsale,MI,Detroit,KovZpZA6kdtA,Fox Theatre Detroit,42.33854800,-83.05207000,Arts & Theatre,Comedy,Comedy,K8vZ917GJk0,Jo Koy,PROMOTED BY VENUE,,,
vvG1OZ_G9nEqkq,Little Big Town - For The Art Of It Tour,https://www.ticketmaster.com/little-big-town-for-the-art-detroit-michigan-11-20-2026/event/080064C5EA9DD19D,2026-11-20,19:30:00,America/New_York,onsale,MI,Detroit,KovZpZA6kdtA,Fox Theatre Detroit,42.33854800,-83.05207000,Music,Country,Country,K8vZ9175ykf,Little Big Town,LIVE NATION MUSIC,,,
vv16FZk34vVZAGAe85,Jim Gaffigan:  Everything Is Wonderful!,https://www.ticketmaster.com/jim-gaffigan-everything-is-wonderful-detroit-michigan-09-19-2026/event/08006495074B41FA,2026-09-19,20:00:00,America/New_York,onsale,MI,Detroit,KovZpZA6kdtA,Fox Theatre Detroit,42.33854800,-83.05207000,Arts & Theatre,Comedy,Comedy,K8vZ9175R0V,Jim Gaffigan,OUTBACK CONCERTS,,,
vvG1OZ_CDcTtod,Little Big Town - Suite Rental,https://www.gofevo.com/event/LBT112026,2026-11-20,19:30:00,America/New_York,onsale,MI,Detroit,KovZpZA6kdtA,Fox Theatre Detroit,42.33854800,-83.05207000,Music,Country,Country,K8vZ9175ykf,Little Big Town,PROMOTED BY VENUE,,,
vv17OZ_aGkS86H5u,Jim Gaffigan - Suite Rental,https://www.gofevo.com/event/JG091826,2026-09-18,19:00:00,America/New_York,offsale,MI,Detroit,KovZpZA6kdtA,Fox Theatre Detroit,42.33854800,-83.05207000,Arts & Theatre,Comedy,Comedy,K8vZ9175R0V,Jim Gaffigan,PROMOTED BY VENUE,,,
Z7r9jZ1A7qIaa,Michigan Wolverines Football vs. Penn State Nittany Lions Football,https://www.ticketmaster.com/event/Z7r9jZ1A7qIaa,2026-10-17,,,onsale,MI,Ann Arbor,ZFr9jZevaA,Michigan Stadium,42.290901000,-83.714401000,Sports,Football,College,K8vZ917GCv7,University of Michigan Wolverines Football,,,,
Z7r9jZ1A7Pa86,Luke Bryan,https://www.ticketmaster.com/event/Z7r9jZ1A7Pa86,2026-09-20,17:00:00,,onsale,MI,Allegan,Z7r9jZaA17,John Schaendorf Dairy,42.575500000,-85.847298000,Music,Country,Country Folk,K8vZ917G4u0,Luke Bryan,,,,
vv1AFZkfbGkdx_n_V,"TOBYMAC with Jeremy Camp, Seph Schlueter, Katy Nichole: Hits Deep Tour",https://www.ticketmaster.com/tobymac-with-jeremy-camp-seph-schlueter-grand-rapids-michigan-03-07-2027/event/08006518E266A674,2027-03-07,18:30:00,America/New_York,onsale,MI,Grand Rapids,KovZpZAEAlkA,Van Andel Arena,42.96209800,-85.67158000,Music,Religious,Gospel,K8vZ9175Av7,TOBYMAC,AWAKENING EVENTS,,,
vv1AFZkoyGkdGBb90,Leanne Morgan -THE TIME OF OUR LIVES TOUR,https://www.ticketmaster.com/leanne-morgan-the-time-of-our-detroit-michigan-10-15-2026/event/08006479CCE985E4,2026-10-15,19:00:00,America/New_York,onsale,MI,Detroit,KovZpZA6kdtA,Fox Theatre Detroit,42.33854800,-83.05207000,Arts & Theatre,Comedy,Comedy,K8vZ917fQxV,Leanne Morgan,PROMOTED BY VENUE,,,
vv11eZv0jVekf8vu,Leanne Morgan: THE TIME OF OUR LIVES TOUR,https://www.ticketmaster.com/leanne-morgan-the-time-of-our-detroit-michigan-10-16-2026/event/080064734086510C,2026-10-16,19:00:00,America/New_York,onsale,MI,Detroit,KovZpZA6kdtA,Fox Theatre Detroit,42.33854800,-83.05207000,Arts & Theatre,Comedy,Comedy,K8vZ917fQxV,Leanne Morgan,PROMOTED BY VENUE,,,
vv17OZ_eGkS8jUap,Ringling Bros. and Barnum & Bailey with Special Guest Bello Nock,https://www.ticketmaster.com/ringling-bros-and-barnum-bailey-with-grand-rapids-michigan-11-01-2026/event/0800642CD0736256,2026-11-01,13:00:00,America/New_York,onsale,MI,Grand Rapids,KovZpZAEAlkA,Van Andel Arena,42.96209800,-85.67158000,Arts & Theatre,Circus & Specialty Acts,Circus,K8vZ917hekV,Ringling Bros. and Barnum & Bailey presents The Greatest Show On Earth,FELD ENTERTAINMENT RINGLING BROS,,,
vvG1OZ_5hC5yrs,THE CHICKS - TAKING THE LONG WAY,https://www.ticketmaster.com/the-chicks-taking-the-long-way-detroit-michigan-09-30-2026/event/080064B6CE2F97B1,2026-09-30,20:30:00,America/New_York,onsale,MI,Detroit,KovZpZA6kdtA,Fox Theatre Detroit,42.33854800,-83.05207000,Music,Country,Country,K8vZ9171fU7,The Chicks,LIVE NATION MUSIC,,,
vv1AFZk39GkelJQl7,Bring Me The Horizon - POST HUMAN: NeX GEn-THE THIRD ASCENSION PROGRAM,https://www.ticketmaster.com/bring-me-the-horizon-post-human-grand-rapids-michigan-10-08-2026/event/08006497AB99AAC4,2026-10-08,19:00:00,America/New_York,onsale,MI,Grand Rapids,KovZpZAEAlkA,Van Andel Arena,42.96209800,-85.67158000,Music,Rock,Pop,K8vZ917Ge97,Bring Me The Horizon,LIVE NATION MUSIC,,,
vv17OZ_eGkS8bpaG,Ringling Bros. and Barnum & Bailey with Special Guest Bello Nock,https://www.ticketmaster.com/ringling-bros-and-barnum-bailey-with-grand-rapids-michigan-10-31-2026/event/0800642CD061624C,2026-10-31,10:00:00,America/New_York,onsale,MI,Grand Rapids,KovZpZAEAlkA,Van Andel Arena,42.96209800,-85.67158000,Arts & Theatre,Circus & Specialty Acts,Circus,K8vZ917hekV,Ringling Bros. and Barnum & Bailey presents The Greatest Show On Earth,FELD ENTERTAINMENT RINGLING BROS,,,
vv17OZ_eGkS89paa,Ringling Bros. and Barnum & Bailey with Special Guest Bello Nock,https://www.ticketmaster.com/ringling-bros-and-barnum-bailey-with-grand-rapids-michigan-10-30-2026/event/0800642CD05D6249,2026-10-30,19:00:00,America/New_York,onsale,MI,Grand Rapids,KovZpZAEAlkA,Van Andel Arena,42.96209800,-85.67158000,Arts & Theatre,Circus & Specialty Acts,Circus,K8vZ917hekV,Ringling Bros. and Barnum & Bailey presents The Greatest Show On Earth,FELD ENTERTAINMENT RINGLING BROS,,,
vv17OZ_eGkS8fpFH,Ringling Bros. and Barnum & Bailey with Special Guest Bello Nock,https://www.ticketmaster.com/ringling-bros-and-barnum-bailey-with-grand-rapids-michigan-10-29-2026/event/0800642CD051623C,2026-10-29,19:00:00,America/New_York,onsale,MI,Grand Rapids,KovZpZAEAlkA,Van Andel Arena,42.96209800,-85.67158000,Arts & Theatre,Circus & Specialty Acts,Circus,K8vZ917hekV,Ringling Bros. and Barnum & Bailey presents The Greatest Show On Earth,FELD ENTERTAINMENT RINGLING BROS,,,
vv17OZ_eGkS8_UaC,Ringling Bros. and Barnum & Bailey with Special Guest Bello Nock,https://www.ticketmaster.com/ringling-bros-and-barnum-bailey-with-grand-rapids-michigan-10-31-2026/event/0800642CD067624E,2026-10-31,14:00:00,America/New_York,onsale,MI,Grand Rapids,KovZpZAEAlkA,Van Andel Arena,42.96209800,-85.67158000,Arts & Theatre,Circus & Specialty Acts,Circus,K8vZ917hekV,Ringling Bros. and Barnum & Bailey presents The Greatest Show On Earth,FELD ENTERTAINMENT RINGLING BROS,,,
vv17OZ_eGkS8hka8,Ringling Bros. and Barnum & Bailey with Special Guest Bello Nock,https://www.ticketmaster.com/ringling-bros-and-barnum-bailey-with-grand-rapids-michigan-11-01-2026/event/0800642CD06C6250,2026-11-01,17:00:00,America/New_York,onsale,MI,Grand Rapids,KovZpZAEAlkA,Van Andel Arena,42.96209800,-85.67158000,Arts & Theatre,Circus & Specialty Acts,Circus,K8vZ917hekV,Ringling Bros. and Barnum & Bailey presents The Greatest Show On Earth,FELD ENTERTAINMENT RINGLING BROS,,,
vv17OZ_eGkS8pkad,Ringling Bros. and Barnum & Bailey presents The Greatest Show On Earth,https://www.ticketmaster.com/ringling-bros-and-barnum-bailey-presents-grand-rapids-michigan-10-30-2026/event/0800642CD0586243,2026-10-30,10:30:00,America/New_York,cancelled,MI,Grand Rapids,KovZpZAEAlkA,Van Andel Arena,42.96209800,-85.67158000,Arts & Theatre,Circus & Specialty Acts,Circus,K8vZ917hekV,Ringling Bros. and Barnum & Bailey presents The Greatest Show On Earth,FELD ENTERTAINMENT RINGLING BROS,,,
vvG1OZ_CEm_yj7,'Twas the Night Before... by Cirque du Soleil,https://www.ticketmaster.com/twas-the-night-before-by-cirque-detroit-michigan-12-19-2026/event/080064E9EE679704,2026-12-19,13:00:00,America/New_York,onsale,MI,Detroit,KovZpZA6kdtA,Fox Theatre Detroit,42.33854800,-83.05207000,Arts & Theatre,Circus & Specialty Acts,Circus,K8vZ917boLf,'Twas the Night Before... by Cirque du Soleil,PROMOTED BY VENUE,,,
vvG1OZ_CEm9_hD,'Twas the Night Before... by Cirque du Soleil,https://www.ticketmaster.com/twas-the-night-before-by-cirque-detroit-michigan-12-17-2026/event/080064E9EE5D96FB,2026-12-17,19:30:00,America/New_York,onsale,MI,Detroit,KovZpZA6kdtA,Fox Theatre Detroit,42.33854800,-83.05207000,Arts & Theatre,Circus & Specialty Acts,Circus,K8vZ917boLf,'Twas the Night Before... by Cirque du Soleil,PROMOTED BY VENUE,,,
vvG1OZ_CEmbtjZ,'Twas the Night Before... by Cirque du Soleil,https://www.ticketmaster.com/twas-the-night-before-by-cirque-detroit-michigan-12-18-2026/event/080064E9EE629700,2026-12-18,19:30:00,America/New_York,onsale,MI,Detroit,KovZpZA6kdtA,Fox Theatre Detroit,42.33854800,-83.05207000,Arts & Theatre,Circus & Specialty Acts,Circus,K8vZ917boLf,'Twas the Night Before... by Cirque du Soleil,PROMOTED BY VENUE,,,
vvG1OZ_CEmhaja,'Twas the Night Before... by Cirque du Soleil,https://www.ticketmaster.com/twas-the-night-before-by-cirque-detroit-michigan-12-19-2026/event/080064E9EE6C9709,2026-12-19,16:00:00,America/New_York,onsale,MI,Detroit,KovZpZA6kdtA,Fox Theatre Detroit,42.33854800,-83.05207000,Arts & Theatre,Circus & Specialty Acts,Circus,K8vZ917boLf,'Twas the Night Before... by Cirque du Soleil,PROMOTED BY VENUE,,,
vvG1OZ_CEmrtjq,'Twas the Night Before... by Cirque du Soleil,https://www.ticketmaster.com/twas-the-night-before-by-cirque-detroit-michigan-12-20-2026/event/080064E9EE7A971D,2026-12-20,15:00:00,America/New_York,onsale,MI,Detroit,KovZpZA6kdtA,Fox Theatre Detroit,42.33854800,-83.05207000,Arts & Theatre,Circus & Specialty Acts,Circus,K8vZ917boLf,'Twas the Night Before... by Cirque du Soleil,PROMOTED BY VENUE,,,
vvG1OZ_CEmOyjg,'Twas the Night Before... by Cirque du Soleil,https://www.ticketmaster.com/twas-the-night-before-by-cirque-detroit-michigan-12-23-2026/event/080064E9EE839735,2026-12-23,16:00:00,America/New_York,onsale,MI,Detroit,KovZpZA6kdtA,Fox Theatre Detroit,42.33854800,-83.05207000,Arts & Theatre,Circus & Specialty Acts,Circus,K8vZ917boLf,'Twas the Night Before... by Cirque du Soleil,PROMOTED BY VENUE,,,
vvG1OZ_CEmq_jf,'Twas the Night Before... by Cirque du Soleil,https://www.ticketmaster.com/twas-the-night-before-by-cirque-detroit-michigan-12-20-2026/event/080064E9EE759714,2026-12-20,12:00:00,America/New_York,onsale,MI,Detroit,KovZpZA6kdtA,Fox Theatre Detroit,42.33854800,-83.05207000,Arts & Theatre,Circus & Specialty Acts,Circus,K8vZ917boLf,'Twas the Night Before... by Cirque du Soleil,PROMOTED BY VENUE,,,
vvG1OZ_CEmjaj2,'Twas the Night Before... by Cirque du Soleil,https://www.ticketmaster.com/twas-the-night-before-by-cirque-detroit-michigan-12-19-2026/event/080064E9EE70970F,2026-12-19,19:30:00,America/New_York,onsale,MI,Detroit,KovZpZA6kdtA,Fox Theatre Detroit,42.33854800,-83.05207000,Arts & Theatre,Circus & Specialty Acts,Circus,K8vZ917boLf,'Twas the Night Before... by Cirque du Soleil,PROMOTED BY VENUE,,,
vvG1OZ_CEmxajT,'Twas the Night Before... by Cirque du Soleil,https://www.ticketmaster.com/twas-the-night-before-by-cirque-detroit-michigan-12-23-2026/event/080064E9EE88973F,2026-12-23,19:30:00,America/New_York,onsale,MI,Detroit,KovZpZA6kdtA,Fox Theatre Detroit,42.33854800,-83.05207000,Arts & Theatre,Circus & Specialty Acts,Circus,K8vZ917boLf,'Twas the Night Before... by Cirque du Soleil,PROMOTED BY VENUE,,,
vvG1OZ_CEmt_qs,'Twas the Night Before... by Cirque du Soleil,https://www.ticketmaster.com/twas-the-night-before-by-cirque-detroit-michigan-12-27-2026/event/080064E9EEA59771,2026-12-27,12:00:00,America/New_York,onsale,MI,Detroit,KovZpZA6kdtA,Fox Theatre Detroit,42.33854800,-83.05207000,Arts & Theatre,Circus & Specialty Acts,Circus,K8vZ917boLf,'Twas the Night Before... by Cirque du Soleil,PROMOTED BY VENUE,,,
vvG1OZ_CEmPyqO,'Twas the Night Before... by Cirque du Soleil,https://www.ticketmaster.com/twas-the-night-before-by-cirque-detroit-michigan-12-26-2026/event/080064E9EE979760,2026-12-26,13:00:00,America/New_York,onsale,MI,Detroit,KovZpZA6kdtA,Fox Theatre Detroit,42.33854800,-83.05207000,Arts & Theatre,Circus & Specialty Acts,Circus,K8vZ917boLf,'Twas the Night Before... by Cirque du Soleil,PROMOTED BY VENUE,,,
vvG1OZ_CEmntqz,'Twas the Night Before... by Cirque du Soleil,https://www.ticketmaster.com/twas-the-night-before-by-cirque-detroit-michigan-12-27-2026/event/080064E9EEAA9778,2026-12-27,15:00:00,America/New_York,onsale,MI,Detroit,KovZpZA6kdtA,Fox Theatre Detroit,42.33854800,-83.05207000,Arts & Theatre,Circus & Specialty Acts,Circus,K8vZ917boLf,'Twas the Night Before... by Cirque du Soleil,PROMOTED BY VENUE,,,
vvG1OZ_CEm0tqf,'Twas the Night Before... by Cirque du Soleil,https://www.ticketmaster.com/twas-the-night-before-by-cirque-detroit-michigan-12-24-2026/event/080064E9EE929754,2026-12-24,15:00:00,America/New_York,onsale,MI,Detroit,KovZpZA6kdtA,Fox Theatre Detroit,42.33854800,-83.05207000,Arts & Theatre,Circus & Specialty Acts,Circus,K8vZ917boLf,'Twas the Night Before... by Cirque du Soleil,PROMOTED BY VENUE,,,
vvG1OZ_CEmN_qk,'Twas the Night Before... by Cirque du Soleil,https://www.ticketmaster.com/twas-the-night-before-by-cirque-detroit-michigan-12-24-2026/event/080064E9EE8D9746,2026-12-24,12:00:00,America/New_York,onsale,MI,Detroit,KovZpZA6kdtA,Fox Theatre Detroit,42.33854800,-83.05207000,Arts & Theatre,Circus & Specialty Acts,Circus,K8vZ917boLf,'Twas the Night Before... by Cirque du Soleil,PROMOTED BY VENUE,,,
vvG1OZ_CEmJyqP,'Twas the Night Before... by Cirque du Soleil,https://www.ticketmaster.com/twas-the-night-before-by-cirque-detroit-michigan-12-26-2026/event/080064E9EE9B9765,2026-12-26,16:00:00,America/New_York,onsale,MI,Detroit,KovZpZA6kdtA,Fox Theatre Detroit,42.33854800,-83.05207000,Arts & Theatre,Circus & Specialty Acts,Circus,K8vZ917boLf,'Twas the Night Before... by Cirque du Soleil,PROMOTED BY VENUE,,,
vvG1OZ_CEmLyjc,'Twas the Night Before... by Cirque du Soleil,https://www.ticketmaster.com/twas-the-night-before-by-cirque-detroit-michigan-12-20-2026/event/080064E9EE7F972D,2026-12-20,18:00:00,America/New_York,onsale,MI,Detroit,KovZpZA6kdtA,Fox Theatre Detroit,42.33854800,-83.05207000,Arts & Theatre,Circus & Specialty Acts,Circus,K8vZ917boLf,'Twas the Night Before... by Cirque du Soleil,PROMOTED BY VENUE,,,
vv17fZ_8GkSA4Ioh,Indiana Pacers vs. Phoenix Suns,https://www.ticketmaster.com/indiana-pacers-vs-phoenix-suns-indianapolis-indiana-01-15-2027/event/0500650CC556845B,2027-01-15,19:00:00,America/Indiana/Indianapolis,onsale,IN,Indianapolis,KovZpZA6keIA,Gainbridge Fieldhouse,39.76406400,-86.15550700,Sports,Basketball,NBA,K8vZ9171o1f,Indiana Pacers,NBA REGULAR SEASON,,,
vv1AAZkf6Gkdsh4qF,Monster Jam,https://www.ticketmaster.com/monster-jam-indianapolis-indiana-02-06-2027/event/05006507F16D5748,2027-02-06,17:00:00,America/New_York,offsale,IN,Indianapolis,KovZpZAdEJEA,Lucas Oil Stadium,39.76007,-86.163821,Sports,Motorsports/Racing,Motorsports/Racing,K8vZ917uyff,Monster Jam,FELD MOTORSPORTS,,,
vv17fZ_8GkYXQV39,Monster Jam,https://www.ticketmaster.com/monster-jam-indianapolis-indiana-02-07-2027/event/0500650C3E6B4497,2027-02-07,15:00:00,America/New_York,offsale,IN,Indianapolis,KovZpZAdEJEA,Lucas Oil Stadium,39.76007,-86.163821,Sports,Motorsports/Racing,Motorsports/Racing,K8vZ917uyff,Monster Jam,FELD MOTORSPORTS,,,
vv1AAZkoVGkeXH1qF,Indianapolis Colts vs. Dallas Cowboys,https://www.ticketmaster.com/indianapolis-colts-vs-dallas-cowboys-indianapolis-indiana-11-08-2026/event/05006474BEF0A748,2026-11-08,13:00:00,America/New_York,onsale,IN,Indianapolis,KovZpZAdEJEA,Lucas Oil Stadium,39.76007,-86.163821,Sports,Football,NFL,K8vZ9171oV0,Indianapolis Colts,NFL REGULAR SEASON,,,
vv1AAZkoVGkeXyBjB,Indianapolis Colts vs. New York Giants,https://www.ticketmaster.com/indianapolis-colts-vs-new-york-giants-indianapolis-indiana-11-29-2026/event/05006474BEE7A73A,2026-11-29,13:00:00,America/New_York,onsale,IN,Indianapolis,KovZpZAdEJEA,Lucas Oil Stadium,39.76007,-86.163821,Sports,Football,NFL,K8vZ9171oV0,Indianapolis Colts,NFL REGULAR SEASON,,,
vv1AAZkoVGkeXUQjE,Indianapolis Colts vs. Houston Texans,https://www.ticketmaster.com/indianapolis-colts-vs-houston-texans-indianapolis-indiana-09-27-2026/event/05006474BED9A727,2026-09-27,13:00:00,America/New_York,onsale,IN,Indianapolis,KovZpZAdEJEA,Lucas Oil Stadium,39.76007,-86.163821,Sports,Football,NFL,K8vZ9171oV0,Indianapolis Colts,NFL REGULAR SEASON,,,
vv17fZ_8GkSAbIoN,Indiana Pacers vs. Los Angeles Lakers,https://www.ticketmaster.com/indiana-pacers-vs-los-angeles-lakers-indianapolis-indiana-01-28-2027/event/0500650CC5628463,2027-01-28,19:00:00,America/Indiana/Indianapolis,onsale,IN,Indianapolis,KovZpZA6keIA,Gainbridge Fieldhouse,39.76406400,-86.15550700,Sports,Basketball,NBA,K8vZ9171o1f,Indiana Pacers,NBA REGULAR SEASON,,,
vv1AAZkoVGkeXD1qZ,Indianapolis Colts vs. Miami Dolphins,https://www.ticketmaster.com/indianapolis-colts-vs-miami-dolphins-indianapolis-indiana-11-15-2026/event/05006474BEECA740,2026-11-15,13:00:00,America/New_York,onsale,IN,Indianapolis,KovZpZAdEJEA,Lucas Oil Stadium,39.76007,-86.163821,Sports,Football,NFL,K8vZ9171oV0,Indianapolis Colts,NFL REGULAR SEASON,,,
vv17fZ_8GkSAPI3W,Indiana Pacers vs. Boston Celtics,https://www.ticketmaster.com/indiana-pacers-vs-boston-celtics-indianapolis-indiana-03-02-2027/event/0500650CC59684BD,2027-03-02,19:00:00,America/Indiana/Indianapolis,onsale,IN,Indianapolis,KovZpZA6keIA,Gainbridge Fieldhouse,39.76406400,-86.15550700,Sports,Basketball,NBA,K8vZ9171o1f,Indiana Pacers,NBA REGULAR SEASON,,,
vv17fZ_8GkSAmIKD,Indiana Pacers vs. Boston Celtics,https://www.ticketmaster.com/indiana-pacers-vs-boston-celtics-indianapolis-indiana-03-30-2027/event/0500650CC5BA84FB,2027-03-30,20:00:00,America/Indiana/Indianapolis,onsale,IN,Indianapolis,KovZpZA6keIA,Gainbridge Fieldhouse,39.76406400,-86.15550700,Sports,Basketball,NBA,K8vZ9171o1f,Indiana Pacers,NBA REGULAR SEASON,,,
vv1AAZkoVGkeXMnji,Indianapolis Colts vs. Tennessee Titans,https://www.ticketmaster.com/indianapolis-colts-vs-tennessee-titans-indianapolis-indiana-10-18-2026/event/05006474BEDEA72C,2026-10-18,13:00:00,America/New_York,onsale,IN,Indianapolis,KovZpZAdEJEA,Lucas Oil Stadium,39.76007,-86.163821,Sports,Football,NFL,K8vZ9171oV0,Indianapolis Colts,NFL REGULAR SEASON,,,
vv17fZ_8GkS7UIC7,Indiana Pacers vs. Dallas Mavericks,https://www.ticketmaster.com/indiana-pacers-vs-dallas-mavericks-indianapolis-indiana-10-23-2026/event/0500650CC4DA8384,2026-10-23,19:00:00,America/Indiana/Indianapolis,onsale,IN,Indianapolis,KovZpZA6keIA,Gainbridge Fieldhouse,39.76406400,-86.15550700,Sports,Basketball,NBA,K8vZ9171o1f,Indiana Pacers,NBA REGULAR SEASON,,,
vv17fZ_8GkS7TF24,Indiana Pacers vs. New York Knicks,https://www.ticketmaster.com/indiana-pacers-vs-new-york-knicks-indianapolis-indiana-11-13-2026/event/0500650CC4FC83D5,2026-11-13,19:00:00,America/Indiana/Indianapolis,onsale,IN,Indianapolis,KovZpZA6keIA,Gainbridge Fieldhouse,39.76406400,-86.15550700,Sports,Basketball,NBA,K8vZ9171o1f,Indiana Pacers,NBA REGULAR SEASON,,,
vv17fZ_8GkS7zFC3,Indiana Pacers vs. Philadelphia 76ers,https://www.ticketmaster.com/indiana-pacers-vs-philadelphia-76ers-indianapolis-indiana-10-28-2026/event/0500650CC4E08392,2026-10-28,19:00:00,America/Indiana/Indianapolis,onsale,IN,Indianapolis,KovZpZA6keIA,Gainbridge Fieldhouse,39.76406400,-86.15550700,Sports,Basketball,NBA,K8vZ9171o1f,Indiana Pacers,NBA REGULAR SEASON,,,
vv17fZ_8GkSAdz2l,Indiana Pacers vs. Philadelphia 76ers,https://www.ticketmaster.com/indiana-pacers-vs-philadelphia-76ers-indianapolis-indiana-11-27-2026/event/0500650CC50F83EB,2026-11-27,19:30:00,America/Indiana/Indianapolis,onsale,IN,Indianapolis,KovZpZA6keIA,Gainbridge Fieldhouse,39.76406400,-86.15550700,Sports,Basketball,NBA,K8vZ9171o1f,Indiana Pacers,NBA REGULAR SEASON,,,
vv17fZ_8GkS7WI2G,Indiana Pacers vs. Washington Wizards,https://www.ticketmaster.com/indiana-pacers-vs-washington-wizards-indianapolis-indiana-11-11-2026/event/0500650CC4F683CC,2026-11-11,19:00:00,America/Indiana/Indianapolis,onsale,IN,Indianapolis,KovZpZA6keIA,Gainbridge Fieldhouse,39.76406400,-86.15550700,Sports,Basketball,NBA,K8vZ9171o1f,Indiana Pacers,NBA REGULAR SEASON,,,
vv17fZ_8GkSAQFoc,Indiana Pacers vs. Washington Wizards,https://www.ticketmaster.com/indiana-pacers-vs-washington-wizards-indianapolis-indiana-01-30-2027/event/0500650CC568846D,2027-01-30,19:00:00,America/Indiana/Indianapolis,onsale,IN,Indianapolis,KovZpZA6keIA,Gainbridge Fieldhouse,39.76406400,-86.15550700,Sports,Basketball,NBA,K8vZ9171o1f,Indiana Pacers,NBA REGULAR SEASON,,,
vv17fZ_8GkSA0F3c,Indiana Pacers vs. Toronto Raptors,https://www.ticketmaster.com/indiana-pacers-vs-toronto-raptors-indianapolis-indiana-02-28-2027/event/0500650CC59084AD,2027-02-28,16:00:00,America/Indiana/Indianapolis,onsale,IN,Indianapolis,KovZpZA6keIA,Gainbridge Fieldhouse,39.76406400,-86.15550700,Sports,Basketball,NBA,K8vZ9171o1f,Indiana Pacers,NBA REGULAR SEASON,,,
vv17fZ_8GkSAnbKx,Indiana Pacers vs. Toronto Raptors,https://www.ticketmaster.com/indiana-pacers-vs-toronto-raptors-indianapolis-indiana-03-18-2027/event/0500650CC5A984E2,2027-03-18,19:00:00,America/Indiana/Indianapolis,onsale,IN,Indianapolis,KovZpZA6keIA,Gainbridge Fieldhouse,39.76406400,-86.15550700,Sports,Basketball,NBA,K8vZ9171o1f,Indiana Pacers,NBA REGULAR SEASON,,,
vv17fZ_8GkSA2zoZ,Indiana Pacers vs. Chicago Bulls,https://www.ticketmaster.com/indiana-pacers-vs-chicago-bulls-indianapolis-indiana-01-04-2027/event/0500650CC53F8440,2027-01-04,19:00:00,America/Indiana/Indianapolis,onsale,IN,Indianapolis,KovZpZA6keIA,Gainbridge Fieldhouse,39.76406400,-86.15550700,Sports,Basketball,NBA,K8vZ9171o1f,Indiana Pacers,NBA REGULAR SEASON,,,
vv17fZ_8GkSA9FoL,Indiana Pacers vs. Chicago Bulls,https://www.ticketmaster.com/indiana-pacers-vs-chicago-bulls-indianapolis-indiana-01-26-2027/event/0500650CC55C845F,2027-01-26,19:00:00,America/Indiana/Indianapolis,onsale,IN,Indianapolis,KovZpZA6keIA,Gainbridge Fieldhouse,39.76406400,-86.15550700,Sports,Basketball,NBA,K8vZ9171o1f,Indiana Pacers,NBA REGULAR SEASON,,,
vv17fZ_8GkSA6F82,Indiana Pacers vs. Detroit Pistons,https://www.ticketmaster.com/indiana-pacers-vs-detroit-pistons-indianapolis-indiana-12-13-2026/event/0500650CC51C840F,2026-12-13,17:00:00,America/Indiana/Indianapolis,onsale,IN,Indianapolis,KovZpZA6keIA,Gainbridge Fieldhouse,39.76406400,-86.15550700,Sports,Basketball,NBA,K8vZ9171o1f,Indiana Pacers,NBA REGULAR SEASON,,,
vv17fZ_8GkSA5I8n,Indiana Pacers vs. LA Clippers,https://www.ticketmaster.com/indiana-pacers-vs-la-clippers-indianapolis-indiana-12-29-2026/event/0500650CC52E842A,2026-12-29,19:00:00,America/Indiana/Indianapolis,onsale,IN,Indianapolis,KovZpZA6keIA,Gainbridge Fieldhouse,39.76406400,-86.15550700,Sports,Basketball,NBA,K8vZ9171o1f,Indiana Pacers,NBA REGULAR SEASON,,,
vv17fZ_8GkSAZz2O,Indiana Pacers vs. Houston Rockets,https://www.ticketmaster.com/indiana-pacers-vs-houston-rockets-indianapolis-indiana-11-18-2026/event/0500650CC50383E0,2026-11-18,19:00:00,America/Indiana/Indianapolis,onsale,IN,Indianapolis,KovZpZA6keIA,Gainbridge Fieldhouse,39.76406400,-86.15550700,Sports,Basketball,NBA,K8vZ9171o1f,Indiana Pacers,NBA REGULAR SEASON,,,
vv17fZ_8GkSAIbKf,Indiana Pacers vs. Detroit Pistons,https://www.ticketmaster.com/indiana-pacers-vs-detroit-pistons-indianapolis-indiana-03-16-2027/event/0500650CC5A184D4,2027-03-16,20:00:00,America/Indiana/Indianapolis,onsale,IN,Indianapolis,KovZpZA6keIA,Gainbridge Fieldhouse,39.76406400,-86.15550700,Sports,Basketball,NBA,K8vZ9171o1f,Indiana Pacers,NBA REGULAR SEASON,,,
vv17fZ_8GkSAsbfF,Indiana Pacers vs. Cleveland Cavaliers,https://www.ticketmaster.com/indiana-pacers-vs-cleveland-cavaliers-indianapolis-indiana-04-09-2027/event/0500650CC5C58508,2027-04-09,19:00:00,America/Indiana/Indianapolis,onsale,IN,Indianapolis,KovZpZA6keIA,Gainbridge Fieldhouse,39.76406400,-86.15550700,Sports,Basketball,NBA,K8vZ9171o1f,Indiana Pacers,NBA REGULAR SEASON,,,
vv17fZ_8GkSALz3u,Indiana Pacers vs. Cleveland Cavaliers,https://www.ticketmaster.com/indiana-pacers-vs-cleveland-cavaliers-indianapolis-indiana-02-10-2027/event/0500650CC57F848D,2027-02-10,19:00:00,America/Indiana/Indianapolis,onsale,IN,Indianapolis,KovZpZA6keIA,Gainbridge Fieldhouse,39.76406400,-86.15550700,Sports,Basketball,NBA,K8vZ9171o1f,Indiana Pacers,NBA REGULAR SEASON,,,
vvG1fZ_5la2nKE,Lady A: This Winter's Night Tour 2026,https://www.ticketmaster.com/lady-a-this-winters-night-tour-gary-indiana-12-11-2026/event/050064BAC93EA4E7,2026-12-11,19:00:00,America/Chicago,onsale,IN,Gary,KovZ917AJlp,Hard Rock Live Northern Indiana,41.56670900,-87.40403360,Music,Country,Country,K8vZ917GFIf,Lady A,PROMOTED BY VENUE,,,
Z7r9jZ1A7PKv6,Lady A,https://www.ticketmaster.com/event/Z7r9jZ1A7PKv6,2026-12-12,19:30:00,,onsale,IN,Shipshewana,Z7r9jZa7kz,Blue Gate Performing Arts Center,41.654099000,-85.599403000,Music,Country,Country Folk,K8vZ917GFIf,Lady A,,,,
Z7r9jZ1AAvgC9,Indiana Hoosiers Mens Basketball vs. UCLA Bruins Mens Basketball,https://www.ticketmaster.com/event/Z7r9jZ1AAvgC9,2027-01-30,,,onsale,IN,Bloomington,Z6r9jZevve,Simon Skjodt Assembly Hall,39.243999000,-86.453598000,Sports,Basketball,College,K8vZ9171L-0,Indiana Hoosiers Men's Basketball,,,,
Z7r9jZ1A7qwZY,Purdue Boilermakers Football vs. Washington Huskies Football,https://www.ticketmaster.com/event/Z7r9jZ1A7qwZY,2026-10-17,,,onsale,IN,West Lafayette,ZFr9jZeA67,Ross-Ade Stadium,40.425598000,-86.915703000,Sports,Football,College,K8vZ91755L7,Purdue Boilermakers Football,,,,
Z7r9jZ1A7OYkd,Notre Dame Fighting Irish Football vs. Miami Hurricanes Football,https://www.ticketmaster.com/event/Z7r9jZ1A7OYkd,2026-11-07,,,onsale,IN,Notre Dame,ZFr9jZedee,Notre Dame Stadium,41.719700000,-86.250397000,Sports,Football,College,K8vZ91710K7,Notre Dame Fighting Irish Football,,,,
vv17fZ_8GkmsnFvt,The R&B Tour - Starring Usher Raymond & Chris Brown,https://www.ticketmaster.com/the-rb-tour-starring-usher-raymond-indianapolis-indiana-10-31-2026/event/0500650BB1A88069,2026-10-31,19:30:00,America/New_York,onsale,IN,Indianapolis,KovZpZAdEJEA,Lucas Oil Stadium,39.76007,-86.163821,Music,R&B,R&B,K8vZ917LxIV,Usher Raymond & Chris Brown,LIVE NATION MUSIC,,,
vvG1fZ_2efhPSr,WWE Friday Night SmackDown,https://www.ticketmaster.com/wwe-friday-night-smackdown-indianapolis-indiana-09-25-2026/event/050064F0946E5CDE,2026-09-25,19:30:00,America/Indiana/Indianapolis,onsale,IN,Indianapolis,KovZpZA6keIA,Gainbridge Fieldhouse,39.76406400,-86.15550700,Sports,Wrestling,Wrestling,K8vZ91718zf,WWE,WORLD WRESTLING ENTERTAINMENT,,,
vv17fZ_8GkiwQjQ1,Trans-Siberian Orchestra - The Ghosts Of Christmas Eve,https://www.ticketmaster.com/transsiberian-orchestra-the-ghosts-of-christmas-indianapolis-indiana-12-22-2026/event/0500650B3269C68A,2026-12-22,15:00:00,America/Indiana/Indianapolis,onsale,IN,Indianapolis,KovZpZA6keIA,Gainbridge Fieldhouse,39.76406400,-86.15550700,Music,Rock,Pop,K8vZ9171L10,Trans-Siberian Orchestra,LIVE NATION MUSIC,,,
vv17fZ_8GkiSvijW,Trans-Siberian Orchestra - The Ghosts Of Christmas Eve,https://www.ticketmaster.com/transsiberian-orchestra-the-ghosts-of-christmas-indianapolis-indiana-12-22-2026/event/0500650B3306C73D,2026-12-22,19:30:00,America/Indiana/Indianapolis,onsale,IN,Indianapolis,KovZpZA6keIA,Gainbridge Fieldhouse,39.76406400,-86.15550700,Music,Rock,Pop,K8vZ9171L10,Trans-Siberian Orchestra,LIVE NATION MUSIC,,,
vv17fZ_3GkTr8LNi,Metallica M72 World Tour,https://www.ticketmaster.com/metallica-m72-world-tour-indianapolis-indiana-06-05-2027/event/0500652FDE41F8EC,2027-06-05,18:00:00,America/New_York,offsale,IN,Indianapolis,KovZpZAdEJEA,Lucas Oil Stadium,39.76007,-86.163821,Music,Metal,Nu-Metal,K8vZ9171G9V,Metallica,LIVE NATION MUSIC,,,
vv1kv8vN1_GA1To9S,Ed Sheeran: LOOP Tour,https://www.ticketmaster.com/ed-sheeran-loop-tour-indianapolis-indiana-10-10-2026/event/050063299AFD15F3,2026-10-10,17:30:00,America/New_York,onsale,IN,Indianapolis,KovZpZAdEJEA,Lucas Oil Stadium,39.76007,-86.163821,Music,Pop,Electro Pop,K8vZ917CAQV,Ed Sheeran,AEG LIVE,,,
vv17fZ_oGkm4vAOF,WWE Friday Night SmackDown,https://www.ticketmaster.com/wwe-friday-night-smackdown-evansville-indiana-11-20-2026/event/0500651B95045808,2026-11-20,18:30:00,America/Chicago,onsale,IN,Evansville,KovZpZAEAAlA,Ford Center,37.97340200,-87.56756900,Sports,Wrestling,Wrestling,K8vZ91718zf,WWE,WORLD WRESTLING ENTERTAINMENT,,,
vv17fZ_8GkSAFI89,Indiana Pacers vs. Golden State Warriors,https://www.ticketmaster.com/indiana-pacers-vs-golden-state-warriors-indianapolis-indiana-12-16-2026/event/0500650CC5228417,2026-12-16,19:00:00,America/Indiana/Indianapolis,onsale,IN,Indianapolis,KovZpZA6keIA,Gainbridge Fieldhouse,39.76406400,-86.15550700,Sports,Basketball,NBA,K8vZ9171o1f,Indiana Pacers,NBA REGULAR SEASON,,,
vvG1fZ_5RV17mt,Gabriel Iglesias: The 1976 Tour,https://www.ticketmaster.com/gabriel-iglesias-the-1976-tour-indianapolis-indiana-11-14-2026/event/050064BBF4284BA9,2026-11-14,20:00:00,America/Indiana/Indianapolis,onsale,IN,Indianapolis,KovZpZA6keIA,Gainbridge Fieldhouse,39.76406400,-86.15550700,Arts & Theatre,Comedy,Comedy,K8vZ9175rM7,Gabriel Iglesias,ICON CONCERTS,,,
vv17fZbgGkMG81_5,Matt Rife: Stay Golden World Tour,https://www.ticketmaster.com/matt-rife-stay-golden-world-tour-indianapolis-indiana-11-08-2026/event/0500635DCC40A64B,2026-11-08,19:00:00,America/Indiana/Indianapolis,onsale,IN,Indianapolis,KovZpZA6keIA,Gainbridge Fieldhouse,39.76406400,-86.15550700,Arts & Theatre,Comedy,Comedy,K8vZ9179SV7,Matt Rife,LIVE NATION MUSIC,,,
vv1AAZk8PGkdPS1F3,Pitbull - I'm Back with special guest Lil Jon,https://www.ticketmaster.com/pitbull-im-back-with-special-guest-noblesville-indiana-09-19-2026/event/05006425E5CCA212,2026-09-19,20:00:00,America/Indiana/Indianapolis,onsale,IN,Noblesville,KovZpvEk7A,Ruoff Music Center,40.00373203,-85.93427182,Music,Pop,Electro Pop,K8vZ917Gp10,Pitbull,LIVE NATION MUSIC,,,
vv1AAZkftGkd9TEeg,Jeff Dunham Inappropriate Contact,https://www.ticketmaster.com/jeff-dunham-inappropriate-contact-indianapolis-indiana-02-05-2027/event/05006529D7FE70B5,2027-02-05,19:00:00,America/New_York,onsale,IN,Indianapolis,KovZpZAEAkvA,Old National Centre,39.77464676,-86.15145874,Arts & Theatre,Comedy,Comedy,K8vZ91714jV,Jeff Dunham,LIVE NATION MUSIC,,,
vv1AAZkCaGkeXdIMr,Indiana Fever vs. Washington Mystics,https://www.ticketmaster.com/indiana-fever-vs-washington-mystics-indianapolis-indiana-09-20-2026/event/05006389BE0E8DDE,2026-09-20,16:00:00,America/Indiana/Indianapolis,onsale,IN,Indianapolis,KovZpZA6keIA,Gainbridge Fieldhouse,39.76406400,-86.15550700,Sports,Basketball,WNBA,K8vZ9171-K7,Indiana Fever,WNBA REGULAR SEASON,,,
vv17fZ_6GkB3WSXD,Johnny Blue Skies & the Dark Clouds - Mutiny for the Masses 2026 Tour,https://www.ticketmaster.com/johnny-blue-skies-the-dark-clouds-indianapolis-indiana-10-03-2026/event/0500647E92F73FBB,2026-10-03,20:00:00,America/Indiana/Indianapolis,onsale,IN,Indianapolis,KovZpZA6keIA,Gainbridge Fieldhouse,39.76406400,-86.15550700,Music,Rock,Pop,K8vZ9178Eof,Johnny Blue Skies,AEG LIVE,,,
vv17fZ_8GkS7yICr,Indiana Pacers vs. Brooklyn Nets,https://www.ticketmaster.com/indiana-pacers-vs-brooklyn-nets-indianapolis-indiana-11-01-2026/event/0500650CC4E6839E,2026-11-01,17:00:00,America/Indiana/Indianapolis,onsale,IN,Indianapolis,KovZpZA6keIA,Gainbridge Fieldhouse,39.76406400,-86.15550700,Sports,Basketball,NBA,K8vZ9171o1f,Indiana Pacers,NBA REGULAR SEASON,,,
vvG1fZblUYBkKq,Disney On Ice presents Magic in the Stars,https://www.ticketmaster.com/disney-on-ice-presents-magic-in-indianapolis-indiana-01-24-2027/event/050062BDB0E864DD,2027-01-24,14:00:00,America/Indiana/Indianapolis,rescheduled,IN,Indianapolis,KovZpZA6keIA,Gainbridge Fieldhouse,39.76406400,-86.15550700,Miscellaneous,Ice Shows,Ice Shows,K8vZ917hvIV,Disney On Ice presents Magic in the Stars,FELD ENTERTAINMENT DISNEY ON ICE,,,
vv17fZ_8GkSA3zo8,Indiana Pacers vs. Brooklyn Nets,https://www.ticketmaster.com/indiana-pacers-vs-brooklyn-nets-indianapolis-indiana-01-11-2027/event/0500650CC54B8450,2027-01-11,19:00:00,America/Indiana/Indianapolis,onsale,IN,Indianapolis,KovZpZA6keIA,Gainbridge Fieldhouse,39.76406400,-86.15550700,Sports,Basketball,NBA,K8vZ9171o1f,Indiana Pacers,NBA REGULAR SEASON,,,
vv17fZ_8GkSAcFKU,Indiana Pacers vs. San Antonio Spurs,https://www.ticketmaster.com/indiana-pacers-vs-san-antonio-spurs-indianapolis-indiana-03-25-2027/event/0500650CC5B484F6,2027-03-25,19:00:00,America/Indiana/Indianapolis,onsale,IN,Indianapolis,KovZpZA6keIA,Gainbridge Fieldhouse,39.76406400,-86.15550700,Sports,Basketball,NBA,K8vZ9171o1f,Indiana Pacers,NBA REGULAR SEASON,,,
vv17fZ_8GkSAhIos,Indiana Pacers vs. Miami Heat,https://www.ticketmaster.com/indiana-pacers-vs-miami-heat-indianapolis-indiana-02-01-2027/event/0500650CC56E8471,2027-02-01,19:30:00,America/Indiana/Indianapolis,onsale,IN,Indianapolis,KovZpZA6keIA,Gainbridge Fieldhouse,39.76406400,-86.15550700,Sports,Basketball,NBA,K8vZ9171o1f,Indiana Pacers,NBA REGULAR SEASON,,,
vv1AAZkCaGkeX7bMO,Indiana Fever vs. Minnesota Lynx,https://www.ticketmaster.com/indiana-fever-vs-minnesota-lynx-indianapolis-indiana-09-22-2026/event/05006389BE118DE0,2026-09-22,20:00:00,America/Indiana/Indianapolis,onsale,IN,Indianapolis,KovZpZA6keIA,Gainbridge Fieldhouse,39.76406400,-86.15550700,Sports,Basketball,WNBA,K8vZ9171-K7,Indiana Fever,WNBA REGULAR SEASON,,,
Z7r9jZ1A7PwJf,Luke Bryan,https://www.ticketmaster.com/event/Z7r9jZ1A7PwJf,2026-09-19,17:00:00,,onsale,IN,Brookston,Z7r9jZakQy,Prairie View Farms,40.605598000,-86.934303000,Music,Country,Country Folk,K8vZ917G4u0,Luke Bryan,,,,
vvG1fZblUYypK_,Disney On Ice presents Magic in the Stars,https://www.ticketmaster.com/disney-on-ice-presents-magic-in-indianapolis-indiana-01-24-2027/event/050062BDB0E564D9,2027-01-24,18:00:00,America/Indiana/Indianapolis,rescheduled,IN,Indianapolis,KovZpZA6keIA,Gainbridge Fieldhouse,39.76406400,-86.15550700,Miscellaneous,Ice Shows,Ice Shows,K8vZ917hvIV,Disney On Ice presents Magic in the Stars,FELD ENTERTAINMENT DISNEY ON ICE,,,
vvG1fZ_1htNyBv,Niall Horan: Dinner Party Live On Tour,https://www.ticketmaster.com/niall-horan-dinner-party-live-on-indianapolis-indiana-03-26-2027/event/050064A6E98F9E81,2027-03-26,19:30:00,America/Indiana/Indianapolis,onsale,IN,Indianapolis,KovZpZA6keIA,Gainbridge Fieldhouse,39.76406400,-86.15550700,Music,Rock,Pop,K8vZ9174OHV,Niall Horan,LIVE NATION MUSIC,,,
vv17fZ_kGkldTheW,Disney On Ice presents Magic in the Stars,https://www.ticketmaster.com/disney-on-ice-presents-magic-in-indianapolis-indiana-01-24-2027/event/0500646AC3FDB0BD,2027-01-24,10:00:00,America/Indiana/Indianapolis,onsale,IN,Indianapolis,KovZpZA6keIA,Gainbridge Fieldhouse,39.76406400,-86.15550700,Miscellaneous,Ice Shows,Ice Shows,K8vZ917hvIV,Disney On Ice presents Magic in the Stars,FELD ENTERTAINMENT DISNEY ON ICE,,,
vvG1fZ_5RvuqmG,Disney On Ice presents Magic in the Stars,https://www.ticketmaster.com/disney-on-ice-presents-magic-in-indianapolis-indiana-01-23-2027/event/050064BBC135DB8C,2027-01-23,11:00:00,America/Indiana/Indianapolis,onsale,IN,Indianapolis,KovZpZA6keIA,Gainbridge Fieldhouse,39.76406400,-86.15550700,Miscellaneous,Ice Shows,Ice Shows,K8vZ917hvIV,Disney On Ice presents Magic in the Stars,FELD ENTERTAINMENT DISNEY ON ICE,,,
vv17fZ_8GkwFCKA2,Jonas Brothers: The Burning Up Tour All Over Again,https://www.ticketmaster.com/jonas-brothers-the-burning-up-tour-indianapolis-indiana-10-15-2026/event/0500650C8839314F,2026-10-15,19:30:00,America/Indiana/Indianapolis,onsale,IN,Indianapolis,KovZpZA6keIA,Gainbridge Fieldhouse,39.76406400,-86.15550700,Music,Pop,Electro Pop,K8vZ9175T17,Jonas Brothers,LIVE NATION MUSIC,,,
vv17fZ_8GkSAuF8g,Indiana Pacers vs. Orlando Magic,https://www.ticketmaster.com/indiana-pacers-vs-orlando-magic-indianapolis-indiana-12-31-2026/event/0500650CC5348435,2026-12-31,15:00:00,America/Indiana/Indianapolis,onsale,IN,Indianapolis,KovZpZA6keIA,Gainbridge Fieldhouse,39.76406400,-86.15550700,Sports,Basketball,NBA,K8vZ9171o1f,Indiana Pacers,NBA REGULAR SEASON,,,
vv1AAZkoeGkdsvG2Q,Ringling Bros. and Barnum & Bailey with Special Guest Bello Nock,https://www.ticketmaster.com/ringling-bros-and-barnum-bailey-with-indianapolis-indiana-11-21-2026/event/05006442F104C3DA,2026-11-21,14:00:00,America/Indiana/Indianapolis,onsale,IN,Indianapolis,KovZpZA6keIA,Gainbridge Fieldhouse,39.76406400,-86.15550700,Arts & Theatre,Circus & Specialty Acts,Circus,K8vZ917hekV,Ringling Bros. and Barnum & Bailey presents The Greatest Show On Earth,FELD ENTERTAINMENT RINGLING BROS,,,
vv17fZ_8GkS7wIuU,(PRESEASON) Indiana Pacers vs. Atlanta Hawks,https://www.ticketmaster.com/preseason-indiana-pacers-vs-atlanta-hawks-indianapolis-indiana-10-10-2026/event/0500650CC4CA8376,2026-10-10,19:00:00,America/Indiana/Indianapolis,onsale,IN,Indianapolis,KovZpZA6keIA,Gainbridge Fieldhouse,39.76406400,-86.15550700,Sports,Basketball,NBA,K8vZ9171o1f,Indiana Pacers,NBA REGULAR SEASON,,,
vv1AAZkoeGkdsZG29,Ringling Bros. and Barnum & Bailey with Special Guest Bello Nock,https://www.ticketmaster.com/ringling-bros-and-barnum-bailey-with-indianapolis-indiana-11-21-2026/event/05006442F100C3D7,2026-11-21,10:00:00,America/Indiana/Indianapolis,onsale,IN,Indianapolis,KovZpZA6keIA,Gainbridge Fieldhouse,39.76406400,-86.15550700,Arts & Theatre,Circus & Specialty Acts,Circus,K8vZ917hekV,Ringling Bros. and Barnum & Bailey presents The Greatest Show On Earth,FELD ENTERTAINMENT RINGLING BROS,,,
vv1AAZkoeGkdYXH2f,Ringling Bros. and Barnum & Bailey with Special Guest Bello Nock,https://www.ticketmaster.com/ringling-bros-and-barnum-bailey-with-indianapolis-indiana-11-20-2026/event/05006442F0FBC3D4,2026-11-20,19:00:00,America/Indiana/Indianapolis,onsale,IN,Indianapolis,KovZpZA6keIA,Gainbridge Fieldhouse,39.76406400,-86.15550700,Arts & Theatre,Circus & Specialty Acts,Circus,K8vZ917hekV,Ringling Bros. and Barnum & Bailey presents The Greatest Show On Earth,FELD ENTERTAINMENT RINGLING BROS,,,
vv1AAZkftGkeSwci5,Nick Cannon Presents: Wild 'N Out Live - The Next Generation,https://www.ticketmaster.com/nick-cannon-presents-wild-n-out-indianapolis-indiana-12-15-2026/event/05006529B3CADB0B,2026-12-15,20:00:00,America/Indiana/Indianapolis,offsale,IN,Indianapolis,KovZpZA6keIA,Gainbridge Fieldhouse,39.76406400,-86.15550700,Arts & Theatre,Comedy,Comedy,K8vZ9179eYf,Nick Cannon Presents: Wild 'N Out Live,LIVE NATION MUSIC,,,
vvG1fZ_5Rv2Wm9,Disney On Ice presents Magic in the Stars,https://www.ticketmaster.com/disney-on-ice-presents-magic-in-indianapolis-indiana-01-23-2027/event/050064BBC13FDB97,2027-01-23,15:00:00,America/Indiana/Indianapolis,onsale,IN,Indianapolis,KovZpZA6keIA,Gainbridge Fieldhouse,39.76406400,-86.15550700,Miscellaneous,Ice Shows,Ice Shows,K8vZ917hvIV,Disney On Ice presents Magic in the Stars,FELD ENTERTAINMENT DISNEY ON ICE,,,
vv1AAZkoeGkdsei2N,Ringling Bros. and Barnum & Bailey with Special Guest Bello Nock,https://www.ticketmaster.com/ringling-bros-and-barnum-bailey-with-indianapolis-indiana-11-21-2026/event/05006442F10AC3E3,2026-11-21,18:00:00,America/Indiana/Indianapolis,onsale,IN,Indianapolis,KovZpZA6keIA,Gainbridge Fieldhouse,39.76406400,-86.15550700,Arts & Theatre,Circus & Specialty Acts,Circus,K8vZ917hekV,Ringling Bros. and Barnum & Bailey presents The Greatest Show On Earth,FELD ENTERTAINMENT RINGLING BROS,,,
vv17fZ_8GkSARzfe,Indiana Pacers vs. Orlando Magic,https://www.ticketmaster.com/indiana-pacers-vs-orlando-magic-indianapolis-indiana-04-01-2027/event/0500650CC5BF8502,2027-04-01,19:00:00,America/Indiana/Indianapolis,onsale,IN,Indianapolis,KovZpZA6keIA,Gainbridge Fieldhouse,39.76406400,-86.15550700,Sports,Basketball,NBA,K8vZ9171o1f,Indiana Pacers,NBA REGULAR SEASON,,,
vv1AAZkoeGkdsAG2c,Ringling Bros. and Barnum & Bailey with Special Guest Bello Nock,https://www.ticketmaster.com/ringling-bros-and-barnum-bailey-with-indianapolis-indiana-11-22-2026/event/05006442F114C3ED,2026-11-22,14:00:00,America/Indiana/Indianapolis,onsale,IN,Indianapolis,KovZpZA6keIA,Gainbridge Fieldhouse,39.76406400,-86.15550700,Arts & Theatre,Circus & Specialty Acts,Circus,K8vZ917hekV,Ringling Bros. and Barnum & Bailey presents The Greatest Show On Earth,FELD ENTERTAINMENT RINGLING BROS,,,
vv1AAZkoeGkdsdH2J,Ringling Bros. and Barnum & Bailey presents The Greatest Show On Earth,https://www.ticketmaster.com/ringling-bros-and-barnum-bailey-presents-indianapolis-indiana-11-22-2026/event/05006442F10FC3E6,2026-11-22,10:00:00,America/Indiana/Indianapolis,cancelled,IN,Indianapolis,KovZpZA6keIA,Gainbridge Fieldhouse,39.76406400,-86.15550700,Arts & Theatre,Circus & Specialty Acts,Circus,K8vZ917hekV,Ringling Bros. and Barnum & Bailey presents The Greatest Show On Earth,FELD ENTERTAINMENT RINGLING BROS,,,
vv1AAZkoeGkdskj2U,Ringling Bros. and Barnum & Bailey presents The Greatest Show On Earth,https://www.ticketmaster.com/ringling-bros-and-barnum-bailey-presents-indianapolis-indiana-11-22-2026/event/05006442F119C3F6,2026-11-22,18:00:00,America/Indiana/Indianapolis,cancelled,IN,Indianapolis,KovZpZA6keIA,Gainbridge Fieldhouse,39.76406400,-86.15550700,Arts & Theatre,Circus & Specialty Acts,Circus,K8vZ917hekV,Ringling Bros. and Barnum & Bailey presents The Greatest Show On Earth,FELD ENTERTAINMENT RINGLING BROS,,,
vvG1fZ_5Rv1ccy,Disney On Ice presents Magic in the Stars,https://www.ticketmaster.com/disney-on-ice-presents-magic-in-indianapolis-indiana-01-22-2027/event/050064BBC12ADB79,2027-01-22,11:00:00,America/Indiana/Indianapolis,onsale,IN,Indianapolis,KovZpZA6keIA,Gainbridge Fieldhouse,39.76406400,-86.15550700,Miscellaneous,Ice Shows,Ice Shows,K8vZ917hvIV,Disney On Ice presents Magic in the Stars,FELD ENTERTAINMENT DISNEY ON ICE,,,
vv17fZ_8GkS7DFCt,Indiana Pacers vs. Atlanta Hawks,https://www.ticketmaster.com/indiana-pacers-vs-atlanta-hawks-indianapolis-indiana-11-02-2026/event/0500650CC4EC83A9,2026-11-02,19:30:00,America/Indiana/Indianapolis,onsale,IN,Indianapolis,KovZpZA6keIA,Gainbridge Fieldhouse,39.76406400,-86.15550700,Sports,Basketball,NBA,K8vZ9171o1f,Indiana Pacers,NBA REGULAR SEASON,,,
vv17fZ_8GkSAJzK6,Indiana Pacers vs. Charlotte Hornets,https://www.ticketmaster.com/indiana-pacers-vs-charlotte-hornets-indianapolis-indiana-03-08-2027/event/0500650CC59B84C7,2027-03-08,19:00:00,America/Indiana/Indianapolis,onsale,IN,Indianapolis,KovZpZA6keIA,Gainbridge Fieldhouse,39.76406400,-86.15550700,Sports,Basketball,NBA,K8vZ9171o1f,Indiana Pacers,NBA REGULAR SEASON,,,
vvG1fZ_5RvCcmo,Disney On Ice presents Magic in the Stars,https://www.ticketmaster.com/disney-on-ice-presents-magic-in-indianapolis-indiana-01-23-2027/event/050064BBC13ADB91,2027-01-23,19:00:00,America/Indiana/Indianapolis,onsale,IN,Indianapolis,KovZpZA6keIA,Gainbridge Fieldhouse,39.76406400,-86.15550700,Miscellaneous,Ice Shows,Ice Shows,K8vZ917hvIV,Disney On Ice presents Magic in the Stars,FELD ENTERTAINMENT DISNEY ON ICE,,,
vvG1fZ_5Rv6ccx,Disney On Ice presents Magic in the Stars,https://www.ticketmaster.com/disney-on-ice-presents-magic-in-indianapolis-indiana-01-20-2027/event/050064BBC11EDB62,2027-01-20,19:00:00,America/Indiana/Indianapolis,onsale,IN,Indianapolis,KovZpZA6keIA,Gainbridge Fieldhouse,39.76406400,-86.15550700,Miscellaneous,Ice Shows,Ice Shows,K8vZ917hvIV,Disney On Ice presents Magic in the Stars,FELD ENTERTAINMENT DISNEY ON ICE,,,
vvG1fZ_5RvGuma,Disney On Ice presents Magic in the Stars,https://www.ticketmaster.com/disney-on-ice-presents-magic-in-indianapolis-indiana-01-22-2027/event/050064BBC130DB89,2027-01-22,19:00:00,America/Indiana/Indianapolis,onsale,IN,Indianapolis,KovZpZA6keIA,Gainbridge Fieldhouse,39.76406400,-86.15550700,Miscellaneous,Ice Shows,Ice Shows,K8vZ917hvIV,Disney On Ice presents Magic in the Stars,FELD ENTERTAINMENT DISNEY ON ICE,,,
vv17fZ_8GkSAqFoM,Indiana Pacers vs. Atlanta Hawks,https://www.ticketmaster.com/indiana-pacers-vs-atlanta-hawks-indianapolis-indiana-02-03-2027/event/0500650CC5748477,2027-02-03,19:00:00,America/Indiana/Indianapolis,onsale,IN,Indianapolis,KovZpZA6keIA,Gainbridge Fieldhouse,39.76406400,-86.15550700,Sports,Basketball,NBA,K8vZ9171o1f,Indiana Pacers,NBA REGULAR SEASON,,,
vvG1fZ_5Rvaqci,Disney On Ice presents Magic in the Stars,https://www.ticketmaster.com/disney-on-ice-presents-magic-in-indianapolis-indiana-01-21-2027/event/050064BBC125DB6C,2027-01-21,19:00:00,America/Indiana/Indianapolis,onsale,IN,Indianapolis,KovZpZA6keIA,Gainbridge Fieldhouse,39.76406400,-86.15550700,Miscellaneous,Ice Shows,Ice Shows,K8vZ917hvIV,Disney On Ice presents Magic in the Stars,FELD ENTERTAINMENT DISNEY ON ICE,,,
vv17fZ_8GkS7gbCv,(PRESEASON) Indiana Pacers vs. Milwaukee Bucks,https://www.ticketmaster.com/preseason-indiana-pacers-vs-milwaukee-bucks-indianapolis-indiana-10-16-2026/event/0500650CC4D58381,2026-10-16,19:00:00,America/Indiana/Indianapolis,onsale,IN,Indianapolis,KovZpZA6keIA,Gainbridge Fieldhouse,39.76406400,-86.15550700,Sports,Basketball,NBA,K8vZ9171o1f,Indiana Pacers,NBA REGULAR SEASON,,,
vv17fZ_8GkSAobo5,Indiana Pacers vs. Milwaukee Bucks,https://www.ticketmaster.com/indiana-pacers-vs-milwaukee-bucks-indianapolis-indiana-01-09-2027/event/0500650CC545844B,2027-01-09,19:00:00,America/Indiana/Indianapolis,onsale,IN,Indianapolis,KovZpZA6keIA,Gainbridge Fieldhouse,39.76406400,-86.15550700,Sports,Basketball,NBA,K8vZ9171o1f,Indiana Pacers,NBA REGULAR SEASON,,,
vvG1fZ_GpyYR6M,Cash Money & No Limit Tour,https://www.ticketmaster.com/cash-money-no-limit-tour-indianapolis-indiana-09-26-2026/event/050064C5B9C2F1F7,2026-09-26,20:00:00,America/Indiana/Indianapolis,onsale,IN,Indianapolis,KovZpZA6keIA,Gainbridge Fieldhouse,39.76406400,-86.15550700,Music,Hip-Hop/Rap,Trap,K8vZ9171be7,Master P,PROMOTED BY VENUE,,,
vv17fZ_8GkSAfboK,Indiana Pacers vs. Milwaukee Bucks,https://www.ticketmaster.com/indiana-pacers-vs-milwaukee-bucks-indianapolis-indiana-01-13-2027/event/0500650CC5518453,2027-01-13,19:00:00,America/Indiana/Indianapolis,onsale,IN,Indianapolis,KovZpZA6keIA,Gainbridge Fieldhouse,39.76406400,-86.15550700,Sports,Basketball,NBA,K8vZ9171o1f,Indiana Pacers,NBA REGULAR SEASON,,,
vv17fZ_8GkSAxI3-,Indiana Pacers vs. Sacramento Kings,https://www.ticketmaster.com/indiana-pacers-vs-sacramento-kings-indianapolis-indiana-02-13-2027/event/0500650CC58A84A1,2027-02-13,14:00:00,America/Indiana/Indianapolis,onsale,IN,Indianapolis,KovZpZA6keIA,Gainbridge Fieldhouse,39.76406400,-86.15550700,Sports,Basketball,NBA,K8vZ9171o1f,Indiana Pacers,NBA REGULAR SEASON,,,
vv17fZ_8GkSACI8X,Indiana Pacers vs. Minnesota Timberwolves,https://www.ticketmaster.com/indiana-pacers-vs-minnesota-timberwolves-indianapolis-indiana-01-02-2027/event/0500650CC53A843E,2027-01-02,19:00:00,America/Indiana/Indianapolis,onsale,IN,Indianapolis,KovZpZA6keIA,Gainbridge Fieldhouse,39.76406400,-86.15550700,Sports,Basketball,NBA,K8vZ9171o1f,Indiana Pacers,NBA REGULAR SEASON,,,
vv17fZ_8GkSAeb2P,Indiana Pacers vs. Oklahoma City Thunder,https://www.ticketmaster.com/indiana-pacers-vs-oklahoma-city-thunder-indianapolis-indiana-11-23-2026/event/0500650CC50983E5,2026-11-23,19:30:00,America/Indiana/Indianapolis,onsale,IN,Indianapolis,KovZpZA6keIA,Gainbridge Fieldhouse,39.76406400,-86.15550700,Sports,Basketball,NBA,K8vZ9171o1f,Indiana Pacers,NBA REGULAR SEASON,,,
vv1AAZkoJGkd9fOWS,Banda MS de Sergio Lizarraga - Somos Tour,https://www.ticketmaster.com/banda-ms-de-sergio-lizarraga-somos-indianapolis-indiana-06-18-2027/event/05006466D7520F73,2027-06-18,20:00:00,America/Indiana/Indianapolis,rescheduled,IN,Indianapolis,KovZpZA6keIA,Gainbridge Fieldhouse,39.76406400,-86.15550700,Music,Latin,Latin,K8vZ917CCl7,Banda MS,PROMOTED BY VENUE,,,
vv17fZ_8GkSA1F8P,Indiana Pacers vs. Portland Trail Blazers,https://www.ticketmaster.com/indiana-pacers-vs-portland-trail-blazers-indianapolis-indiana-12-17-2026/event/0500650CC5288425,2026-12-17,19:00:00,America/Indiana/Indianapolis,onsale,IN,Indianapolis,KovZpZA6keIA,Gainbridge Fieldhouse,39.76406400,-86.15550700,Sports,Basketball,NBA,K8vZ9171o1f,Indiana Pacers,NBA REGULAR SEASON,,,
vv17fZ_8GkSAlIKm,Indiana Pacers vs. Memphis Grizzlies,https://www.ticketmaster.com/indiana-pacers-vs-memphis-grizzlies-indianapolis-indiana-03-24-2027/event/0500650CC5AE84EE,2027-03-24,19:00:00,America/Indiana/Indianapolis,onsale,IN,Indianapolis,KovZpZA6keIA,Gainbridge Fieldhouse,39.76406400,-86.15550700,Sports,Basketball,NBA,K8vZ9171o1f,Indiana Pacers,NBA REGULAR SEASON,,,
vv17fZ_8GkSA-b3f,Indiana Pacers vs. Utah Jazz,https://www.ticketmaster.com/indiana-pacers-vs-utah-jazz-indianapolis-indiana-02-11-2027/event/0500650CC5858494,2027-02-11,19:00:00,America/Indiana/Indianapolis,onsale,IN,Indianapolis,KovZpZA6keIA,Gainbridge Fieldhouse,39.76406400,-86.15550700,Sports,Basketball,NBA,K8vZ9171o1f,Indiana Pacers,NBA REGULAR SEASON,,,
vv17fZ_8GkSArb3F,Indiana Pacers vs. New Orleans Pelicans,https://www.ticketmaster.com/indiana-pacers-vs-new-orleans-pelicans-indianapolis-indiana-02-08-2027/event/0500650CC5798488,2027-02-08,19:00:00,America/Indiana/Indianapolis,onsale,IN,Indianapolis,KovZpZA6keIA,Gainbridge Fieldhouse,39.76406400,-86.15550700,Sports,Basketball,NBA,K8vZ9171o1f,Indiana Pacers,NBA REGULAR SEASON,,,
vvG1fZ_5UaMPZn,Disney Presents The Lion King (Touring),https://www.ticketmaster.com/disney-presents-the-lion-king-touring-indianapolis-indiana-10-09-2026/event/050064BD89DE502A,2026-10-09,19:00:00,America/New_York,onsale,IN,Indianapolis,KovZpZAEAkvA,Old National Centre,39.77464676,-86.15145874,Arts & Theatre,Theatre,Musical,K8vZ9171X6V,Disney Presents The Lion King (Touring),BROADWAY ACROSS AMERICA KEY BRAND,,,
vvG1fZ_5UaDPvh,Disney Presents The Lion King (Touring),https://www.ticketmaster.com/disney-presents-the-lion-king-touring-indianapolis-indiana-10-11-2026/event/050064BD89EE505B,2026-10-11,13:00:00,America/New_York,onsale,IN,Indianapolis,KovZpZAEAkvA,Old National Centre,39.77464676,-86.15145874,Arts & Theatre,Theatre,Musical,K8vZ9171X6V,Disney Presents The Lion King (Touring),BROADWAY ACROSS AMERICA KEY BRAND,,,
vvG1fZ_5UayPve,Disney Presents The Lion King (Touring),https://www.ticketmaster.com/disney-presents-the-lion-king-touring-indianapolis-indiana-10-10-2026/event/050064BD89E65042,2026-10-10,14:00:00,America/New_York,onsale,IN,Indianapolis,KovZpZAEAkvA,Old National Centre,39.77464676,-86.15145874,Arts & Theatre,Theatre,Musical,K8vZ9171X6V,Disney Presents The Lion King (Touring),BROADWAY ACROSS AMERICA KEY BRAND,,,
vvG1fZ_5U1dAd3,Disney Presents The Lion King (Touring),https://www.ticketmaster.com/disney-presents-the-lion-king-touring-indianapolis-indiana-10-17-2026/event/050064BD8A0C50D2,2026-10-17,14:00:00,America/New_York,onsale,IN,Indianapolis,KovZpZAEAkvA,Old National Centre,39.77464676,-86.15145874,Arts & Theatre,Theatre,Musical,K8vZ9171X6V,Disney Presents The Lion King (Touring),BROADWAY ACROSS AMERICA KEY BRAND,,,
vvG1fZ_5UacVXc,Disney Presents The Lion King (Touring),https://www.ticketmaster.com/disney-presents-the-lion-king-touring-indianapolis-indiana-10-01-2026/event/050064BD89B74FAD,2026-10-01,19:00:00,America/New_York,onsale,IN,Indianapolis,KovZpZAEAkvA,Old National Centre,39.77464676,-86.15145874,Arts & Theatre,Theatre,Musical,K8vZ9171X6V,Disney Presents The Lion King (Touring),BROADWAY ACROSS AMERICA KEY BRAND,,,
vvG1fZ_1XMUioK,The Smashing Pumpkins: The Rats In A Cage Tour,https://www.ticketmaster.com/the-smashing-pumpkins-the-rats-in-indianapolis-indiana-10-20-2026/event/050064AFB7DAC453,2026-10-20,20:00:00,America/Indiana/Indianapolis,onsale,IN,Indianapolis,KovZpZA6keIA,Gainbridge Fieldhouse,39.76406400,-86.15550700,Music,Rock,Alternative Rock,K8vZ9171FDV,The Smashing Pumpkins,LIVE NATION MUSIC,,,
vvG1fZ_5UasfT-,Disney Presents The Lion King (Touring),https://www.ticketmaster.com/disney-presents-the-lion-king-touring-indianapolis-indiana-10-03-2026/event/050064BD89C54FE1,2026-10-03,14:00:00,America/New_York,onsale,IN,Indianapolis,KovZpZAEAkvA,Old National Centre,39.77464676,-86.15145874,Arts & Theatre,Theatre,Musical,K8vZ9171X6V,Disney Presents The Lion King (Touring),BROADWAY ACROSS AMERICA KEY BRAND,,,
vvG1fZ_5Uai0XP,Disney Presents The Lion King (Touring),https://www.ticketmaster.com/disney-presents-the-lion-king-touring-indianapolis-indiana-09-30-2026/event/050064BD89B24FA5,2026-09-30,19:00:00,America/New_York,onsale,IN,Indianapolis,KovZpZAEAkvA,Old National Centre,39.77464676,-86.15145874,Arts & Theatre,Theatre,Musical,K8vZ9171X6V,Disney Presents The Lion King (Touring),BROADWAY ACROSS AMERICA KEY BRAND,,,
vvG1fZ_5U1dgdE,Disney Presents The Lion King (Touring),https://www.ticketmaster.com/disney-presents-the-lion-king-touring-indianapolis-indiana-10-18-2026/event/050064BD8A0F50E7,2026-10-18,13:00:00,America/New_York,onsale,IN,Indianapolis,KovZpZAEAkvA,Old National Centre,39.77464676,-86.15145874,Arts & Theatre,Theatre,Musical,K8vZ9171X6V,Disney Presents The Lion King (Touring),BROADWAY ACROSS AMERICA KEY BRAND,,,
vvG1fZ_5UazPZY,Disney Presents The Lion King (Touring),https://www.ticketmaster.com/disney-presents-the-lion-king-touring-indianapolis-indiana-10-10-2026/event/050064BD89E25030,2026-10-10,19:30:00,America/New_York,onsale,IN,Indianapolis,KovZpZAEAkvA,Old National Centre,39.77464676,-86.15145874,Arts & Theatre,Theatre,Musical,K8vZ9171X6V,Disney Presents The Lion King (Touring),BROADWAY ACROSS AMERICA KEY BRAND,,,
vvG1fZ_5UaR7Xy,Disney Presents The Lion King (Touring),https://www.ticketmaster.com/disney-presents-the-lion-king-touring-indianapolis-indiana-10-02-2026/event/050064BD89BC4FB9,2026-10-02,19:00:00,America/New_York,onsale,IN,Indianapolis,KovZpZAEAkvA,Old National Centre,39.77464676,-86.15145874,Arts & Theatre,Theatre,Musical,K8vZ9171X6V,Disney Presents The Lion King (Touring),BROADWAY ACROSS AMERICA KEY BRAND,,,
vvG1fZ_5UaSfTM,Disney Presents The Lion King (Touring),https://www.ticketmaster.com/disney-presents-the-lion-king-touring-indianapolis-indiana-10-04-2026/event/050064BD89CD4FF7,2026-10-04,13:00:00,America/New_York,onsale,IN,Indianapolis,KovZpZAEAkvA,Old National Centre,39.77464676,-86.15145874,Arts & Theatre,Theatre,Musical,K8vZ9171X6V,Disney Presents The Lion King (Touring),BROADWAY ACROSS AMERICA KEY BRAND,,,
vvG1fZ_5U1Zgeg,Disney Presents The Lion King (Touring),https://www.ticketmaster.com/disney-presents-the-lion-king-touring-indianapolis-indiana-10-16-2026/event/050064BD8A0350B5,2026-10-16,13:00:00,America/New_York,onsale,IN,Indianapolis,KovZpZAEAkvA,Old National Centre,39.77464676,-86.15145874,Arts & Theatre,Theatre,Musical,K8vZ9171X6V,Disney Presents The Lion King (Touring),BROADWAY ACROSS AMERICA KEY BRAND,,,
vvG1fZ_5UaY7XX,Disney Presents The Lion King (Touring),https://www.ticketmaster.com/disney-presents-the-lion-king-touring-indianapolis-indiana-10-03-2026/event/050064BD89C04FBE,2026-10-03,19:30:00,America/New_York,onsale,IN,Indianapolis,KovZpZAEAkvA,Old National Centre,39.77464676,-86.15145874,Arts & Theatre,Theatre,Musical,K8vZ9171X6V,Disney Presents The Lion King (Touring),BROADWAY ACROSS AMERICA KEY BRAND,,,
vvG1fZ_5UaBPv4,Disney Presents The Lion King (Touring),https://www.ticketmaster.com/disney-presents-the-lion-king-touring-indianapolis-indiana-10-11-2026/event/050064BD89EA5055,2026-10-11,18:30:00,America/New_York,onsale,IN,Indianapolis,KovZpZAEAkvA,Old National Centre,39.77464676,-86.15145874,Arts & Theatre,Theatre,Musical,K8vZ9171X6V,Disney Presents The Lion King (Touring),BROADWAY ACROSS AMERICA KEY BRAND,,,
vvG1fZ_5UawfTR,Disney Presents The Lion King (Touring),https://www.ticketmaster.com/disney-presents-the-lion-king-touring-indianapolis-indiana-10-04-2026/event/050064BD89C94FEF,2026-10-04,18:30:00,America/New_York,onsale,IN,Indianapolis,KovZpZAEAkvA,Old National Centre,39.77464676,-86.15145874,Arts & Theatre,Theatre,Musical,K8vZ9171X6V,Disney Presents The Lion King (Touring),BROADWAY ACROSS AMERICA KEY BRAND,,,
vvG1fZ_5UagPZp,Disney Presents The Lion King (Touring),https://www.ticketmaster.com/disney-presents-the-lion-king-touring-indianapolis-indiana-10-07-2026/event/050064BD89D65016,2026-10-07,19:00:00,America/New_York,onsale,IN,Indianapolis,KovZpZAEAkvA,Old National Centre,39.77464676,-86.15145874,Arts & Theatre,Theatre,Musical,K8vZ9171X6V,Disney Presents The Lion King (Touring),BROADWAY ACROSS AMERICA KEY BRAND,,,
vvG1fZ_5UaTgeA,Disney Presents The Lion King (Touring),https://www.ticketmaster.com/disney-presents-the-lion-king-touring-indianapolis-indiana-10-16-2026/event/050064BD89FF5085,2026-10-16,19:00:00,America/New_York,onsale,IN,Indianapolis,KovZpZAEAkvA,Old National Centre,39.77464676,-86.15145874,Arts & Theatre,Theatre,Musical,K8vZ9171X6V,Disney Presents The Lion King (Touring),BROADWAY ACROSS AMERICA KEY BRAND,,,
vvG1fZ_5U1vgdG,Disney Presents The Lion King (Touring),https://www.ticketmaster.com/disney-presents-the-lion-king-touring-indianapolis-indiana-10-17-2026/event/050064BD8A0750CC,2026-10-17,19:30:00,America/New_York,onsale,IN,Indianapolis,KovZpZAEAkvA,Old National Centre,39.77464676,-86.15145874,Arts & Theatre,Theatre,Musical,K8vZ9171X6V,Disney Presents The Lion King (Touring),BROADWAY ACROSS AMERICA KEY BRAND,,,
vvG1fZ_5UaHgvt,Disney Presents The Lion King (Touring),https://www.ticketmaster.com/disney-presents-the-lion-king-touring-indianapolis-indiana-10-13-2026/event/050064BD89F35069,2026-10-13,19:00:00,America/New_York,onsale,IN,Indianapolis,KovZpZAEAkvA,Old National Centre,39.77464676,-86.15145874,Arts & Theatre,Theatre,Musical,K8vZ9171X6V,Disney Presents The Lion King (Touring),BROADWAY ACROSS AMERICA KEY BRAND,,,
vvG1fZ_5UaUPZj,Disney Presents The Lion King (Touring),https://www.ticketmaster.com/disney-presents-the-lion-king-touring-indianapolis-indiana-10-08-2026/event/050064BD89DA501C,2026-10-08,19:00:00,America/New_York,onsale,IN,Indianapolis,KovZpZAEAkvA,Old National Centre,39.77464676,-86.15145874,Arts & Theatre,Theatre,Musical,K8vZ9171X6V,Disney Presents The Lion King (Touring),BROADWAY ACROSS AMERICA KEY BRAND,,,
vvG1fZ_5UaVPZZ,Disney Presents The Lion King (Touring),https://www.ticketmaster.com/disney-presents-the-lion-king-touring-indianapolis-indiana-10-06-2026/event/050064BD89D25000,2026-10-06,19:00:00,America/New_York,onsale,IN,Indianapolis,KovZpZAEAkvA,Old National Centre,39.77464676,-86.15145874,Arts & Theatre,Theatre,Musical,K8vZ9171X6V,Disney Presents The Lion King (Touring),BROADWAY ACROSS AMERICA KEY BRAND,,,
vvG1fZ_5UaXgvM,Disney Presents The Lion King (Touring),https://www.ticketmaster.com/disney-presents-the-lion-king-touring-indianapolis-indiana-10-15-2026/event/050064BD89FB5077,2026-10-15,19:00:00,America/New_York,onsale,IN,Indianapolis,KovZpZAEAkvA,Old National Centre,39.77464676,-86.15145874,Arts & Theatre,Theatre,Musical,K8vZ9171X6V,Disney Presents The Lion King (Touring),BROADWAY ACROSS AMERICA KEY BRAND,,,
vvG1fZ_G5CRRZm,Little Big Town - For The Art Of It Tour,https://www.ticketmaster.com/little-big-town-for-the-art-indianapolis-indiana-11-14-2026/event/050064C2CEBEF02E,2026-11-14,19:30:00,America/New_York,onsale,IN,Indianapolis,KovZpZAEAkvA,Old National Centre,39.77464676,-86.15145874,Music,Country,Country,K8vZ9175ykf,Little Big Town,LIVE NATION MUSIC,,,
vvG1fZ_5UaWgvR,Disney Presents The Lion King (Touring),https://www.ticketmaster.com/disney-presents-the-lion-king-touring-indianapolis-indiana-10-14-2026/event/050064BD89F7506F,2026-10-14,19:00:00,America/New_York,onsale,IN,Indianapolis,KovZpZAEAkvA,Old National Centre,39.77464676,-86.15145874,Arts & Theatre,Theatre,Musical,K8vZ9171X6V,Disney Presents The Lion King (Touring),BROADWAY ACROSS AMERICA KEY BRAND,,,
vv17fZ_6GkS6miMJ,$uicideboy$ Present Grey Day Tour 2026 W. Destroy Lonely & More,https://www.ticketmaster.com/uicideboy-present-grey-day-tour-2026-noblesville-indiana-09-20-2026/event/0500647CC7BACDE6,2026-09-20,18:30:00,America/Indiana/Indianapolis,onsale,IN,Noblesville,KovZpvEk7A,Ruoff Music Center,40.00373203,-85.93427182,Music,Hip-Hop/Rap,Trap,K8vZ917f2N7,$UICIDEBOY$,LIVE NATION MUSIC,,,
vv1FfZ_3xppAZdu26,Damascus Road Tour with Josiah Queen,https://www.ticketmaster.com/damascus-road-tour-with-josiah-queen-indianapolis-indiana-04-10-2027/event/0500652896585CE6,2027-04-10,19:00:00,America/Indiana/Indianapolis,onsale,IN,Indianapolis,KovZpZA6keIA,Gainbridge Fieldhouse,39.76406400,-86.15550700,Music,Religious,Gospel,K8vZ917jMR7,Josiah Queen,TRANSPARENT PRODUCTIONS,,,
vv1aAZk3aPba_Ze8u,SOMBR - You Are The Reason Tour,https://www.ticketmaster.com/sombr-you-are-the-reason-tour-indianapolis-indiana-11-06-2026/event/05006489958259FC,2026-11-06,19:00:00,America/Indiana/Indianapolis,onsale,IN,Indianapolis,KovZpZA6keIA,Gainbridge Fieldhouse,39.76406400,-86.15550700,Music,Rock,Alternative Rock,K8vZ917ji4V,Sombr,LIVE NATION MUSIC,,,
vv11v8vN_aF0Q_vG,Three Days Grace - Alienation Tour ,https://www.ticketmaster.com/three-days-grace-alienation-tour-indianapolis-indiana-11-04-2026/event/050063649224699B,2026-11-04,19:00:00,America/Indiana/Indianapolis,onsale,IN,Indianapolis,KovZpZA6keIA,Gainbridge Fieldhouse,39.76406400,-86.15550700,Music,Rock,Pop,K8vZ9175jBV,Three Days Grace,LIVE NATION MUSIC,,,
vvG1fZ_CDhCTqh,for KING & COUNTRY,https://www.ticketmaster.com/for-king-country-fort-wayne-indiana-12-10-2026/event/050064EEDB3BF75B,2026-12-10,19:00:00,America/Indiana/Indianapolis,onsale,IN,Fort Wayne,KovZpZA6keEA,Allen County War Memorial Coliseum,41.11280800,-85.12543900,Music,Pop,Electro Pop,K8vZ9172rR0,for KING & COUNTRY,PROMOTED BY VENUE,,,
vv17fZ_oGkmOjkIL,Christmas with Chris Tomlin,https://www.ticketmaster.com/christmas-with-chris-tomlin-indianapolis-indiana-12-16-2026/event/0500651BA0706A1F,2026-12-16,19:00:00,America/New_York,onsale,IN,Indianapolis,KovZpZAEAkvA,Old National Centre,39.77464676,-86.15145874,Music,Religious,Gospel,K8vZ9175WR0,Chris Tomlin,LIVE NATION MUSIC,,,
Z7r9jZ1A7-7FI,Indiana Hoosiers Football vs. Ohio State Football,https://www.ticketmaster.com/event/Z7r9jZ1A7-7FI,2026-10-17,,,onsale,IN,Bloomington,ZFr9jZddeF,Memorial Stadium - Bloomington,39.171600000,-86.517700000,Sports,Football,College,K8vZ91755hf,Indiana Hoosiers Football,,,,
vvG1fZ_G95nd0B,Indiana vs. North Carolina,https://www.ticketmaster.com/indiana-vs-north-carolina-indianapolis-indiana-10-18-2026/event/050064C5CBA8393A,2026-10-18,17:00:00,America/Indiana/Indianapolis,onsale,IN,Indianapolis,KovZpZA6keIA,Gainbridge Fieldhouse,39.76406400,-86.15550700,Sports,Basketball,College,K8vZ9171L-0,Indiana Hoosiers Men's Basketball,PROMOTED BY VENUE,,,
vvG1fZ_1kTe-q0,2026 Indy Classic,https://www.ticketmaster.com/2026-indy-classic-indianapolis-indiana-12-19-2026/event/050064A1BF0A1764,2026-12-19,,America/Indiana/Indianapolis,onsale,IN,Indianapolis,KovZpZA6keIA,Gainbridge Fieldhouse,39.76406400,-86.15550700,Sports,Basketball,College,K8vZ917hLS0,Indy Classic,PROMOTED BY VENUE,,,
vvG1fZ_CD5UcEy,Disney On Ice presents Magic of Family,https://www.ticketmaster.com/disney-on-ice-presents-magic-of-fort-wayne-indiana-02-28-2027/event/050064EECBDAD9F9,2027-02-28,14:30:00,America/Indiana/Indianapolis,onsale,IN,Fort Wayne,KovZpZA6keEA,Allen County War Memorial Coliseum,41.11280800,-85.12543900,Miscellaneous,Ice Shows,Ice Shows,K8vZ917QfVV,Disney On Ice presents Magic of Family,FELD ENTERTAINMENT DISNEY ON ICE,,,
vvG1fZ_CD5YWEd,Disney On Ice presents Magic of Family,https://www.ticketmaster.com/disney-on-ice-presents-magic-of-fort-wayne-indiana-02-27-2027/event/050064EECBC3D9C3,2027-02-27,10:30:00,America/Indiana/Indianapolis,onsale,IN,Fort Wayne,KovZpZA6keEA,Allen County War Memorial Coliseum,41.11280800,-85.12543900,Miscellaneous,Ice Shows,Ice Shows,K8vZ917QfVV,Disney On Ice presents Magic of Family,FELD ENTERTAINMENT DISNEY ON ICE,,,
vvG1fZ_CD5SuEC,Disney On Ice presents Magic of Family,https://www.ticketmaster.com/disney-on-ice-presents-magic-of-fort-wayne-indiana-02-27-2027/event/050064EECBCCD9CE,2027-02-27,14:30:00,America/Indiana/Indianapolis,onsale,IN,Fort Wayne,KovZpZA6keEA,Allen County War Memorial Coliseum,41.11280800,-85.12543900,Miscellaneous,Ice Shows,Ice Shows,K8vZ917QfVV,Disney On Ice presents Magic of Family,FELD ENTERTAINMENT DISNEY ON ICE,,,
vvG1fZ_CD5RcJM,Disney On Ice presents Magic of Family,https://www.ticketmaster.com/disney-on-ice-presents-magic-of-fort-wayne-indiana-02-26-2027/event/050064EECBBED9B7,2027-02-26,18:30:00,America/Indiana/Indianapolis,onsale,IN,Fort Wayne,KovZpZA6keEA,Allen County War Memorial Coliseum,41.11280800,-85.12543900,Miscellaneous,Ice Shows,Ice Shows,K8vZ917QfVV,Disney On Ice presents Magic of Family,FELD ENTERTAINMENT DISNEY ON ICE,,,
vvG1fZ_CD5wuE6,Disney On Ice presents Magic of Family,https://www.ticketmaster.com/disney-on-ice-presents-magic-of-fort-wayne-indiana-02-27-2027/event/050064EECBC8D9C7,2027-02-27,18:30:00,America/Indiana/Indianapolis,onsale,IN,Fort Wayne,KovZpZA6keEA,Allen County War Memorial Coliseum,41.11280800,-85.12543900,Miscellaneous,Ice Shows,Ice Shows,K8vZ917QfVV,Disney On Ice presents Magic of Family,FELD ENTERTAINMENT DISNEY ON ICE,,,
vvG1fZ_CD5VqEq,Disney On Ice presents Magic of Family,https://www.ticketmaster.com/disney-on-ice-presents-magic-of-fort-wayne-indiana-02-28-2027/event/050064EECBD1D9DD,2027-02-28,10:30:00,America/Indiana/Indianapolis,onsale,IN,Fort Wayne,KovZpZA6keEA,Allen County War Memorial Coliseum,41.11280800,-85.12543900,Miscellaneous,Ice Shows,Ice Shows,K8vZ917QfVV,Disney On Ice presents Magic of Family,FELD ENTERTAINMENT DISNEY ON ICE,,,
vvG1fZ_CD5gcEn,Disney On Ice presents Magic of Family,https://www.ticketmaster.com/disney-on-ice-presents-magic-of-fort-wayne-indiana-02-28-2027/event/050064EECBD6D9EA,2027-02-28,18:30:00,America/Indiana/Indianapolis,onsale,IN,Fort Wayne,KovZpZA6keEA,Allen County War Memorial Coliseum,41.11280800,-85.12543900,Miscellaneous,Ice Shows,Ice Shows,K8vZ917QfVV,Disney On Ice presents Magic of Family,FELD ENTERTAINMENT DISNEY ON ICE,,,
vv1AAZkobGkeULrRX,STING 3.0 Tour,https://www.ticketmaster.com/sting-30-tour-indianapolis-indiana-10-22-2026/event/05006458B67DEBFE,2026-10-22,20:00:00,America/New_York,onsale,IN,Indianapolis,KovZpZAEAkvA,Old National Centre,39.77464676,-86.15145874,Music,Rock,Pop,K8vZ91712w7,Sting,LIVE NATION MUSIC,,,
vvG1fZ_Ch4nvcT,PBR: Unleash the Beast,https://www.ticketmaster.com/pbr-unleash-the-beast-indianapolis-indiana-03-20-2027/event/050064E6D5A81B7F,2027-03-20,19:45:00,America/Indiana/Indianapolis,onsale,IN,Indianapolis,KovZpZA6keIA,Gainbridge Fieldhouse,39.76406400,-86.15550700,Sports,Rodeo,Bullriding,K8vZ9179q2V,PBR: Unleash the Beast,PROMOTED BY VENUE,,,
vv17fZ_dGkwQ6tPE,Staind: Break The Cycle 25th Anniversary Tour,https://www.ticketmaster.com/staind-break-the-cycle-25th-anniversary-noblesville-indiana-09-26-2026/event/0500643C9A1E9967,2026-09-26,18:00:00,America/Indiana/Indianapolis,onsale,IN,Noblesville,KovZpvEk7A,Ruoff Music Center,40.00373203,-85.93427182,Music,Rock,Alternative Rock,K8vZ9171ORf,Staind,LIVE NATION MUSIC,,,
vv1AAZkobGkeUOCYQ,STING 3.0 Tour,https://www.ticketmaster.com/sting-30-tour-indianapolis-indiana-10-23-2026/event/05006458B680EC1A,2026-10-23,20:00:00,America/New_York,onsale,IN,Indianapolis,KovZpZAEAkvA,Old National Centre,39.77464676,-86.15145874,Music,Rock,Pop,K8vZ91712w7,Sting,LIVE NATION MUSIC,,,
vv17fZ_kGkmhx6vd,"Disney Descendants, ZOMBIES & Camp Rock: Worlds Collide Concert Tour",https://www.ticketmaster.com/disney-descendants-zombies-camp-rock-worlds-indianapolis-indiana-10-27-2026/event/0500646B9B887043,2026-10-27,19:00:00,America/Indiana/Indianapolis,onsale,IN,Indianapolis,KovZpZA6keIA,Gainbridge Fieldhouse,39.76406400,-86.15550700,Music,Other,Other,K8vZ917qo40,Disney Worlds Collide Concert Tour,AEG LIVE,,,
vv1AAZkuJGkexxahJ,"""Weird Al"" Yankovic: Bigger & Weirder 2026 Tour",https://www.ticketmaster.com/weird-al-yankovic-bigger-weirder-2026-fort-wayne-indiana-10-15-2026/event/05006366A28896E6,2026-10-15,19:30:00,America/Indiana/Indianapolis,onsale,IN,Fort Wayne,KovZpZA6keEA,Allen County War Memorial Coliseum,41.11280800,-85.12543900,Arts & Theatre,Comedy,Comedy,K8vZ9171ux0,Weird Al Yankovic,LIVE NATION MUSIC,,,
vv1AAZkfNGkd5_iG-,Jeff Dunham Inappropriate Contact,https://www.ticketmaster.com/jeff-dunham-inappropriate-contact-fort-wayne-indiana-02-04-2027/event/05006523CB66C321,2027-02-04,19:00:00,America/Indiana/Indianapolis,onsale,IN,Fort Wayne,KovZpZAF77nA,Embassy Theatre,41.07594930,-85.13967863,Arts & Theatre,Comedy,Comedy,K8vZ91714jV,Jeff Dunham,PROMOTED BY VENUE,,,
vv17fZ_dGkzAs6c0,Tim McGraw: Pawn Shop Guitar Tour 2026,https://www.ticketmaster.com/tim-mcgraw-pawn-shop-guitar-tour-noblesville-indiana-09-18-2026/event/0500643E05C47B64,2026-09-18,19:00:00,America/Indiana/Indianapolis,offsale,IN,Noblesville,KovZpvEk7A,Ruoff Music Center,40.00373203,-85.93427182,Music,Country,Country,K8vZ9171oE7,Tim McGraw,LIVE NATION MUSIC,,,
vvG1fZ_Ch4lvm6,PBR: Unleash the Beast,https://www.ticketmaster.com/pbr-unleash-the-beast-indianapolis-indiana-03-21-2027/event/050064E6D5AC1B87,2027-03-21,13:45:00,America/Indiana/Indianapolis,onsale,IN,Indianapolis,KovZpZA6keIA,Gainbridge Fieldhouse,39.76406400,-86.15550700,Sports,Rodeo,Bullriding,K8vZ9179q2V,PBR: Unleash the Beast,PROMOTED BY VENUE,,,
vvG1fZ_297lWLu,Grand National Championships Presented By Yamaha And Sweetwater,https://www.ticketmaster.com/grand-national-championships-presented-by-yamaha-indianapolis-indiana-11-14-2026/event/050064F5C4AFD7CD,2026-11-14,19:00:00,America/New_York,onsale,IN,Indianapolis,KovZpZAdEJEA,Lucas Oil Stadium,39.76007,-86.163821,Music,Other,Other,K8vZ9171r3f,Bands of America,PROMOTED BY VENUE,,,
vvG1fZ_2rl1iu_,PBR Two Day Package - Ticket Includes Access To All Days,https://www.ticketmaster.com/pbr-two-day-package-ticket-includes-indianapolis-indiana-03-20-2027/event/050064F7AB2AC359,2027-03-20,,America/Indiana/Indianapolis,onsale,IN,Indianapolis,KovZpZA6keIA,Gainbridge Fieldhouse,39.76406400,-86.15550700,Sports,Rodeo,Bullriding,K8vZ9172_E0,PBR: Unleash the Beast,PROMOTED BY VENUE,,,
vv17fZ_kGkltlcDn,Indiana vs. Syracuse,https://www.ticketmaster.com/indiana-vs-syracuse-indianapolis-indiana-11-09-2026/event/0500646AE9AEDEEA,2026-11-09,18:30:00,America/Indiana/Indianapolis,onsale,IN,Indianapolis,KovZpZA6keIA,Gainbridge Fieldhouse,39.76406400,-86.15550700,Sports,Basketball,College,K8vZ9171L-0,Indiana Hoosiers Men's Basketball,PROMOTED BY VENUE,,,
vvG1fZ_u5AtSzz,Jeff Arcuri: The Road Trip Tour,https://www.ticketmaster.com/jeff-arcuri-the-road-trip-tour-indianapolis-indiana-02-27-2027/event/050064D2C5A73E38,2027-02-27,20:00:00,America/New_York,onsale,IN,Indianapolis,KovZpZAEAkvA,Old National Centre,39.77464676,-86.15145874,Arts & Theatre,Comedy,Comedy,K8vZ9179td0,Jeff Arcuri,LIVE NATION MUSIC,,,
vvG1fZ_ulaG6PA,Joe Bonamassa,https://www.ticketmaster.com/joe-bonamassa-indianapolis-indiana-02-15-2027/event/050064DAC9307945,2027-02-15,20:00:00,America/New_York,onsale,IN,Indianapolis,KovZpZAEAkvA,Old National Centre,39.77464676,-86.15145874,Music,Blues,Blues,K8vZ91751-V,Joe Bonamassa,LIVE NATION MUSIC,,,
Z7r9jZ1A7OYkv,Notre Dame Fighting Irish Football vs. Michigan State Spartans Football,https://www.ticketmaster.com/event/Z7r9jZ1A7OYkv,2026-09-19,19:30:00,,onsale,IN,Notre Dame,ZFr9jZedee,Notre Dame Stadium,41.719700000,-86.250397000,Sports,Football,College,K8vZ91710K7,Notre Dame Fighting Irish Football,,,,
vv1AAZkfxGkdxqR5k,Jo Koy: Koy Meets World Tour,https://www.ticketmaster.com/jo-koy-koy-meets-world-tour-indianapolis-indiana-04-09-2027/event/05006522E276F2C6,2027-04-09,20:00:00,America/Indiana/Indianapolis,onsale,IN,Indianapolis,KovZpZAJdEkA,Clowes Memorial Hall,39.83862800,-86.17199400,Arts & Theatre,Comedy,Comedy,K8vZ917GJk0,Jo Koy,PROMOTED BY VENUE,,,
vvG1fZ_2k4tI1Q,IU vs. UK Men's Basketball,https://www.ticketmaster.com/iu-vs-uk-mens-basketball-indianapolis-indiana-11-20-2026/event/050064F195A6829A,2026-11-20,19:00:00,America/New_York,offsale,IN,Indianapolis,KovZpZAdEJEA,Lucas Oil Stadium,39.76007,-86.163821,Sports,Basketball,College,K8vZ9174f57,Indiana University Men's Basketball,NCAA,,,
vvG1fZ_2p2h4x1,Grand National Championships Presented By Yamaha And Sweetwater,https://www.ticketmaster.com/grand-national-championships-presented-by-yamaha-indianapolis-indiana-11-14-2026/event/050064F58F6D588A,2026-11-14,07:00:00,America/New_York,onsale,IN,Indianapolis,KovZpZAdEJEA,Lucas Oil Stadium,39.76007,-86.163821,Music,Other,Other,K8vZ9171r3f,Bands of America,PROMOTED BY VENUE,,,
vvG1fZ_2p5Yg6m,Grand National Championships Presented By Yamaha And Sweetwater,https://www.ticketmaster.com/grand-national-championships-presented-by-yamaha-indianapolis-indiana-11-13-2026/event/050064F58BC351EE,2026-11-13,07:00:00,America/New_York,onsale,IN,Indianapolis,KovZpZAdEJEA,Lucas Oil Stadium,39.76007,-86.163821,Music,Other,Other,K8vZ9171r3f,Bands of America,PROMOTED BY VENUE,,,
vv1AAZkf_Gkdw03bT,Free Film Screening: Coco,https://www.ticketmaster.com/free-film-screening-coco-indianapolis-indiana-10-08-2026/event/05006519F291263F,2026-10-08,18:30:00,America/Indiana/Indianapolis,onsale,IN,Indianapolis,KovZpZA6keIA,Gainbridge Fieldhouse,39.76406400,-86.15550700,Film,Family,Miscellaneous,,,PROMOTED BY VENUE,,,
vvG1fZ_2dr6XSo,'Twas the Night Before... by Cirque du Soleil,https://www.ticketmaster.com/twas-the-night-before-by-cirque-indianapolis-indiana-11-25-2026/event/050064F0DE1FECD1,2026-11-25,19:00:00,America/New_York,onsale,IN,Indianapolis,KovZpZAEAkvA,Old National Centre,39.77464676,-86.15145874,Arts & Theatre,Circus & Specialty Acts,Circus,K8vZ917boLf,'Twas the Night Before... by Cirque du Soleil,LIVE NATION MUSIC,,,
vvG1fZ_2dr8rVq,'Twas the Night Before... by Cirque du Soleil,https://www.ticketmaster.com/twas-the-night-before-by-cirque-indianapolis-indiana-11-29-2026/event/050064F0DE41ED1D,2026-11-29,15:00:00,America/New_York,onsale,IN,Indianapolis,KovZpZAEAkvA,Old National Centre,39.77464676,-86.15145874,Arts & Theatre,Circus & Specialty Acts,Circus,K8vZ917boLf,'Twas the Night Before... by Cirque du Soleil,LIVE NATION MUSIC,,,
vvG1fZ_2drGrSD,'Twas the Night Before... by Cirque du Soleil,https://www.ticketmaster.com/twas-the-night-before-by-cirque-indianapolis-indiana-11-28-2026/event/050064F0DE31ECFB,2026-11-28,13:00:00,America/New_York,onsale,IN,Indianapolis,KovZpZAEAkvA,Old National Centre,39.77464676,-86.15145874,Arts & Theatre,Circus & Specialty Acts,Circus,K8vZ917boLf,'Twas the Night Before... by Cirque du Soleil,LIVE NATION MUSIC,,,
vvG1fZ_2dr2CV4,'Twas the Night Before... by Cirque du Soleil,https://www.ticketmaster.com/twas-the-night-before-by-cirque-indianapolis-indiana-11-28-2026/event/050064F0DE3CED15,2026-11-28,16:00:00,America/New_York,onsale,IN,Indianapolis,KovZpZAEAkvA,Old National Centre,39.77464676,-86.15145874,Arts & Theatre,Circus & Specialty Acts,Circus,K8vZ917boLf,'Twas the Night Before... by Cirque du Soleil,LIVE NATION MUSIC,,,
vvG1fZ_2draCSb,'Twas the Night Before... by Cirque du Soleil,https://www.ticketmaster.com/twas-the-night-before-by-cirque-indianapolis-indiana-11-27-2026/event/050064F0DE24ECD8,2026-11-27,13:00:00,America/New_York,onsale,IN,Indianapolis,KovZpZAEAkvA,Old National Centre,39.77464676,-86.15145874,Arts & Theatre,Circus & Specialty Acts,Circus,K8vZ917boLf,'Twas the Night Before... by Cirque du Soleil,LIVE NATION MUSIC,,,
vvG1fZ_2drumVk,'Twas the Night Before... by Cirque du Soleil,https://www.ticketmaster.com/twas-the-night-before-by-cirque-indianapolis-indiana-11-28-2026/event/050064F0DE36ED06,2026-11-28,19:00:00,America/New_York,onsale,IN,Indianapolis,KovZpZAEAkvA,Old National Centre,39.77464676,-86.15145874,Arts & Theatre,Circus & Specialty Acts,Circus,K8vZ917boLf,'Twas the Night Before... by Cirque du Soleil,LIVE NATION MUSIC,,,
vvG1fZ_2dr5rSY,'Twas the Night Before... by Cirque du Soleil,https://www.ticketmaster.com/twas-the-night-before-by-cirque-indianapolis-indiana-11-27-2026/event/050064F0DE2DECF0,2026-11-27,16:00:00,America/New_York,onsale,IN,Indianapolis,KovZpZAEAkvA,Old National Centre,39.77464676,-86.15145874,Arts & Theatre,Circus & Specialty Acts,Circus,K8vZ917boLf,'Twas the Night Before... by Cirque du Soleil,LIVE NATION MUSIC,,,
vvG1fZ_2pacVMT,Grand National Championships Presented By Yamaha And Sweetwater,https://www.ticketmaster.com/grand-national-championships-presented-by-yamaha-indianapolis-indiana-11-12-2026/event/050064F589B74DFF,2026-11-12,08:00:00,America/New_York,onsale,IN,Indianapolis,KovZpZAdEJEA,Lucas Oil Stadium,39.76007,-86.163821,Music,Other,Other,K8vZ9171r3f,Bands of America,PROMOTED BY VENUE,,,
vvG1fZ_2dr1CSJ,'Twas the Night Before... by Cirque du Soleil,https://www.ticketmaster.com/twas-the-night-before-by-cirque-indianapolis-indiana-11-27-2026/event/050064F0DE28ECE6,2026-11-27,19:00:00,America/New_York,onsale,IN,Indianapolis,KovZpZAEAkvA,Old National Centre,39.77464676,-86.15145874,Arts & Theatre,Circus & Specialty Acts,Circus,K8vZ917boLf,'Twas the Night Before... by Cirque du Soleil,LIVE NATION MUSIC,,,
vvG1fZ_Cxyl1Kl,BOA Indianapolis Super Regional presented by Yamaha and Sweetwater,https://www.ticketmaster.com/boa-indianapolis-super-regional-presented-by-indianapolis-indiana-10-17-2026/event/050064E8B9ACA4EB,2026-10-17,19:30:00,America/New_York,onsale,IN,Indianapolis,KovZpZAdEJEA,Lucas Oil Stadium,39.76007,-86.163821,Music,Other,Other,K8vZ9171r3f,Bands of America,PROMOTED BY VENUE,,,
vvG1fZ_Cxypn8t,BOA Indianapolis Super Regional presented by Yamaha and Sweetwater,https://www.ticketmaster.com/boa-indianapolis-super-regional-presented-by-indianapolis-indiana-10-17-2026/event/050064E8B95AA429,2026-10-17,07:00:00,America/New_York,onsale,IN,Indianapolis,KovZpZAdEJEA,Lucas Oil Stadium,39.76007,-86.163821,Music,Other,Other,K8vZ9171r3f,Bands of America,PROMOTED BY VENUE,,,
vvG1fZ_Cxyu1Cx,BOA Indianapolis Super Regional presented by Yamaha and Sweetwater,https://www.ticketmaster.com/boa-indianapolis-super-regional-presented-by-indianapolis-indiana-10-16-2026/event/050064E8B934A3A2,2026-10-16,07:00:00,America/New_York,onsale,IN,Indianapolis,KovZpZAdEJEA,Lucas Oil Stadium,39.76007,-86.163821,Music,Other,Other,K8vZ9171r3f,Bands of America,PROMOTED BY VENUE,,,
vvG1fZ_1M8ti43,Straight No Chaser,https://www.ticketmaster.com/straight-no-chaser-indianapolis-indiana-12-19-2026/event/050064ADD0A6C552,2026-12-19,15:00:00,America/New_York,onsale,IN,Indianapolis,KovZpZAEAkvA,Old National Centre,39.77464676,-86.15145874,Music,Rock,Pop,K8vZ917GQQ0,Straight No Chaser,LIVE NATION MUSIC,,,
vv17fZ_aGkS1zCd-,Elmo's Got the Moves,https://www.ticketmaster.com/elmos-got-the-moves-indianapolis-indiana-11-01-2026/event/0500649CCAE0E0E1,2026-11-01,14:00:00,America/New_York,onsale,IN,Indianapolis,KovZpZAEAkvA,Old National Centre,39.77464676,-86.15145874,Arts & Theatre,Children's Theatre,Children's Theatre,K8vZ9171o77,Sesame Street Live,LIVE NATION MUSIC,,,
vvG1fZ_1M8nH49,Straight No Chaser,https://www.ticketmaster.com/straight-no-chaser-indianapolis-indiana-12-20-2026/event/050064ADD0ABC557,2026-12-20,15:00:00,America/New_York,onsale,IN,Indianapolis,KovZpZAEAkvA,Old National Centre,39.77464676,-86.15145874,Music,Rock,Pop,K8vZ917GQQ0,Straight No Chaser,LIVE NATION MUSIC,,,
vvG1fZ_1M8Ejfy,Straight No Chaser,https://www.ticketmaster.com/straight-no-chaser-indianapolis-indiana-12-18-2026/event/050064ADD09DC539,2026-12-18,20:00:00,America/New_York,onsale,IN,Indianapolis,KovZpZAEAkvA,Old National Centre,39.77464676,-86.15145874,Music,Rock,Pop,K8vZ917GQQ0,Straight No Chaser,LIVE NATION MUSIC,,,
vvG1fZ_1M8Ii4Z,Straight No Chaser,https://www.ticketmaster.com/straight-no-chaser-indianapolis-indiana-12-19-2026/event/050064ADD0A2C540,2026-12-19,20:00:00,America/New_York,onsale,IN,Indianapolis,KovZpZAEAkvA,Old National Centre,39.77464676,-86.15145874,Music,Rock,Pop,K8vZ917GQQ0,Straight No Chaser,LIVE NATION MUSIC,,,
vv1AAZkoyGkdQciMf,NUTCRACKER! Magical Christmas Ballet,https://www.ticketmaster.com/nutcracker-magical-christmas-ballet-indianapolis-indiana-12-15-2026/event/05006479DAB6CDD4,2026-12-15,19:00:00,America/New_York,onsale,IN,Indianapolis,KovZpZAEAkvA,Old National Centre,39.77464676,-86.15145874,Arts & Theatre,Dance,Dance,K8vZ9178k80,NUTCRACKER! Magical Christmas Ballet,LIVE NATION MUSIC,,,
vvG1fZ_1IPfLre,"TOBYMAC, THIRD DAY, CHRIS TOMLIN",https://www.ticketmaster.com/tobymac-third-day-chris-tomlin-evansville-indiana-11-06-2026/event/050064AA2551F782,2026-11-06,19:00:00,America/Chicago,onsale,IN,Evansville,KovZpZAEAAlA,Ford Center,37.97340200,-87.56756900,Music,Religious,Gospel,K8vZ9175Av7,TOBYMAC,AWAKENING EVENTS,,,
vv1AAZku9GkdfVaJ6,Parker McCollum,https://www.ticketmaster.com/parker-mccollum-evansville-indiana-09-19-2026/event/05006357D4D09987,2026-09-19,19:30:00,America/Chicago,onsale,IN,Evansville,KovZpZAEAAlA,Ford Center,37.97340200,-87.56756900,Music,Country,Country,K8vZ9174n5V,Parker McCollum,EMPORIUM PRESENTS,,,
vvG1fZ_1KxwtRx,"MercyMe, Jeremy Camp, Tim Timmons, Sam Wesley",https://www.ticketmaster.com/mercyme-jeremy-camp-tim-timmons-sam-fishers-indiana-11-12-2026/event/050064A4E2CA9BE2,2026-11-12,19:00:00,America/New_York,onsale,IN,Fishers,KovZ917AmVB,Fishers Event Center,39.94743450,-86.00613680,Music,Rock,Pop,K8vZ9175_R0,MercyMe,AWAKENING EVENTS,,,
vvG1fZ_C122gf0,The 42nd Annual Circle City Classic®,https://www.ticketmaster.com/the-42nd-annual-circle-city-classic-indianapolis-indiana-09-26-2026/event/050064E28F3F5524,2026-09-26,10:00:00,America/New_York,onsale,IN,Indianapolis,KovZpZAdEJEA,Lucas Oil Stadium,39.76007,-86.163821,Sports,Football,College,K8vZ9175u-0,Circle City Classic,PROMOTED BY VENUE,,,
vvG1fZ_1rxsHuf,Nurse John: Against Medical Advice Tour,https://www.ticketmaster.com/nurse-john-against-medical-advice-tour-indianapolis-indiana-10-22-2026/event/050064A7A2C7C354,2026-10-22,19:00:00,America/New_York,onsale,IN,Indianapolis,KovZpZAEAkvA,Old National Centre,39.77464676,-86.15145874,Arts & Theatre,Comedy,Comedy,K8vZ917jbg7,Nurse John,LIVE NATION MUSIC,,,
vvG1fZ_uDesbSd,2026 ISSMA Marching Band State Finals,https://www.ticketmaster.com/2026-issma-marching-band-state-finals-indianapolis-indiana-11-07-2026/event/050064DEC2C58CC3,2026-11-07,09:30:00,America/New_York,onsale,IN,Indianapolis,KovZpZAdEJEA,Lucas Oil Stadium,39.76007,-86.163821,Music,Other,Other,K8vZ917KxAV,ISSMA Marching Band Finals,PROMOTED BY VENUE,,,
vvG1jZ_5nczdit,Jo Koy Live,https://www.ticketmaster.com/jo-koy-live-hammond-indiana-09-26-2026/event/070064BAADE03B29,2026-09-26,20:00:00,America/Chicago,onsale,IN,Hammond,KovZpZAEAlvA,The Venue at Horseshoe Casino,41.69309900,-87.50824460,Arts & Theatre,Comedy,Comedy,K8vZ917GJk0,Jo Koy,PROMOTED BY VENUE,,,
vvG1fZ_CE29TQj,Jon Pardi: Gamblin' Man Tour 2026,https://www.ticketmaster.com/jon-pardi-gamblin-man-tour-2026-fort-wayne-indiana-09-24-2026/event/050064E9CF5FF69C,2026-09-24,19:00:00,America/Indiana/Indianapolis,onsale,IN,Fort Wayne,KovZpZA6keEA,Allen County War Memorial Coliseum,41.11280800,-85.12543900,Music,Country,Country,K8vZ917ugvf,Jon Pardi,PROMOTED BY VENUE,,,
vv1AAZkfdGkd0w0Ky,Nurse John: Against Medical Advice Tour,https://www.ticketmaster.com/nurse-john-against-medical-advice-tour-indianapolis-indiana-10-22-2026/event/05006503E4CA44F9,2026-10-22,21:30:00,America/New_York,onsale,IN,Indianapolis,KovZpZAEAkvA,Old National Centre,39.77464676,-86.15145874,Arts & Theatre,Comedy,Comedy,K8vZ917jbg7,Nurse John,LIVE NATION MUSIC,,,
vv17fZ_8GkIv0cLT,2026 Discover Big Ten Football Championship Game,https://www.ticketmaster.com/2026-discover-big-ten-football-championship-indianapolis-indiana-12-05-2026/event/0500650A0192D7FF,2026-12-05,20:00:00,America/New_York,offsale,IN,Indianapolis,KovZpZAdEJEA,Lucas Oil Stadium,39.76007,-86.163821,Sports,Football,College,K8vZ9172Sh0,Big Ten Football Championship Game,PROMOTED BY VENUE,,,
vvG1fZ_G3HAXS5,Underoath - Define the Great Line 20th Anniversary Tour,https://www.ticketmaster.com/underoath-define-the-great-line-20th-indianapolis-indiana-12-05-2026/event/050064C4BC17ECCB,2026-12-05,18:30:00,America/New_York,onsale,IN,Indianapolis,KovZpZAEAkvA,Old National Centre,39.77464676,-86.15145874,Music,Rock,Pop,K8vZ9175Y30,Underoath,LIVE NATION MUSIC,,,
vv1AAZk3pGkdhJ2dA,Suki Waterhouse: The Loveland Tour,https://www.ticketmaster.com/suki-waterhouse-the-loveland-tour-indianapolis-indiana-09-18-2026/event/05006496DB98F0C5,2026-09-18,19:30:00,America/New_York,offsale,IN,Indianapolis,KovZpZAEAkvA,Old National Centre,39.77464676,-86.15145874,Music,Rock,Alternative Rock,K8vZ917QfmV,Suki Waterhouse,LIVE NATION MUSIC,,,
vvG1fZ_55ITc_x,RuPaul's Drag Race Werq The World 2027 Tour,https://www.ticketmaster.com/rupauls-drag-race-werq-the-world-indianapolis-indiana-04-01-2027/event/050064B2E8FED662,2027-04-01,19:30:00,America/New_York,onsale,IN,Indianapolis,KovZpZAEAkvA,Old National Centre,39.77464676,-86.15145874,Arts & Theatre,Performance Art,Performance Art,K8vZ917Qiff,RuPaul's Drag Race Werq the World Tour,LIVE NATION MUSIC,,,
vv17fZ_dGklcdh7q,Leonid & Friends,https://www.ticketmaster.com/leonid-friends-indianapolis-indiana-09-25-2026/event/0500643AED0DB11D,2026-09-25,19:30:00,America/New_York,onsale,IN,Indianapolis,KovZpZAEAkvA,Old National Centre,39.77464676,-86.15145874,Music,Rock,Pop,K8vZ9179YL7,Leonid & Friends,LIVE NATION MUSIC,,,
vvG1fZ_1wri9eQ,Bluey's Big Play,https://www.ticketmaster.com/blueys-big-play-indianapolis-indiana-02-20-2027/event/050064AC9EB1709A,2027-02-20,11:00:00,America/New_York,onsale,IN,Indianapolis,KovZpZAEAkvA,Old National Centre,39.77464676,-86.15145874,Arts & Theatre,Children's Theatre,Children's Theatre,K8vZ917bs90,Bluey's Big Play,LIVE NATION MUSIC,,,
vvG1fZ_1wrmEdd,Bluey's Big Play,https://www.ticketmaster.com/blueys-big-play-indianapolis-indiana-02-20-2027/event/050064AC9EBA70C3,2027-02-20,14:00:00,America/New_York,onsale,IN,Indianapolis,KovZpZAEAkvA,Old National Centre,39.77464676,-86.15145874,Arts & Theatre,Children's Theatre,Children's Theatre,K8vZ917bs90,Bluey's Big Play,LIVE NATION MUSIC,,,
vvG1fZ_1wrcEew,Bluey's Big Play,https://www.ticketmaster.com/blueys-big-play-indianapolis-indiana-02-20-2027/event/050064AC9EB670B2,2027-02-20,17:00:00,America/New_York,onsale,IN,Indianapolis,KovZpZAEAkvA,Old National Centre,39.77464676,-86.15145874,Arts & Theatre,Children's Theatre,Children's Theatre,K8vZ917bs90,Bluey's Big Play,LIVE NATION MUSIC,,,
vvG1fZ_1wrRMdu,Bluey's Big Play,https://www.ticketmaster.com/blueys-big-play-indianapolis-indiana-02-21-2027/event/050064AC9EBF70CD,2027-02-21,11:00:00,America/New_York,onsale,IN,Indianapolis,KovZpZAEAkvA,Old National Centre,39.77464676,-86.15145874,Arts & Theatre,Children's Theatre,Children's Theatre,K8vZ917bs90,Bluey's Big Play,LIVE NATION MUSIC,,,
vvG1fZ_1wrYMd_,Bluey's Big Play,https://www.ticketmaster.com/blueys-big-play-indianapolis-indiana-02-21-2027/event/050064AC9EC370D9,2027-02-21,14:00:00,America/New_York,onsale,IN,Indianapolis,KovZpZAEAkvA,Old National Centre,39.77464676,-86.15145874,Arts & Theatre,Children's Theatre,Children's Theatre,K8vZ917bs90,Bluey's Big Play,LIVE NATION MUSIC,,,
vv17fZ_3GkD4Vrbi,"Franco Escamilla ""El Juicio"" Tour",https://www.ticketmaster.com/franco-escamilla-el-juicio-tour-indianapolis-indiana-08-20-2027/event/0500652ED5D1E62C,2027-08-20,20:30:00,America/New_York,onsale,IN,Indianapolis,KovZpZAEAkvA,Old National Centre,39.77464676,-86.15145874,Arts & Theatre,Comedy,Comedy,K8vZ9174jlV,Franco Escamilla,LIVE NATION MUSIC,,,
vv1Fv8vPA8PUZ7u1ke,Yung Gravy: The Joyrider Tour,https://www.ticketmaster.com/yung-gravy-the-joyrider-tour-indianapolis-indiana-11-19-2026/event/050065150976C951,2026-11-19,20:00:00,America/New_York,onsale,IN,Indianapolis,KovZpZAEAkvA,Old National Centre,39.77464676,-86.15145874,Music,Hip-Hop/Rap,Trap,K8vZ917pl40,Yung Gravy,LIVE NATION MUSIC,,,
vvG1fZ_19dBwtW,Mojo Brookzz Outta Pocket Comedy Tour 2026 (18+),https://www.ticketmaster.com/mojo-brookzz-outta-pocket-comedy-tour-indianapolis-indiana-12-04-2026/event/050064A5C3EB2A7D,2026-12-04,19:30:00,America/New_York,onsale,IN,Indianapolis,KovZpZAEAkvA,Old National Centre,39.77464676,-86.15145874,Arts & Theatre,Comedy,Comedy,K8vZ917QlK0,Mojo Brookzz,LIVE NATION MUSIC,,,
vv1kfZ_kp3G7XbxT,Gary Allan,https://www.ticketmaster.com/gary-allan-indianapolis-indiana-09-24-2026/event/0500646592F988BF,2026-09-24,19:30:00,America/New_York,onsale,IN,Indianapolis,KovZpZAEAkvA,Old National Centre,39.77464676,-86.15145874,Music,Country,Country,K8vZ9171bnf,Gary Allan,LIVE NATION MUSIC,,,
vv1AAZkf7GkdtBE-g,Fort Wayne Komets vs. Indy Fuel,https://www.ticketmaster.com/fort-wayne-komets-vs-indy-fuel-fort-wayne-indiana-10-24-2026/event/05006504E9EA7875,2026-10-24,19:30:00,America/Indiana/Indianapolis,onsale,IN,Fort Wayne,KovZpZA6keEA,Allen County War Memorial Coliseum,41.11280800,-85.12543900,Sports,Hockey,Minor League,K8vZ9171o3f,Fort Wayne Komets,PROMOTED BY VENUE,,,
vv1AAZkf7Gkdty9-f,Fort Wayne Komets vs. Toledo Walleye,https://www.ticketmaster.com/fort-wayne-komets-vs-toledo-walleye-fort-wayne-indiana-10-17-2026/event/05006504E9E57854,2026-10-17,19:30:00,America/Indiana/Indianapolis,onsale,IN,Fort Wayne,KovZpZA6keEA,Allen County War Memorial Coliseum,41.11280800,-85.12543900,Sports,Hockey,Minor League,K8vZ9171o3f,Fort Wayne Komets,PROMOTED BY VENUE,,,
vv1AAZkf7GkdtDEx8,Fort Wayne Komets vs. Wheeling Nailers,https://www.ticketmaster.com/fort-wayne-komets-vs-wheeling-nailers-fort-wayne-indiana-10-30-2026/event/05006504E9EE7890,2026-10-30,19:30:00,America/Indiana/Indianapolis,onsale,IN,Fort Wayne,KovZpZA6keEA,Allen County War Memorial Coliseum,41.11280800,-85.12543900,Sports,Hockey,Minor League,K8vZ9171o3f,Fort Wayne Komets,PROMOTED BY VENUE,,,
vv1AAZkf7GkdtX6Nu,Fort Wayne Komets vs. Bloomington Bison,https://www.ticketmaster.com/fort-wayne-komets-vs-bloomington-bison-fort-wayne-indiana-11-06-2026/event/05006504E9F878CD,2026-11-06,19:30:00,America/Indiana/Indianapolis,onsale,IN,Fort Wayne,KovZpZA6keEA,Allen County War Memorial Coliseum,41.11280800,-85.12543900,Sports,Hockey,Minor League,K8vZ9171o3f,Fort Wayne Komets,PROMOTED BY VENUE,,,
vv1AAZkf7GkdtT9Ni,Fort Wayne Komets vs. Toledo Walleye,https://www.ticketmaster.com/fort-wayne-komets-vs-toledo-walleye-fort-wayne-indiana-11-14-2026/event/05006504E9FD78EC,2026-11-14,19:30:00,America/Indiana/Indianapolis,onsale,IN,Fort Wayne,KovZpZA6keEA,Allen County War Memorial Coliseum,41.11280800,-85.12543900,Sports,Hockey,Minor League,K8vZ9171o3f,Fort Wayne Komets,PROMOTED BY VENUE,,,
vv1AAZkf7GkdnZ9NT,Fort Wayne Komets vs. Cincinnati Cyclones,https://www.ticketmaster.com/fort-wayne-komets-vs-cincinnati-cyclones-fort-wayne-indiana-11-15-2026/event/05006504EA0178FF,2026-11-15,17:00:00,America/Indiana/Indianapolis,onsale,IN,Fort Wayne,KovZpZA6keEA,Allen County War Memorial Coliseum,41.11280800,-85.12543900,Sports,Hockey,Minor League,K8vZ9171o3f,Fort Wayne Komets,PROMOTED BY VENUE,,,
vv1AAZkf7GkdnAMPv,Fort Wayne Komets vs. Wheeling Nailers,https://www.ticketmaster.com/fort-wayne-komets-vs-wheeling-nailers-fort-wayne-indiana-12-12-2026/event/05006504EA177941,2026-12-12,19:30:00,America/Indiana/Indianapolis,onsale,IN,Fort Wayne,KovZpZA6keEA,Allen County War Memorial Coliseum,41.11280800,-85.12543900,Sports,Hockey,Minor League,K8vZ9171o3f,Fort Wayne Komets,PROMOTED BY VENUE,,,
vv1AAZkf7Gkdn7E0M,Fort Wayne Komets vs. Bloomington Bison,https://www.ticketmaster.com/fort-wayne-komets-vs-bloomington-bison-fort-wayne-indiana-12-11-2026/event/05006504EA127937,2026-12-11,19:30:00,America/Indiana/Indianapolis,onsale,IN,Fort Wayne,KovZpZA6keEA,Allen County War Memorial Coliseum,41.11280800,-85.12543900,Sports,Hockey,Minor League,K8vZ9171o3f,Fort Wayne Komets,PROMOTED BY VENUE,,,
17AOv0G62QbOAsN,Monster Jam,https://www.ticketmaster.com/monster-jam-louisville-kentucky-03-13-2027/event/160064F698805C63,2027-03-13,17:00:00,America/New_York,offsale,KY,Louisville,KovZpZA6tdEA,Freedom Hall,38.11240000,-85.69296590,Sports,Motorsports/Racing,Motorsports/Racing,K8vZ917uyff,Monster Jam,FELD MOTORSPORTS,,,
17AOv0G62Qb-4sM,Monster Jam,https://www.ticketmaster.com/monster-jam-louisville-kentucky-03-14-2027/event/160064F698855C77,2027-03-14,15:00:00,America/New_York,offsale,KY,Louisville,KovZpZA6tdEA,Freedom Hall,38.11240000,-85.69296590,Sports,Motorsports/Racing,Motorsports/Racing,K8vZ917uyff,Monster Jam,FELD MOTORSPORTS,,,
1ApZkf7GkeR9ziH,Pentatonix: Christmas in the City Tour ,https://www.ticketmaster.com/pentatonix-christmas-in-the-city-tour-louisville-kentucky-11-16-2026/event/16006504AF5F8B3C,2026-11-16,19:00:00,America/New_York,onsale,KY,Louisville,KovZpaFnje,KFC Yum! Center,38.25713000,-85.75395800,Music,Rock,Pop,K8vZ9172Wtf,Pentatonix,LIVE NATION MUSIC,,,
1AvbZbUGkR_RG-w,Bourbon & Beyond,https://on.fgtix.com/trk/Es3ec,2026-09-27,12:00:00,America/New_York,onsale,KY,Louisville,KovZpa3OYe,Kentucky Expo Center,38.19299800,-85.74052300,Music,Undefined,Undefined,K8vZ9174HkV,Bourbon & Beyond,PROMOTED BY VENUE,,,
1ApZkfIGkdDdTGV,Jeff Dunham Inappropriate Contact,https://www.ticketmaster.com/jeff-dunham-inappropriate-contact-louisville-kentucky-02-06-2027/event/16006528FB0FF334,2027-02-06,15:00:00,America/New_York,onsale,KY,Louisville,KovZpZAEk6tA,The Louisville Palace,38.24813890,-85.75800340,Arts & Theatre,Comedy,Comedy,K8vZ91714jV,Jeff Dunham,LIVE NATION MUSIC,,,
17AOv0G6193QCJg,"MercyMe, Jeremy Camp, Tim Timmons, Sam Wesley",https://www.ticketmaster.com/mercyme-jeremy-camp-tim-timmons-sam-louisville-kentucky-11-13-2026/event/160064A5D268E9B5,2026-11-13,19:00:00,America/New_York,onsale,KY,Louisville,KovZpaFnje,KFC Yum! Center,38.25713000,-85.75395800,Music,Rock,Pop,K8vZ9175_R0,MercyMe,PROMOTED BY VENUE,,,
1AvbZbUGkR__GOG,Bourbon & Beyond,https://on.fgtix.com/trk/Es3ec,2026-09-26,12:00:00,America/New_York,onsale,KY,Louisville,KovZpa3OYe,Kentucky Expo Center,38.19299800,-85.74052300,Music,Undefined,Undefined,K8vZ9174HkV,Bourbon & Beyond,PROMOTED BY VENUE,,,
17AOv0G65R_al4f,Gabriel Iglesias: The 1976 Tour,https://www.ticketmaster.com/gabriel-iglesias-the-1976-tour-lexington-kentucky-11-15-2026/event/160064BBD926B554,2026-11-15,19:30:00,America/New_York,onsale,KY,Lexington,KovZpZAFa6lA,Rupp Arena,38.04914800,-84.50103770,Arts & Theatre,Comedy,Comedy,K8vZ9175rM7,Gabriel Iglesias,ICON CONCERTS,,,
1AvbZ_kGkYR04Kw,LIL WAYNE: 20 YEARS OF CARTER CLASSICS,https://www.ticketmaster.com/lil-wayne-20-years-of-carter-lexington-kentucky-12-04-2026/event/1600646C2F9154F2,2026-12-04,20:30:00,America/New_York,rescheduled,KY,Lexington,KovZpZAFa6lA,Rupp Arena,38.04914800,-84.50103770,Music,Hip-Hop/Rap,Trap,K8vZ917GemV,Lil Wayne,LIVE NATION MUSIC,,,
16vbZ_637G7gPO4,Leanne Morgan: THE TIME OF OUR LIVES TOUR,https://www.ticketmaster.com/leanne-morgan-the-time-of-our-louisville-kentucky-11-20-2026/event/1600647484D65815,2026-11-20,19:00:00,America/New_York,onsale,KY,Louisville,KovZpaFnje,KFC Yum! Center,38.25713000,-85.75395800,Arts & Theatre,Comedy,Comedy,K8vZ917fQxV,Leanne Morgan,OUTBACK CONCERTS,,,
17AOv0G65nc9Edv,Bryson Tiller Presents: The Neo Trapsoul Tour,https://www.ticketmaster.com/bryson-tiller-presents-the-neo-trapsoul-louisville-kentucky-10-07-2026/event/160064BAAD5E70C1,2026-10-07,19:30:00,America/New_York,onsale,KY,Louisville,KovZpaFnje,KFC Yum! Center,38.25713000,-85.75395800,Music,Hip-Hop/Rap,Trap,K8vZ917KBFf,Bryson Tiller,LIVE NATION MUSIC,,,
1AvbZbUGkR_6irH,Bourbon & Beyond,https://on.fgtix.com/trk/Es3ec,2026-09-25,12:00:00,America/New_York,onsale,KY,Louisville,KovZpa3OYe,Kentucky Expo Center,38.19299800,-85.74052300,Music,Undefined,Undefined,K8vZ9174HkV,Bourbon & Beyond,PROMOTED BY VENUE,,,
1AvbZ_6Gkz7yDUI,Johnny Blue Skies & the Dark Clouds - Mutiny for the Masses 2026 Tour,https://www.ticketmaster.com/johnny-blue-skies-the-dark-clouds-lexington-kentucky-10-30-2026/event/1600647E04E7BDA8,2026-10-30,20:00:00,America/New_York,onsale,KY,Lexington,KovZpZAFa6lA,Rupp Arena,38.04914800,-84.50103770,Music,Rock,Pop,K8vZ9178Eof,Johnny Blue Skies,AEG LIVE,,,
1AvbZ_3GkUxqfI3,Dave Chappelle Karmageddon,https://www.ticketmaster.com/dave-chappelle-karmageddon-louisville-kentucky-10-24-2026/event/1600652DA2754A12,2026-10-24,19:30:00,America/New_York,onsale,KY,Louisville,KovZpaFnje,KFC Yum! Center,38.25713000,-85.75395800,Arts & Theatre,Comedy,Comedy,K8vZ9171rcf,Dave Chappelle,LIVE NATION MUSIC,,,
17AOv0G6G5A1i6W,Little Big Town - For The Art Of It Tour,https://www.ticketmaster.com/little-big-town-for-the-art-louisville-kentucky-10-01-2026/event/160064C2C52AC1FD,2026-10-01,19:30:00,America/New_York,onsale,KY,Louisville,KovZpZAEk6tA,The Louisville Palace,38.24813890,-85.75800340,Music,Country,Country,K8vZ9175ykf,Little Big Town,LIVE NATION MUSIC,,,
1AvbZ_8GkB06IVs,Jonas Brothers: The Burning Up Tour All Over Again,https://www.ticketmaster.com/jonas-brothers-the-burning-up-tour-lexington-kentucky-10-17-2026/event/1600650EA41E8D31,2026-10-17,19:30:00,America/New_York,onsale,KY,Lexington,KovZpZAFa6lA,Rupp Arena,38.04914800,-84.50103770,Music,Pop,Electro Pop,K8vZ9175T17,Jonas Brothers,LIVE NATION MUSIC,,,
1ApZkfbGkeR-a4J,"TOBYMAC with Jeremy Camp, Seph Schlueter, Katy Nichole: Hits Deep Tour",https://www.ticketmaster.com/tobymac-with-jeremy-camp-seph-schlueter-lexington-kentucky-01-29-2027/event/16006518AF849566,2027-01-29,19:00:00,America/New_York,onsale,KY,Lexington,KovZpZAFa6lA,Rupp Arena,38.04914800,-84.50103770,Music,Religious,Gospel,K8vZ9175Av7,TOBYMAC,AWAKENING EVENTS,,,
1AvbZbUGkRbYiq-,Bourbon & Beyond,https://on.fgtix.com/trk/Es3ec,2026-09-24,12:00:00,America/New_York,onsale,KY,Louisville,KovZpa3OYe,Kentucky Expo Center,38.19299800,-85.74052300,Music,Undefined,Undefined,K8vZ9174HkV,Bourbon & Beyond,PROMOTED BY VENUE,,,
17AOv0G61w-XMPi,Kentucky Wildcats Football vs. University of South Alabama Jaguar Football,https://www.ticketmaster.com/kentucky-wildcats-football-vs-university-of-lexington-kentucky-09-26-2026/event/160064ACA1FB796C,2026-09-26,12:45:00,America/New_York,onsale,KY,Lexington,KovZpZAEk7JA,Kroger Field,38.02182200,-84.50945700,Sports,Football,College,K8vZ9175ECV,Kentucky Wildcats Football,PROMOTED BY VENUE,,,
17AOv0G613DdyiG,"MercyMe, Jeremy Camp, Tim Timmons, Sam Wesley",https://www.ticketmaster.com/mercyme-jeremy-camp-tim-timmons-sam-pikeville-kentucky-10-17-2026/event/160064A4BB0F9B0C,2026-10-17,19:00:00,America/New_York,onsale,KY,Pikeville,KovZpa3-Ce,Appalachian Wireless Arena (Formerly Eastern Kentucky Expo Ctr),37.48166900,-82.51509200,Music,Rock,Pop,K8vZ9175_R0,MercyMe,PROMOTED BY VENUE,,,
17AOv0G61wxZ6PU,Kentucky Wildcats Football vs. Louisiana State University Football,https://www.ticketmaster.com/kentucky-wildcats-football-vs-louisiana-state-lexington-kentucky-10-10-2026/event/160064ACA2007976,2026-10-10,,America/New_York,onsale,KY,Lexington,KovZpZAEk7JA,Kroger Field,38.02182200,-84.50945700,Sports,Football,College,K8vZ9175ECV,Kentucky Wildcats Football,PROMOTED BY VENUE,,,
17AOv0G61wxeEJa,Kentucky Wildcats Football vs. Florida Gators Football,https://www.ticketmaster.com/kentucky-wildcats-football-vs-florida-gators-lexington-kentucky-11-14-2026/event/160064ACA20A7989,2026-11-14,,America/New_York,onsale,KY,Lexington,KovZpZAEk7JA,Kroger Field,38.02182200,-84.50945700,Sports,Football,College,K8vZ9175ECV,Kentucky Wildcats Football,PROMOTED BY VENUE,,,
17AOv0G61MKjhlX,PBR: Challenger Series,https://www.ticketmaster.com/pbr-challenger-series-louisville-kentucky-10-10-2026/event/160064ADD371BAFE,2026-10-10,19:00:00,America/New_York,onsale,KY,Louisville,KovZpaFnje,KFC Yum! Center,38.25713000,-85.75395800,Sports,Rodeo,Bullriding,K8vZ917Qfr7,PBR: Challenger Series,PROMOTED BY VENUE,,,
1AvbZbUGkRaZlP0,Louder Than Life,https://on.fgtix.com/trk/Rm3ec,2026-09-19,12:00:00,America/New_York,onsale,KY,Louisville,KovZpa3OYe,Kentucky Expo Center,38.19299800,-85.74052300,Music,Undefined,Undefined,K8vZ9173xW7,Louder Than Life,PROMOTED BY VENUE,,,
17AOv0G61OJ4ehM,Disney Presents The Lion King (Touring),https://www.ticketmaster.com/disney-presents-the-lion-king-touring-louisville-kentucky-11-12-2026/event/160064A8265426F7,2026-11-12,13:00:00,America/New_York,onsale,KY,Louisville,KovZpa9qHe,Whitney Hall,38.25729450,-85.75900720,Arts & Theatre,Theatre,Musical,K8vZ9171X6V,Disney Presents The Lion King (Touring),BROADWAY ACROSS AMERICA KEY BRAND,,,
17AOv0G61OJ93j8,Disney Presents The Lion King (Touring),https://www.ticketmaster.com/disney-presents-the-lion-king-touring-louisville-kentucky-11-14-2026/event/160064A8265D2710,2026-11-14,19:30:00,America/New_York,onsale,KY,Louisville,KovZpa9qHe,Whitney Hall,38.25729450,-85.75900720,Arts & Theatre,Theatre,Musical,K8vZ9171X6V,Disney Presents The Lion King (Touring),BROADWAY ACROSS AMERICA KEY BRAND,,,
17AOv0G61OJrwqt,Disney Presents The Lion King (Touring),https://www.ticketmaster.com/disney-presents-the-lion-king-touring-louisville-kentucky-11-20-2026/event/160064A8267B2769,2026-11-20,19:00:00,America/New_York,onsale,KY,Louisville,KovZpa9qHe,Whitney Hall,38.25729450,-85.75900720,Arts & Theatre,Theatre,Musical,K8vZ9171X6V,Disney Presents The Lion King (Touring),BROADWAY ACROSS AMERICA KEY BRAND,,,
17AOv0G61OJOerk,Disney Presents The Lion King (Touring),https://www.ticketmaster.com/disney-presents-the-lion-king-touring-louisville-kentucky-11-21-2026/event/160064A826802786,2026-11-21,19:30:00,America/New_York,onsale,KY,Louisville,KovZpa9qHe,Whitney Hall,38.25729450,-85.75900720,Arts & Theatre,Theatre,Musical,K8vZ9171X6V,Disney Presents The Lion King (Touring),BROADWAY ACROSS AMERICA KEY BRAND,,,
17AOv0G61OJp3jd,Disney Presents The Lion King (Touring),https://www.ticketmaster.com/disney-presents-the-lion-king-touring-louisville-kentucky-11-13-2026/event/160064A826592703,2026-11-13,19:00:00,America/New_York,onsale,KY,Louisville,KovZpa9qHe,Whitney Hall,38.25729450,-85.75900720,Arts & Theatre,Theatre,Musical,K8vZ9171X6V,Disney Presents The Lion King (Touring),BROADWAY ACROSS AMERICA KEY BRAND,,,
17AOv0G61OJ_xjn,Disney Presents The Lion King (Touring),https://www.ticketmaster.com/disney-presents-the-lion-king-touring-louisville-kentucky-11-15-2026/event/160064A82666272A,2026-11-15,18:30:00,America/New_York,onsale,KY,Louisville,KovZpa9qHe,Whitney Hall,38.25729450,-85.75900720,Arts & Theatre,Theatre,Musical,K8vZ9171X6V,Disney Presents The Lion King (Touring),BROADWAY ACROSS AMERICA KEY BRAND,,,
17AOv0G61OJN3rD,Disney Presents The Lion King (Touring),https://www.ticketmaster.com/disney-presents-the-lion-king-touring-louisville-kentucky-11-22-2026/event/160064A8268D27BB,2026-11-22,13:00:00,America/New_York,onsale,KY,Louisville,KovZpa9qHe,Whitney Hall,38.25729450,-85.75900720,Arts & Theatre,Theatre,Musical,K8vZ9171X6V,Disney Presents The Lion King (Touring),BROADWAY ACROSS AMERICA KEY BRAND,,,
17AOv0G61OJ03L1,Disney Presents The Lion King (Touring),https://www.ticketmaster.com/disney-presents-the-lion-king-touring-louisville-kentucky-11-24-2026/event/160064A8269127CA,2026-11-24,19:00:00,America/New_York,onsale,KY,Louisville,KovZpa9qHe,Whitney Hall,38.25729450,-85.75900720,Arts & Theatre,Theatre,Musical,K8vZ9171X6V,Disney Presents The Lion King (Touring),BROADWAY ACROSS AMERICA KEY BRAND,,,
17AOv0G61OJ-er3,Disney Presents The Lion King (Touring),https://www.ticketmaster.com/disney-presents-the-lion-king-touring-louisville-kentucky-11-21-2026/event/160064A826842792,2026-11-21,14:00:00,America/New_York,onsale,KY,Louisville,KovZpa9qHe,Whitney Hall,38.25729450,-85.75900720,Arts & Theatre,Theatre,Musical,K8vZ9171X6V,Disney Presents The Lion King (Touring),BROADWAY ACROSS AMERICA KEY BRAND,,,
17AOv0G61OJExOC,Disney Presents The Lion King (Touring),https://www.ticketmaster.com/disney-presents-the-lion-king-touring-louisville-kentucky-11-27-2026/event/160064A8269E280E,2026-11-27,19:00:00,America/New_York,onsale,KY,Louisville,KovZpa9qHe,Whitney Hall,38.25729450,-85.75900720,Arts & Theatre,Theatre,Musical,K8vZ9171X6V,Disney Presents The Lion King (Touring),BROADWAY ACROSS AMERICA KEY BRAND,,,
17AOv0G61OJxerY,Disney Presents The Lion King (Touring),https://www.ticketmaster.com/disney-presents-the-lion-king-touring-louisville-kentucky-11-22-2026/event/160064A8268827B0,2026-11-22,18:30:00,America/New_York,onsale,KY,Louisville,KovZpa9qHe,Whitney Hall,38.25729450,-85.75900720,Arts & Theatre,Theatre,Musical,K8vZ9171X6V,Disney Presents The Lion King (Touring),BROADWAY ACROSS AMERICA KEY BRAND,,,
17AOv0G61OJtwOE,Disney Presents The Lion King (Touring),https://www.ticketmaster.com/disney-presents-the-lion-king-touring-louisville-kentucky-11-28-2026/event/160064A826A72827,2026-11-28,14:00:00,America/New_York,onsale,KY,Louisville,KovZpa9qHe,Whitney Hall,38.25729450,-85.75900720,Arts & Theatre,Theatre,Musical,K8vZ9171X6V,Disney Presents The Lion King (Touring),BROADWAY ACROSS AMERICA KEY BRAND,,,
17AOv0G61OJb3jL,Disney Presents The Lion King (Touring),https://www.ticketmaster.com/disney-presents-the-lion-king-touring-louisville-kentucky-11-14-2026/event/160064A82661271F,2026-11-14,14:00:00,America/New_York,onsale,KY,Louisville,KovZpa9qHe,Whitney Hall,38.25729450,-85.75900720,Arts & Theatre,Theatre,Musical,K8vZ9171X6V,Disney Presents The Lion King (Touring),BROADWAY ACROSS AMERICA KEY BRAND,,,
17AOv0G61OJhxq5,Disney Presents The Lion King (Touring),https://www.ticketmaster.com/disney-presents-the-lion-king-touring-louisville-kentucky-11-17-2026/event/160064A8266E274B,2026-11-17,19:00:00,America/New_York,onsale,KY,Louisville,KovZpa9qHe,Whitney Hall,38.25729450,-85.75900720,Arts & Theatre,Theatre,Musical,K8vZ9171X6V,Disney Presents The Lion King (Touring),BROADWAY ACROSS AMERICA KEY BRAND,,,
17AOv0G61OJjwqh,Disney Presents The Lion King (Touring),https://www.ticketmaster.com/disney-presents-the-lion-king-touring-louisville-kentucky-11-18-2026/event/160064A82673275B,2026-11-18,19:00:00,America/New_York,onsale,KY,Louisville,KovZpa9qHe,Whitney Hall,38.25729450,-85.75900720,Arts & Theatre,Theatre,Musical,K8vZ9171X6V,Disney Presents The Lion King (Touring),BROADWAY ACROSS AMERICA KEY BRAND,,,
17AOv0G61OJfehl,Disney Presents The Lion King (Touring),https://www.ticketmaster.com/disney-presents-the-lion-king-touring-louisville-kentucky-11-12-2026/event/160064A8265026EB,2026-11-12,19:00:00,America/New_York,onsale,KY,Louisville,KovZpa9qHe,Whitney Hall,38.25729450,-85.75900720,Arts & Theatre,Theatre,Musical,K8vZ9171X6V,Disney Presents The Lion King (Touring),BROADWAY ACROSS AMERICA KEY BRAND,,,
17AOv0G61OJJxOv,Disney Presents The Lion King (Touring),https://www.ticketmaster.com/disney-presents-the-lion-king-touring-louisville-kentucky-11-25-2026/event/160064A8269A2801,2026-11-25,13:00:00,America/New_York,onsale,KY,Louisville,KovZpa9qHe,Whitney Hall,38.25729450,-85.75900720,Arts & Theatre,Theatre,Musical,K8vZ9171X6V,Disney Presents The Lion King (Touring),BROADWAY ACROSS AMERICA KEY BRAND,,,
17AOv0G61OJPxLJ,Disney Presents The Lion King (Touring),https://www.ticketmaster.com/disney-presents-the-lion-king-touring-louisville-kentucky-11-25-2026/event/160064A8269627E6,2026-11-25,19:00:00,America/New_York,onsale,KY,Louisville,KovZpa9qHe,Whitney Hall,38.25729450,-85.75900720,Arts & Theatre,Theatre,Musical,K8vZ9171X6V,Disney Presents The Lion King (Touring),BROADWAY ACROSS AMERICA KEY BRAND,,,
17AOv0G61OJQxjV,Disney Presents The Lion King (Touring),https://www.ticketmaster.com/disney-presents-the-lion-king-touring-louisville-kentucky-11-15-2026/event/160064A8266A2734,2026-11-15,13:00:00,America/New_York,onsale,KY,Louisville,KovZpa9qHe,Whitney Hall,38.25729450,-85.75900720,Arts & Theatre,Theatre,Musical,K8vZ9171X6V,Disney Presents The Lion King (Touring),BROADWAY ACROSS AMERICA KEY BRAND,,,
17AOv0G61OJqwqr,Disney Presents The Lion King (Touring),https://www.ticketmaster.com/disney-presents-the-lion-king-touring-louisville-kentucky-11-19-2026/event/160064A82677275E,2026-11-19,19:00:00,America/New_York,onsale,KY,Louisville,KovZpa9qHe,Whitney Hall,38.25729450,-85.75900720,Arts & Theatre,Theatre,Musical,K8vZ9171X6V,Disney Presents The Lion King (Touring),BROADWAY ACROSS AMERICA KEY BRAND,,,
17AOv0G61OJie-d,Disney Presents The Lion King (Touring),https://www.ticketmaster.com/disney-presents-the-lion-king-touring-louisville-kentucky-11-29-2026/event/160064A826B02843,2026-11-29,13:00:00,America/New_York,onsale,KY,Louisville,KovZpa9qHe,Whitney Hall,38.25729450,-85.75900720,Arts & Theatre,Theatre,Musical,K8vZ9171X6V,Disney Presents The Lion King (Touring),BROADWAY ACROSS AMERICA KEY BRAND,,,
17AOv0G61OJIxOh,Disney Presents The Lion King (Touring),https://www.ticketmaster.com/disney-presents-the-lion-king-touring-louisville-kentucky-11-28-2026/event/160064A826A2281B,2026-11-28,19:30:00,America/New_York,onsale,KY,Louisville,KovZpa9qHe,Whitney Hall,38.25729450,-85.75900720,Arts & Theatre,Theatre,Musical,K8vZ9171X6V,Disney Presents The Lion King (Touring),BROADWAY ACROSS AMERICA KEY BRAND,,,
17AOv0G61OJnwOX,Disney Presents The Lion King (Touring),https://www.ticketmaster.com/disney-presents-the-lion-king-touring-louisville-kentucky-11-29-2026/event/160064A826AB283E,2026-11-29,18:30:00,America/New_York,onsale,KY,Louisville,KovZpa9qHe,Whitney Hall,38.25729450,-85.75900720,Arts & Theatre,Theatre,Musical,K8vZ9171X6V,Disney Presents The Lion King (Touring),BROADWAY ACROSS AMERICA KEY BRAND,,,
1ApZkf_Gkd_jcjI,Jack's Lantern Trail,https://www.ticketmaster.com/jacks-lantern-trail-louisville-kentucky-10-03-2026/event/16006519D972D728,2026-10-03,,America/New_York,onsale,KY,Louisville,KovZpZAaIFkA,Iroquois Amphitheater,38.16010570,-85.77955520,Arts & Theatre,Spectacular,Spectacular,K8vZ917QJA0,Jack's Lantern Trail,PROMOTED BY VENUE,,,
1ApZkf_Gkd_curO,Jack's Lantern Trail,https://www.ticketmaster.com/jacks-lantern-trail-louisville-kentucky-10-17-2026/event/16006519D9B4D7A0,2026-10-17,,America/New_York,onsale,KY,Louisville,KovZpZAaIFkA,Iroquois Amphitheater,38.16010570,-85.77955520,Arts & Theatre,Spectacular,Spectacular,K8vZ917QJA0,Jack's Lantern Trail,PROMOTED BY VENUE,,,
17AOv0G6uhb8BMu,Joe Bonamassa,https://www.ticketmaster.com/joe-bonamassa-louisville-kentucky-02-17-2027/event/160064D6D843ADCD,2027-02-17,20:00:00,America/New_York,onsale,KY,Louisville,KovZpZAEk6tA,The Louisville Palace,38.24813890,-85.75800340,Music,Blues,Blues,K8vZ91751-V,Joe Bonamassa,LIVE NATION MUSIC,,,
1ApZkf_Gkd_0Wqn,Jack's Lantern Trail,https://www.ticketmaster.com/jacks-lantern-trail-louisville-kentucky-10-10-2026/event/16006519D993D76A,2026-10-10,,America/New_York,onsale,KY,Louisville,KovZpZAaIFkA,Iroquois Amphitheater,38.16010570,-85.77955520,Arts & Theatre,Spectacular,Spectacular,K8vZ917QJA0,Jack's Lantern Trail,PROMOTED BY VENUE,,,
1ApZkf_Gkd_Qujb,Jack's Lantern Trail,https://www.ticketmaster.com/jacks-lantern-trail-louisville-kentucky-10-01-2026/event/16006519D968D718,2026-10-01,,America/New_York,onsale,KY,Louisville,KovZpZAaIFkA,Iroquois Amphitheater,38.16010570,-85.77955520,Arts & Theatre,Spectacular,Spectacular,K8vZ917QJA0,Jack's Lantern Trail,PROMOTED BY VENUE,,,
1ApZkf_Gkd_hqj0,Jack's Lantern Trail,https://www.ticketmaster.com/jacks-lantern-trail-louisville-kentucky-10-02-2026/event/16006519D96DD724,2026-10-02,,America/New_York,onsale,KY,Louisville,KovZpZAaIFkA,Iroquois Amphitheater,38.16010570,-85.77955520,Arts & Theatre,Spectacular,Spectacular,K8vZ917QJA0,Jack's Lantern Trail,PROMOTED BY VENUE,,,
1ApZkf_Gkd_VWL4,Jack's Lantern Trail,https://www.ticketmaster.com/jacks-lantern-trail-louisville-kentucky-10-24-2026/event/16006519D9D3D7D5,2026-10-24,,America/New_York,onsale,KY,Louisville,KovZpZAaIFkA,Iroquois Amphitheater,38.16010570,-85.77955520,Arts & Theatre,Spectacular,Spectacular,K8vZ917QJA0,Jack's Lantern Trail,PROMOTED BY VENUE,,,
1ApZkf_Gkd_NWqx,Jack's Lantern Trail,https://www.ticketmaster.com/jacks-lantern-trail-louisville-kentucky-10-09-2026/event/16006519D98FD762,2026-10-09,,America/New_York,onsale,KY,Louisville,KovZpZAaIFkA,Iroquois Amphitheater,38.16010570,-85.77955520,Arts & Theatre,Spectacular,Spectacular,K8vZ917QJA0,Jack's Lantern Trail,PROMOTED BY VENUE,,,
1ApZkf_Gkd_iurp,Jack's Lantern Trail,https://www.ticketmaster.com/jacks-lantern-trail-louisville-kentucky-10-16-2026/event/16006519D9B0D796,2026-10-16,,America/New_York,onsale,KY,Louisville,KovZpZAaIFkA,Iroquois Amphitheater,38.16010570,-85.77955520,Arts & Theatre,Spectacular,Spectacular,K8vZ917QJA0,Jack's Lantern Trail,PROMOTED BY VENUE,,,
1ApZkf_Gkd_qWjg,Jack's Lantern Trail,https://www.ticketmaster.com/jacks-lantern-trail-louisville-kentucky-10-04-2026/event/16006519D977D735,2026-10-04,,America/New_York,onsale,KY,Louisville,KovZpZAaIFkA,Iroquois Amphitheater,38.16010570,-85.77955520,Arts & Theatre,Spectacular,Spectacular,K8vZ917QJA0,Jack's Lantern Trail,PROMOTED BY VENUE,,,
1ApZkf_Gkd_Juqg,Jack's Lantern Trail,https://www.ticketmaster.com/jacks-lantern-trail-louisville-kentucky-10-11-2026/event/16006519D998D775,2026-10-11,,America/New_York,onsale,KY,Louisville,KovZpZAaIFkA,Iroquois Amphitheater,38.16010570,-85.77955520,Arts & Theatre,Spectacular,Spectacular,K8vZ917QJA0,Jack's Lantern Trail,PROMOTED BY VENUE,,,
1ApZkf_Gkd_BcLz,Jack's Lantern Trail,https://www.ticketmaster.com/jacks-lantern-trail-louisville-kentucky-10-29-2026/event/16006519D9EAD7F8,2026-10-29,,America/New_York,onsale,KY,Louisville,KovZpZAaIFkA,Iroquois Amphitheater,38.16010570,-85.77955520,Arts & Theatre,Spectacular,Spectacular,K8vZ917QJA0,Jack's Lantern Trail,PROMOTED BY VENUE,,,
1ApZkf_Gkd_xcqr,Jack's Lantern Trail,https://www.ticketmaster.com/jacks-lantern-trail-louisville-kentucky-10-08-2026/event/16006519D98AD75E,2026-10-08,,America/New_York,onsale,KY,Louisville,KovZpZAaIFkA,Iroquois Amphitheater,38.16010570,-85.77955520,Arts & Theatre,Spectacular,Spectacular,K8vZ917QJA0,Jack's Lantern Trail,PROMOTED BY VENUE,,,
1ApZkf_Gkd_SWLC,Jack's Lantern Trail,https://www.ticketmaster.com/jacks-lantern-trail-louisville-kentucky-10-23-2026/event/16006519D9CFD7CE,2026-10-23,,America/New_York,onsale,KY,Louisville,KovZpZAaIFkA,Iroquois Amphitheater,38.16010570,-85.77955520,Arts & Theatre,Spectacular,Spectacular,K8vZ917QJA0,Jack's Lantern Trail,PROMOTED BY VENUE,,,
1ApZkf_Gkd_OuqG,Jack's Lantern Trail,https://www.ticketmaster.com/jacks-lantern-trail-louisville-kentucky-10-06-2026/event/16006519D980D74C,2026-10-06,,America/New_York,onsale,KY,Louisville,KovZpZAaIFkA,Iroquois Amphitheater,38.16010570,-85.77955520,Arts & Theatre,Spectacular,Spectacular,K8vZ917QJA0,Jack's Lantern Trail,PROMOTED BY VENUE,,,
1ApZkf_Gkd_mur0,Jack's Lantern Trail,https://www.ticketmaster.com/jacks-lantern-trail-louisville-kentucky-10-18-2026/event/16006519D9B8D7A4,2026-10-18,,America/New_York,onsale,KY,Louisville,KovZpZAaIFkA,Iroquois Amphitheater,38.16010570,-85.77955520,Arts & Theatre,Spectacular,Spectacular,K8vZ917QJA0,Jack's Lantern Trail,PROMOTED BY VENUE,,,
1ApZkf_Gkd_LujW,Jack's Lantern Trail,https://www.ticketmaster.com/jacks-lantern-trail-louisville-kentucky-10-05-2026/event/16006519D97CD73D,2026-10-05,,America/New_York,onsale,KY,Louisville,KovZpZAaIFkA,Iroquois Amphitheater,38.16010570,-85.77955520,Arts & Theatre,Spectacular,Spectacular,K8vZ917QJA0,Jack's Lantern Trail,PROMOTED BY VENUE,,,
1ApZkf_Gkd_DWLB,Jack's Lantern Trail,https://www.ticketmaster.com/jacks-lantern-trail-louisville-kentucky-10-30-2026/event/16006519D9EFD7FA,2026-10-30,,America/New_York,onsale,KY,Louisville,KovZpZAaIFkA,Iroquois Amphitheater,38.16010570,-85.77955520,Arts & Theatre,Spectacular,Spectacular,K8vZ917QJA0,Jack's Lantern Trail,PROMOTED BY VENUE,,,
1ApZkf_Gkd_EqqB,Jack's Lantern Trail,https://www.ticketmaster.com/jacks-lantern-trail-louisville-kentucky-10-12-2026/event/16006519D99DD77A,2026-10-12,,America/New_York,onsale,KY,Louisville,KovZpZAaIFkA,Iroquois Amphitheater,38.16010570,-85.77955520,Arts & Theatre,Spectacular,Spectacular,K8vZ917QJA0,Jack's Lantern Trail,PROMOTED BY VENUE,,,
1ApZkf_Gkd_nWr5,Jack's Lantern Trail,https://www.ticketmaster.com/jacks-lantern-trail-louisville-kentucky-10-15-2026/event/16006519D9ABD78B,2026-10-15,,America/New_York,onsale,KY,Louisville,KovZpZAaIFkA,Iroquois Amphitheater,38.16010570,-85.77955520,Arts & Theatre,Spectacular,Spectacular,K8vZ917QJA0,Jack's Lantern Trail,PROMOTED BY VENUE,,,
1ApZkf_Gkd_WuOv,Jack's Lantern Trail,https://www.ticketmaster.com/jacks-lantern-trail-louisville-kentucky-10-31-2026/event/16006519D9F4D801,2026-10-31,,America/New_York,onsale,KY,Louisville,KovZpZAaIFkA,Iroquois Amphitheater,38.16010570,-85.77955520,Arts & Theatre,Spectacular,Spectacular,K8vZ917QJA0,Jack's Lantern Trail,PROMOTED BY VENUE,,,
1ApZkf_Gkd_IcqX,Jack's Lantern Trail,https://www.ticketmaster.com/jacks-lantern-trail-louisville-kentucky-10-13-2026/event/16006519D9A2D77E,2026-10-13,,America/New_York,onsale,KY,Louisville,KovZpZAaIFkA,Iroquois Amphitheater,38.16010570,-85.77955520,Arts & Theatre,Spectacular,Spectacular,K8vZ917QJA0,Jack's Lantern Trail,PROMOTED BY VENUE,,,
1ApZkf_Gkd_tcrF,Jack's Lantern Trail,https://www.ticketmaster.com/jacks-lantern-trail-louisville-kentucky-10-14-2026/event/16006519D9A6D788,2026-10-14,,America/New_York,onsale,KY,Louisville,KovZpZAaIFkA,Iroquois Amphitheater,38.16010570,-85.77955520,Arts & Theatre,Spectacular,Spectacular,K8vZ917QJA0,Jack's Lantern Trail,PROMOTED BY VENUE,,,
1ApZkf_Gkd_wcLF,Jack's Lantern Trail,https://www.ticketmaster.com/jacks-lantern-trail-louisville-kentucky-10-22-2026/event/16006519D9CAD7C8,2026-10-22,,America/New_York,onsale,KY,Louisville,KovZpZAaIFkA,Iroquois Amphitheater,38.16010570,-85.77955520,Arts & Theatre,Spectacular,Spectacular,K8vZ917QJA0,Jack's Lantern Trail,PROMOTED BY VENUE,,,
1ApZkf_Gkd_YqrY,Jack's Lantern Trail,https://www.ticketmaster.com/jacks-lantern-trail-louisville-kentucky-10-20-2026/event/16006519D9C1D7B0,2026-10-20,,America/New_York,onsale,KY,Louisville,KovZpZAaIFkA,Iroquois Amphitheater,38.16010570,-85.77955520,Arts & Theatre,Spectacular,Spectacular,K8vZ917QJA0,Jack's Lantern Trail,PROMOTED BY VENUE,,,
1ApZkf_Gkd_Rqrt,Jack's Lantern Trail,https://www.ticketmaster.com/jacks-lantern-trail-louisville-kentucky-10-19-2026/event/16006519D9BDD7A9,2026-10-19,,America/New_York,onsale,KY,Louisville,KovZpZAaIFkA,Iroquois Amphitheater,38.16010570,-85.77955520,Arts & Theatre,Spectacular,Spectacular,K8vZ917QJA0,Jack's Lantern Trail,PROMOTED BY VENUE,,,
1ApZkf_Gkd_-qq9,Jack's Lantern Trail,https://www.ticketmaster.com/jacks-lantern-trail-louisville-kentucky-10-07-2026/event/16006519D985D757,2026-10-07,,America/New_York,onsale,KY,Louisville,KovZpZAaIFkA,Iroquois Amphitheater,38.16010570,-85.77955520,Arts & Theatre,Spectacular,Spectacular,K8vZ917QJA0,Jack's Lantern Trail,PROMOTED BY VENUE,,,
1ApZkf_Gkd_MqLI,Jack's Lantern Trail,https://www.ticketmaster.com/jacks-lantern-trail-louisville-kentucky-10-26-2026/event/16006519D9DDD7E8,2026-10-26,,America/New_York,onsale,KY,Louisville,KovZpZAaIFkA,Iroquois Amphitheater,38.16010570,-85.77955520,Arts & Theatre,Spectacular,Spectacular,K8vZ917QJA0,Jack's Lantern Trail,PROMOTED BY VENUE,,,
1ApZkf_Gkd_UuLr,Jack's Lantern Trail,https://www.ticketmaster.com/jacks-lantern-trail-louisville-kentucky-10-25-2026/event/16006519D9D8D7DE,2026-10-25,,America/New_York,onsale,KY,Louisville,KovZpZAaIFkA,Iroquois Amphitheater,38.16010570,-85.77955520,Arts & Theatre,Spectacular,Spectacular,K8vZ917QJA0,Jack's Lantern Trail,PROMOTED BY VENUE,,,
1ApZkf_Gkd_scLZ,Jack's Lantern Trail,https://www.ticketmaster.com/jacks-lantern-trail-louisville-kentucky-10-21-2026/event/16006519D9C6D7C0,2026-10-21,,America/New_York,onsale,KY,Louisville,KovZpZAaIFkA,Iroquois Amphitheater,38.16010570,-85.77955520,Arts & Theatre,Spectacular,Spectacular,K8vZ917QJA0,Jack's Lantern Trail,PROMOTED BY VENUE,,,
1ApZkf_Gkd_zqLm,Jack's Lantern Trail,https://www.ticketmaster.com/jacks-lantern-trail-louisville-kentucky-10-27-2026/event/16006519D9E1D7EE,2026-10-27,,America/New_York,onsale,KY,Louisville,KovZpZAaIFkA,Iroquois Amphitheater,38.16010570,-85.77955520,Arts & Theatre,Spectacular,Spectacular,K8vZ917QJA0,Jack's Lantern Trail,PROMOTED BY VENUE,,,
1ApZkf_Gkd_ycLV,Jack's Lantern Trail,https://www.ticketmaster.com/jacks-lantern-trail-louisville-kentucky-10-28-2026/event/16006519D9E6D7F4,2026-10-28,,America/New_York,onsale,KY,Louisville,KovZpZAaIFkA,Iroquois Amphitheater,38.16010570,-85.77955520,Arts & Theatre,Spectacular,Spectacular,K8vZ917QJA0,Jack's Lantern Trail,PROMOTED BY VENUE,,,
1ApZkf_Gkd_XuO1,Jack's Lantern Trail,https://www.ticketmaster.com/jacks-lantern-trail-louisville-kentucky-11-01-2026/event/16006519D9F8D80A,2026-11-01,,America/New_York,onsale,KY,Louisville,KovZpZAaIFkA,Iroquois Amphitheater,38.16010570,-85.77955520,Arts & Theatre,Spectacular,Spectacular,K8vZ917QJA0,Jack's Lantern Trail,PROMOTED BY VENUE,,,
1ApZkfbGkesTtPe,Jack's Lantern Trail Sensory Night,https://www.ticketmaster.com/jacks-lantern-trail-sensory-night-louisville-kentucky-10-19-2026/event/16006518B1FE9942,2026-10-19,17:30:00,America/New_York,onsale,KY,Louisville,KovZpZAaIFkA,Iroquois Amphitheater,38.16010570,-85.77955520,Arts & Theatre,Spectacular,Spectacular,K8vZ917QJA0,Jack's Lantern Trail,MISCELLANEOUS PROMOTER,,,
17AOv0G61wxv9J7,Kentucky Wildcats Football vs. Vanderbilt Commodores Football,https://www.ticketmaster.com/kentucky-wildcats-football-vs-vanderbilt-commodores-lexington-kentucky-10-24-2026/event/160064ACA2057984,2026-10-24,,America/New_York,onsale,KY,Lexington,KovZpZAEk7JA,Kroger Field,38.02182200,-84.50945700,Sports,Football,College,K8vZ9175ECV,Kentucky Wildcats Football,PROMOTED BY VENUE,,,
1kAOv0qFGA16kuD,Pixies: Presented By 91.9 WFPK,https://www.ticketmaster.com/pixies-presented-by-919-wfpk-louisville-kentucky-09-22-2026/event/160064748A1C637B,2026-09-22,19:00:00,America/New_York,onsale,KY,Louisville,KovZpZAaIFkA,Iroquois Amphitheater,38.16010570,-85.77955520,Music,Rock,Alternative Rock,K8vZ9171F7V,Pixies,MISCELLANEOUS PROMOTER,,,
17AOv0G61wxdEJG,Kentucky Wildcats Football vs. Louisville Cardinals Football,https://www.ticketmaster.com/kentucky-wildcats-football-vs-louisville-cardinals-lexington-kentucky-11-28-2026/event/160064ACA20E798C,2026-11-28,,America/New_York,onsale,KY,Lexington,KovZpZAEk7JA,Kroger Field,38.02182200,-84.50945700,Sports,Football,College,K8vZ9175ECV,Kentucky Wildcats Football,PROMOTED BY VENUE,,,
1ApZkoPGkdPMqxh,Hot Wheels Monster Trucks Live Glow-N-Fire,https://www.ticketmaster.com/hot-wheels-monster-trucks-live-glownfire-louisville-kentucky-10-17-2026/event/16006465E5DDD89B,2026-10-17,11:30:00,America/New_York,onsale,KY,Louisville,KovZpaFnje,KFC Yum! Center,38.25713000,-85.75395800,Sports,Motorsports/Racing,Motorsports/Racing,K8vZ917q7NV,Hot Wheels Monster Trucks™ Live Glow-N-Fire,PROMOTED BY VENUE,,,
1AvbZbUGkRFlD0F,Louder Than Life,https://on.fgtix.com/trk/Rm3ec,2026-09-18,12:00:00,America/New_York,offsale,KY,Louisville,KovZpa3OYe,Kentucky Expo Center,38.19299800,-85.74052300,Music,Undefined,Undefined,K8vZ9173xW7,Louder Than Life,PROMOTED BY VENUE,,,
1ApZkoPGkdPzuxr,Hot Wheels Monster Trucks Live Glow-N-Fire,https://www.ticketmaster.com/hot-wheels-monster-trucks-live-glownfire-louisville-kentucky-10-17-2026/event/16006465E5E0D89E,2026-10-17,18:30:00,America/New_York,onsale,KY,Louisville,KovZpaFnje,KFC Yum! Center,38.25713000,-85.75395800,Sports,Motorsports/Racing,Motorsports/Racing,K8vZ917q7NV,Hot Wheels Monster Trucks™ Live Glow-N-Fire,PROMOTED BY VENUE,,,
1ApZkoPGkdPzWx-,Hot Wheels Monster Trucks Live Glow-N-Fire,https://www.ticketmaster.com/hot-wheels-monster-trucks-live-glownfire-louisville-kentucky-10-18-2026/event/16006465E5E3D8A1,2026-10-18,13:30:00,America/New_York,onsale,KY,Louisville,KovZpaFnje,KFC Yum! Center,38.25713000,-85.75395800,Sports,Motorsports/Racing,Motorsports/Racing,K8vZ917q7NV,Hot Wheels Monster Trucks™ Live Glow-N-Fire,PROMOTED BY VENUE,,,
17AOv0G6CBE0p-o,Louisville Cardinals Women's Volleyball vs. Georgia Tech Yellow Jackets Women's Volleyball,https://www.ticketmaster.com/louisville-cardinals-womens-volleyball-vs-georgia-louisville-kentucky-11-01-2026/event/160064EEA7916851,2026-11-01,12:00:00,America/New_York,onsale,KY,Louisville,KovZpaFnje,KFC Yum! Center,38.25713000,-85.75395800,Sports,Volleyball,Volleyball,K8vZ91712V7,Louisville Cardinals Women's Volleyball,PROMOTED BY VENUE,,,
1ApZkfYGkdkOzNc,Louisville Cardinals Men's Basketball vs. Mercyhurst Lakers Mens Basketball,https://www.ticketmaster.com/louisville-cardinals-mens-basketball-vs-mercyhurst-louisville-kentucky-10-28-2026/event/16006530C68388ED,2026-10-28,,America/New_York,offsale,KY,Louisville,KovZpaFnje,KFC Yum! Center,38.25713000,-85.75395800,Sports,Basketball,College,K8vZ9171rY0,Louisville Cardinals Men's Basketball,PROMOTED BY VENUE,,,
1ApZkfYGkdk-zNs,Louisville Cardinals Men's Basketball vs. Chattanooga Mocs Men's Basketball,https://www.ticketmaster.com/louisville-cardinals-mens-basketball-vs-chattanooga-louisville-kentucky-11-02-2026/event/16006530C68788F1,2026-11-02,,America/New_York,offsale,KY,Louisville,KovZpaFnje,KFC Yum! Center,38.25713000,-85.75395800,Sports,Basketball,College,K8vZ9171rY0,Louisville Cardinals Men's Basketball,PROMOTED BY VENUE,,,
1ApZkfYGkd62zJ0,Louisville Cardinals Men's Basketball vs. Morehead State Eagles Mens Basketball,https://www.ticketmaster.com/louisville-cardinals-mens-basketball-vs-morehead-louisville-kentucky-11-07-2026/event/16006530C73F89A4,2026-11-07,,America/New_York,offsale,KY,Louisville,KovZpaFnje,KFC Yum! Center,38.25713000,-85.75395800,Sports,Basketball,College,K8vZ9171rY0,Louisville Cardinals Men's Basketball,PROMOTED BY VENUE,,,
1ApZkfYGkd68IJn,Louisville Cardinals Men's Basketball vs. Stetson Hatters Mens Basketball,https://www.ticketmaster.com/louisville-cardinals-mens-basketball-vs-stetson-louisville-kentucky-11-19-2026/event/16006530C74289AA,2026-11-19,,America/New_York,offsale,KY,Louisville,KovZpaFnje,KFC Yum! Center,38.25713000,-85.75395800,Sports,Basketball,College,K8vZ9171rY0,Louisville Cardinals Men's Basketball,PROMOTED BY VENUE,,,
1ApZkfYGkd6ozJR,Louisville Cardinals Men's Basketball vs. University of Texas Longhorns Men's Basketball,https://www.ticketmaster.com/louisville-cardinals-mens-basketball-vs-university-louisville-kentucky-12-01-2026/event/16006530C74789AF,2026-12-01,,America/New_York,offsale,KY,Louisville,KovZpaFnje,KFC Yum! Center,38.25713000,-85.75395800,Sports,Basketball,College,K8vZ9171rY0,Louisville Cardinals Men's Basketball,PROMOTED BY VENUE,,,
1ApZkfYGkd63IJV,Louisville Cardinals Men's Basketball,https://www.ticketmaster.com/louisville-cardinals-mens-basketball-louisville-kentucky-12-16-2026/event/16006530C74A89B4,2026-12-16,,America/New_York,offsale,KY,Louisville,KovZpaFnje,KFC Yum! Center,38.25713000,-85.75395800,Sports,Basketball,College,K8vZ9171rY0,Louisville Cardinals Men's Basketball,PROMOTED BY VENUE,,,
1ApZkfYGkd6KIEv,Louisville Cardinals Men's Basketball vs. Eastern Michigan Eagles Men's Basketball,https://www.ticketmaster.com/louisville-cardinals-mens-basketball-vs-eastern-louisville-kentucky-12-19-2026/event/16006530C74E89C1,2026-12-19,,America/New_York,offsale,KY,Louisville,KovZpaFnje,KFC Yum! Center,38.25713000,-85.75395800,Sports,Basketball,College,K8vZ9171rY0,Louisville Cardinals Men's Basketball,PROMOTED BY VENUE,,,
1ApZkfYGkd6fbEA,Louisville Cardinals Men's Basketball vs. Stanford Cardinal Mens Basketball,https://www.ticketmaster.com/louisville-cardinals-mens-basketball-vs-stanford-louisville-kentucky-01-02-2027/event/16006530C75189C5,2027-01-02,,America/New_York,offsale,KY,Louisville,KovZpaFnje,KFC Yum! Center,38.25713000,-85.75395800,Sports,Basketball,College,K8vZ9171rY0,Louisville Cardinals Men's Basketball,PROMOTED BY VENUE,,,
1ApZkfYGkd64bE5,Louisville Cardinals Men's Basketball vs. North Carolina Tar Heels Men's Basketball,https://www.ticketmaster.com/louisville-cardinals-mens-basketball-vs-north-louisville-kentucky-01-05-2027/event/16006530C75589CB,2027-01-05,,America/New_York,offsale,KY,Louisville,KovZpaFnje,KFC Yum! Center,38.25713000,-85.75395800,Sports,Basketball,College,K8vZ9171rY0,Louisville Cardinals Men's Basketball,PROMOTED BY VENUE,,,
1ApZkfYGkd6pFE8,Louisville Cardinals Men's Basketball vs. California Golden Bears Mens Basketball,https://www.ticketmaster.com/louisville-cardinals-mens-basketball-vs-california-louisville-kentucky-01-13-2027/event/16006530C75889D0,2027-01-13,,America/New_York,offsale,KY,Louisville,KovZpaFnje,KFC Yum! Center,38.25713000,-85.75395800,Sports,Basketball,College,K8vZ9171rY0,Louisville Cardinals Men's Basketball,PROMOTED BY VENUE,,,
1ApZkfYGkd69bEK,Louisville Cardinals Men's Basketball vs. Miami Hurricanes Men's Basketball,https://www.ticketmaster.com/louisville-cardinals-mens-basketball-vs-miami-louisville-kentucky-01-19-2027/event/16006530C75D89D3,2027-01-19,,America/New_York,offsale,KY,Louisville,KovZpaFnje,KFC Yum! Center,38.25713000,-85.75395800,Sports,Basketball,College,K8vZ9171rY0,Louisville Cardinals Men's Basketball,PROMOTED BY VENUE,,,
1ApZkfYGkd6bFEp,Louisville Cardinals Men's Basketball vs. Pittsburgh Panthers Men's Basketball,https://www.ticketmaster.com/louisville-cardinals-mens-basketball-vs-pittsburgh-louisville-kentucky-02-02-2027/event/16006530C76089D6,2027-02-02,,America/New_York,offsale,KY,Louisville,KovZpaFnje,KFC Yum! Center,38.25713000,-85.75395800,Sports,Basketball,College,K8vZ9171rY0,Louisville Cardinals Men's Basketball,PROMOTED BY VENUE,,,
1ApZkfYGkd6_FEQ,Louisville Cardinals Men's Basketball vs. Wake Forest Demon Deacons Mens Basketball,https://www.ticketmaster.com/louisville-cardinals-mens-basketball-vs-wake-louisville-kentucky-02-06-2027/event/16006530C76489DA,2027-02-06,,America/New_York,offsale,KY,Louisville,KovZpaFnje,KFC Yum! Center,38.25713000,-85.75395800,Sports,Basketball,College,K8vZ9171rY0,Louisville Cardinals Men's Basketball,PROMOTED BY VENUE,,,
1ApZkfYGkd6_zEO,Louisville Cardinals Men's Basketball vs. SMU Mustangs Mens Basketball,https://www.ticketmaster.com/louisville-cardinals-mens-basketball-vs-smu-louisville-kentucky-02-13-2027/event/16006530C76789E0,2027-02-13,,America/New_York,offsale,KY,Louisville,KovZpaFnje,KFC Yum! Center,38.25713000,-85.75395800,Sports,Basketball,College,K8vZ9171rY0,Louisville Cardinals Men's Basketball,PROMOTED BY VENUE,,,
1ApZkfYGkd6QIEU,Louisville Cardinals Men's Basketball vs. Duke Blue Devils Men's Basketball,https://www.ticketmaster.com/louisville-cardinals-mens-basketball-vs-duke-louisville-kentucky-02-24-2027/event/16006530C76A89F6,2027-02-24,,America/New_York,offsale,KY,Louisville,KovZpaFnje,KFC Yum! Center,38.25713000,-85.75395800,Sports,Basketball,College,K8vZ9171rY0,Louisville Cardinals Men's Basketball,PROMOTED BY VENUE,,,
1ApZkfYGkd6hbEB,Louisville Cardinals Men's Basketball vs. Clemson University Tigers Men's Basketball,https://www.ticketmaster.com/louisville-cardinals-mens-basketball-vs-clemson-louisville-kentucky-03-06-2027/event/16006530C76D89FA,2027-03-06,,America/New_York,offsale,KY,Louisville,KovZpaFnje,KFC Yum! Center,38.25713000,-85.75395800,Sports,Basketball,College,K8vZ9171rY0,Louisville Cardinals Men's Basketball,PROMOTED BY VENUE,,,
17AOv0G6CBEPJ-p,Louisville Cardinals Women's Volleyball vs. SMU Mustangs Womens Volleyball,https://www.ticketmaster.com/louisville-cardinals-womens-volleyball-vs-smu-louisville-kentucky-11-28-2026/event/160064EEA7966856,2026-11-28,13:00:00,America/New_York,onsale,KY,Louisville,KovZpaFnje,KFC Yum! Center,38.25713000,-85.75395800,Sports,Volleyball,Volleyball,K8vZ91712V7,Louisville Cardinals Women's Volleyball,PROMOTED BY VENUE,,,
17AOv0G6CiPG-ng,The Best of Steve Martin & Martin Short,https://www.ticketmaster.com/the-best-of-steve-martin-martin-louisville-kentucky-01-29-2027/event/160064EB25321AB5,2027-01-29,20:00:00,America/New_York,onsale,KY,Louisville,KovZpZAEk6tA,The Louisville Palace,38.24813890,-85.75800340,Arts & Theatre,Comedy,Comedy,K8vZ917Cjj7,Steve Martin & Martin Short,LIVE NATION MUSIC,,,
Z7r9jZ1A70f_w,Journey,https://www.ticketmaster.com/event/Z7r9jZ1A70f_w,2026-10-22,19:30:00,,onsale,KY,Louisville,ZFr9jZFa6v,KFC Yum! Center,38.253601000,-85.749802000,Music,Rock,Classic Rock,K8vZ91712F0,Journey,,,,
17AOv0G6CWacwRo,Derek Hough Dance For The Holidays,https://www.ticketmaster.com/derek-hough-dance-for-the-holidays-louisville-kentucky-12-22-2026/event/160064EF49B72BD1,2026-12-22,20:00:00,America/New_York,onsale,KY,Louisville,KovZpZAEk6tA,The Louisville Palace,38.24813890,-85.75800340,Arts & Theatre,Dance,Dance,K8vZ9179G5f,Derek Hough,LIVE NATION MUSIC,,,
1AvbZ_oGkR5zGDB,2026 Kentucky Wildcats Football Blue & White Memories,https://www.gofevo.com/group/2026BlueAndWhiteMemoriesFB,2026-11-28,13:00:00,America/New_York,onsale,KY,Lexington,KovZpZAEk7JA,Kroger Field,38.02182200,-84.50945700,Sports,Football,College,K8vZ917-hwV,Kentucky Wildcats Football Blue & White Memories,PROMOTED BY VENUE,,,
1ApZkoyGkdllqCK,NUTCRACKER! Magical Christmas Ballet,https://www.ticketmaster.com/nutcracker-magical-christmas-ballet-louisville-kentucky-12-08-2026/event/16006479EBADD393,2026-12-08,19:00:00,America/New_York,onsale,KY,Louisville,KovZpZAEk6tA,The Louisville Palace,38.24813890,-85.75800340,Arts & Theatre,Dance,Dance,K8vZ9178k80,NUTCRACKER! Magical Christmas Ballet,LIVE NATION MUSIC,,,
1ApZk3bGkdSqNAk,Morrissey,https://www.ticketmaster.com/morrissey-louisville-kentucky-10-21-2026/event/16006498F3763146,2026-10-21,20:00:00,America/New_York,onsale,KY,Louisville,KovZpZAEk6tA,The Louisville Palace,38.24813890,-85.75800340,Music,Pop,Electro Pop,K8vZ9171Fvf,Morrissey,LIVE NATION MUSIC,,,
Z7r9jZ1A7-0Ja,Foreigner,https://www.ticketmaster.com/event/Z7r9jZ1A7-0Ja,2026-09-26,19:00:00,,onsale,KY,Beaver Dam,Z7r9jZadp8,Beaver Dam Amphitheater,37.355900000,-86.874702000,Music,Rock,Classic Rock,K8vZ9171CG7,Foreigner,,,,
1ApZkobGkdd_mSt,Koe Wetzel: The Night Champion World Tour,https://www.ticketmaster.com/koe-wetzel-the-night-champion-world-pikeville-kentucky-09-24-2026/event/16006458C366ECE9,2026-09-24,18:45:00,America/New_York,onsale,KY,Pikeville,KovZpa3-Ce,Appalachian Wireless Arena (Formerly Eastern Kentucky Expo Ctr),37.48166900,-82.51509200,Music,Country,Country,K8vZ917pldV,Koe Wetzel,AEG LIVE,,,
1AvbZbUGkRallIZ,Louder Than Life,https://on.fgtix.com/trk/Rm3ec,2026-09-20,12:00:00,America/New_York,onsale,KY,Louisville,KovZpa3OYe,Kentucky Expo Center,38.19299800,-85.74052300,Music,Undefined,Undefined,K8vZ9173xW7,Louder Than Life,PROMOTED BY VENUE,,,
1ApZkfIGkdnjcls,Big Blue Madness,https://www.ticketmaster.com/big-blue-madness-lexington-kentucky-10-02-2026/event/16006528EA72DAF1,2026-10-02,19:00:00,America/New_York,onsale,KY,Lexington,KovZpZAFa6lA,Rupp Arena,38.04914800,-84.50103770,Sports,Basketball,College,K8vZ9171O7V,Kentucky Wildcats Men's Basketball,PROMOTED BY VENUE,,,
1AvbZ_8GkUuWAkY,Alabama Live In Concert,https://www.ticketmaster.com/alabama-live-in-concert-highland-heights-kentucky-10-11-2026/event/1600650D8DF451B0,2026-10-11,19:00:00,America/New_York,onsale,KY,Highland Heights,KovZpZAE7EvA,Truist Arena,39.03323770,-84.46045850,Music,Country,Country,K8vZ9171FG0,Alabama,OUTBACK CONCERTS,,,
17AOv0G61HG6jlp,Matt Mathews: Not What I Ordered World Tour,https://www.ticketmaster.com/matt-mathews-not-what-i-ordered-pikeville-kentucky-11-07-2026/event/160064AF0C1DCAD6,2026-11-07,20:00:00,America/New_York,onsale,KY,Pikeville,KovZpa3-Ce,Appalachian Wireless Arena (Formerly Eastern Kentucky Expo Ctr),37.48166900,-82.51509200,Arts & Theatre,Comedy,Comedy,K8vZ917hCO7,Matt Mathews,LIVE NATION MUSIC,,,
1AvbZ_oGkyvrW-Y,Matt Mathews: Not What I Ordered World Tour,https://www.ticketmaster.com/matt-mathews-not-what-i-ordered-pikeville-kentucky-11-07-2026/event/1600651E417BD870,2026-11-07,16:00:00,America/New_York,onsale,KY,Pikeville,KovZpa3-Ce,Appalachian Wireless Arena (Formerly Eastern Kentucky Expo Ctr),37.48166900,-82.51509200,Arts & Theatre,Comedy,Comedy,K8vZ917hCO7,Matt Mathews,LIVE NATION MUSIC,,,
17AOv0G65waVAp9,Louisville Cardinals Football vs. SMU Mustangs Football,https://www.ticketmaster.com/louisville-cardinals-football-vs-smu-mustangs-louisville-kentucky-09-19-2026/event/160064BC89D05597,2026-09-19,15:30:00,America/New_York,onsale,KY,Louisville,KovZpZAFklJA,L&N Federal Credit Union Stadium,38.20424500,-85.75691700,Sports,Football,College,K8vZ9171JPV,Louisville Cardinals Football,PROMOTED BY VENUE,,,
17AOv0G655efn86,RuPaul's Drag Race Werq The World 2027 Tour,https://www.ticketmaster.com/rupauls-drag-race-werq-the-world-louisville-kentucky-03-31-2027/event/160064B2C252A407,2027-03-31,20:00:00,America/New_York,onsale,KY,Louisville,KovZpZAEk6tA,The Louisville Palace,38.24813890,-85.75800340,Arts & Theatre,Performance Art,Performance Art,K8vZ917Qiff,RuPaul's Drag Race Werq the World Tour,LIVE NATION MUSIC,,,
17AOv0G652nDTJ_,Clint Black & Midland - Live in Concert: 8 Nights Only,https://www.ticketmaster.com/clint-black-midland-live-in-concert-louisville-kentucky-10-15-2026/event/160064B3EAEFF999,2026-10-15,19:00:00,America/New_York,onsale,KY,Louisville,KovZpZAEk6tA,The Louisville Palace,38.24813890,-85.75800340,Music,Country,Country,K8vZ9171F20,Clint Black,LIVE NATION MUSIC,,,
1AvbZ_8GkMesQ6y,Bluey's Big Play,https://www.ticketmaster.com/blueys-big-play-louisville-kentucky-03-13-2027/event/1600650DC2C5A1F9,2027-03-13,11:00:00,America/New_York,onsale,KY,Louisville,KovZpZAEk6tA,The Louisville Palace,38.24813890,-85.75800340,Arts & Theatre,Children's Theatre,Children's Theatre,K8vZ917bs90,Bluey's Big Play,LIVE NATION MUSIC,,,
1AvbZ_AGknB3H_2,The Temptations & The Four Tops,https://www.ticketmaster.com/the-temptations-the-four-tops-louisville-kentucky-10-10-2026/event/1600645ABA4BC64F,2026-10-10,20:00:00,America/New_York,onsale,KY,Louisville,KovZpZAEk6tA,The Louisville Palace,38.24813890,-85.75800340,Music,R&B,R&B,K8vZ91724cV,The Temptations & The Four Tops,LIVE NATION MUSIC,,,
1AvbZ_8GkMemn6_,Bluey's Big Play,https://www.ticketmaster.com/blueys-big-play-louisville-kentucky-03-13-2027/event/1600650DC2BAA1D9,2027-03-13,14:00:00,America/New_York,onsale,KY,Louisville,KovZpZAEk6tA,The Louisville Palace,38.24813890,-85.75800340,Arts & Theatre,Children's Theatre,Children's Theatre,K8vZ917bs90,Bluey's Big Play,LIVE NATION MUSIC,,,
1AvbZ_8GkMeUBat,Bluey's Big Play,https://www.ticketmaster.com/blueys-big-play-louisville-kentucky-03-14-2027/event/1600650DC2DBA269,2027-03-14,11:00:00,America/New_York,onsale,KY,Louisville,KovZpZAEk6tA,The Louisville Palace,38.24813890,-85.75800340,Arts & Theatre,Children's Theatre,Children's Theatre,K8vZ917bs90,Bluey's Big Play,LIVE NATION MUSIC,,,
1AvbZ_8GkMeV1FX,Bluey's Big Play,https://www.ticketmaster.com/blueys-big-play-louisville-kentucky-03-14-2027/event/1600650DC2D0A23E,2027-03-14,14:00:00,America/New_York,onsale,KY,Louisville,KovZpZAEk6tA,The Louisville Palace,38.24813890,-85.75800340,Arts & Theatre,Children's Theatre,Children's Theatre,K8vZ917bs90,Bluey's Big Play,LIVE NATION MUSIC,,,
17AOv0G61S3HD1g,Sonic Live in Concert,https://www.ticketmaster.com/sonic-live-in-concert-louisville-kentucky-10-17-2026/event/160064ACD2F3B2B5,2026-10-17,20:00:00,America/New_York,onsale,KY,Louisville,KovZpZAEk6tA,The Louisville Palace,38.24813890,-85.75800340,Arts & Theatre,Classical,Symphonic,K8vZ917h9W0,Sonic Live in Concert,LIVE NATION MUSIC,,,
17AOv0G6GwbMUI-,Sesame Street Live! Elmo's Got the Moves,https://www.ticketmaster.com/sesame-street-live-elmos-got-the-lexington-kentucky-10-29-2026/event/160064CC98DF6A21,2026-10-29,18:00:00,America/New_York,onsale,KY,Lexington,KovZpZAFkFtA,Lexington Opera House,38.04950180,-84.49914890,Arts & Theatre,Children's Theatre,Children's Theatre,K8vZ9171o77,Sesame Street Live,MISCELLANEOUS PROMOTER,,,
17AOv0G65Y5xCB9,The Rocky Horror Picture Show Spooktacular Tour Starring Nell Campbell,https://www.ticketmaster.com/the-rocky-horror-picture-show-spooktacular-louisville-kentucky-10-03-2026/event/160064BC0B88EE97,2026-10-03,20:00:00,America/New_York,onsale,KY,Louisville,KovZpZAEk6tA,The Louisville Palace,38.24813890,-85.75800340,Film,Music,Music,K8vZ9171hSf,The Rocky Horror Picture Show,LIVE NATION MUSIC,,,
17AOv0G6ChhQy2A,Tauren Wells - Air1 Worship Now Tour,https://www.ticketmaster.com/tauren-wells-air1-worship-now-tour-louisville-kentucky-10-16-2026/event/160064E6DB6B93C5,2026-10-16,19:00:00,America/New_York,onsale,KY,Louisville,KovZpZAEk6tA,The Louisville Palace,38.24813890,-85.75800340,Music,Pop,Electro Pop,K8vZ9174GcV,Tauren Wells,LIVE NATION MUSIC,,,
1ApZk8JGkdiN115,Jim Henson's Labyrinth: In Concert 40th Anniversary pres by 91.9 WFPK ,https://www.ticketmaster.com/jim-hensons-labyrinth-in-concert-40th-louisville-kentucky-11-19-2026/event/16006426EC8CA28B,2026-11-19,20:00:00,America/New_York,onsale,KY,Louisville,KovZpZAEk6tA,The Louisville Palace,38.24813890,-85.75800340,Film,Family,Miscellaneous,K8vZ9173qL0,Jim Henson's Labyrinth,LIVE NATION MUSIC,,,
17AOv0G6CEUvaBk,Cirque Musica Holiday Wonderland,https://www.ticketmaster.com/cirque-musica-holiday-wonderland-louisville-kentucky-12-15-2026/event/160064E9F6049E86,2026-12-15,19:00:00,America/New_York,onsale,KY,Louisville,KovZpZAEk6tA,The Louisville Palace,38.24813890,-85.75800340,Arts & Theatre,Performance Art,Performance Art,K8vZ9179pE7,Cirque Musica Holiday Wonderland,LIVE NATION MUSIC,,,
17AOv0G629rlldO,Jodeci - 35th Anniversary Tour of Forever My Lady,https://www.ticketmaster.com/jodeci-35th-anniversary-tour-of-forever-louisville-kentucky-11-22-2026/event/160064F5DEAEB0E0,2026-11-22,20:00:00,America/New_York,onsale,KY,Louisville,KovZpZAEk6tA,The Louisville Palace,38.24813890,-85.75800340,Music,R&B,R&B,K8vZ91711H7,Jodeci,LIVE NATION MUSIC,,,
LvZ18QnlnEqLPcQz4PCiG,"Jurassic Quest – Louisville, KY | Kentucky Expo Center",https://www.universe.com/events/jurassic-quest-louisville-ky-kentucky-expo-center-tickets-9KHCXM?ref=ticketmaster,2027-01-08,13:00:00,America/Kentucky/Louisville,onsale,KY,Louisville,KovZpa3OYe,Kentucky Expo Center,38.19299800,-85.74052300,Miscellaneous,Fairs & Festivals,Fairs & Festivals,K8vZ9174Tx0,Jurassic Quest,,,,
LvZ18QnlnEqLPcQz4PCiu,"Jurassic Quest – Louisville, KY | Kentucky Expo Center",https://www.universe.com/events/jurassic-quest-louisville-ky-kentucky-expo-center-tickets-9KHCXM?ref=ticketmaster,2027-01-08,15:00:00,America/Kentucky/Louisville,onsale,KY,Louisville,KovZpa3OYe,Kentucky Expo Center,38.19299800,-85.74052300,Miscellaneous,Fairs & Festivals,Fairs & Festivals,K8vZ9174Tx0,Jurassic Quest,,,,
LvZ18QnlnEqLPcQz4PCi3,"Jurassic Quest – Louisville, KY | Kentucky Expo Center",https://www.universe.com/events/jurassic-quest-louisville-ky-kentucky-expo-center-tickets-9KHCXM?ref=ticketmaster,2027-01-09,12:00:00,America/Kentucky/Louisville,onsale,KY,Louisville,KovZpa3OYe,Kentucky Expo Center,38.19299800,-85.74052300,Miscellaneous,Fairs & Festivals,Fairs & Festivals,K8vZ9174Tx0,Jurassic Quest,,,,
LvZ18QnlnEqLPcQz4PCi8,"Jurassic Quest – Louisville, KY | Kentucky Expo Center",https://www.universe.com/events/jurassic-quest-louisville-ky-kentucky-expo-center-tickets-9KHCXM?ref=ticketmaster,2027-01-09,08:00:00,America/Kentucky/Louisville,onsale,KY,Louisville,KovZpa3OYe,Kentucky Expo Center,38.19299800,-85.74052300,Miscellaneous,Fairs & Festivals,Fairs & Festivals,K8vZ9174Tx0,Jurassic Quest,,,,
LvZ18QnlnEqLPcQz4PCiK,"Jurassic Quest – Louisville, KY | Kentucky Expo Center",https://www.universe.com/events/jurassic-quest-louisville-ky-kentucky-expo-center-tickets-9KHCXM?ref=ticketmaster,2027-01-09,15:00:00,America/Kentucky/Louisville,onsale,KY,Louisville,KovZpa3OYe,Kentucky Expo Center,38.19299800,-85.74052300,Miscellaneous,Fairs & Festivals,Fairs & Festivals,K8vZ9174Tx0,Jurassic Quest,,,,
LvZ18QnlnEqLPcQz4PCif,"Jurassic Quest – Louisville, KY | Kentucky Expo Center",https://www.universe.com/events/jurassic-quest-louisville-ky-kentucky-expo-center-tickets-9KHCXM?ref=ticketmaster,2027-01-09,17:00:00,America/Kentucky/Louisville,onsale,KY,Louisville,KovZpa3OYe,Kentucky Expo Center,38.19299800,-85.74052300,Miscellaneous,Fairs & Festivals,Fairs & Festivals,K8vZ9174Tx0,Jurassic Quest,,,,
LvZ18QnlnEqLPcQz4PCio,"Jurassic Quest – Louisville, KY | Kentucky Expo Center",https://www.universe.com/events/jurassic-quest-louisville-ky-kentucky-expo-center-tickets-9KHCXM?ref=ticketmaster,2027-01-09,09:00:00,America/Kentucky/Louisville,onsale,KY,Louisville,KovZpa3OYe,Kentucky Expo Center,38.19299800,-85.74052300,Miscellaneous,Fairs & Festivals,Fairs & Festivals,K8vZ9174Tx0,Jurassic Quest,,,,
LvZ18QnlnE_K6G7lbzPr3,"Jurassic Quest – Louisville, KY | Kentucky Expo Center",https://www.universe.com/events/jurassic-quest-louisville-ky-kentucky-expo-center-tickets-9KHCXM?ref=ticketmaster,2027-01-10,13:00:00,America/Kentucky/Louisville,onsale,KY,Louisville,KovZpa3OYe,Kentucky Expo Center,38.19299800,-85.74052300,Miscellaneous,Fairs & Festivals,Fairs & Festivals,K8vZ9174Tx0,Jurassic Quest,,,,
LvZ18QnlnE_K6G7lbzPro,"Jurassic Quest – Louisville, KY | Kentucky Expo Center",https://www.universe.com/events/jurassic-quest-louisville-ky-kentucky-expo-center-tickets-9KHCXM?ref=ticketmaster,2027-01-10,09:00:00,America/Kentucky/Louisville,onsale,KY,Louisville,KovZpa3OYe,Kentucky Expo Center,38.19299800,-85.74052300,Miscellaneous,Fairs & Festivals,Fairs & Festivals,K8vZ9174Tx0,Jurassic Quest,,,,
17AOv0G6GEu-PsS,Rumours of Fleetwood Mac,https://www.ticketmaster.com/rumours-of-fleetwood-mac-louisville-kentucky-10-25-2026/event/160064C9CD865C73,2026-10-25,19:30:00,America/New_York,onsale,KY,Louisville,KovZpZAEk6tA,The Louisville Palace,38.24813890,-85.75800340,Music,Undefined,Undefined,K8vZ9175no7,Rumours of Fleetwood Mac,LIVE NATION MUSIC,,,
17AOv0G6CL-xhvd,THE STRAY CATS,https://www.ticketmaster.com/the-stray-cats-louisville-kentucky-11-17-2026/event/160064E7E189B043,2026-11-17,20:00:00,America/New_York,onsale,KY,Louisville,KovZpZAEk6tA,The Louisville Palace,38.24813890,-85.75800340,Music,Rock,Pop,K8vZ91718h0,THE STRAY CATS,LIVE NATION MUSIC,,,
1AvbZbUGkSSSXK0,Exacta Pass,https://on.fgtix.com/trk/wrJM,2026-09-17,,America/New_York,onsale,KY,Louisville,KovZpa3OYe,Kentucky Expo Center,38.19299800,-85.74052300,Music,Undefined,Undefined,K8vZ917Qp-7,Exacta Pass,PROMOTED BY VENUE,,,
1AvbZ_oGki8vIf8,Matthew West Come Home For Christmas Live On Tour,https://www.ticketmaster.com/matthew-west-come-home-for-christmas-louisville-kentucky-12-18-2026/event/1600651B10068510,2026-12-18,19:00:00,America/New_York,onsale,KY,Louisville,KovZpZAEk6tA,The Louisville Palace,38.24813890,-85.75800340,Music,Religious,Gospel,K8vZ917Gn3f,Matthew West,LIVE NATION MUSIC,,,
17AOv0G6CJpp7An,North American Championship Rodeo,https://www.ticketmaster.com/north-american-championship-rodeo-louisville-kentucky-11-14-2026/event/160064E99658416A,2026-11-14,19:00:00,America/New_York,onsale,KY,Louisville,KovZpZA6tdEA,Freedom Hall,38.11240000,-85.69296590,Sports,Rodeo,Rodeo,K8vZ9171nQ7,North American Championship Rodeo,PROMOTED BY VENUE,,,
17AOv0G6CWd0xLM,Ryan Bingham and The Texas Gentlemen - Still Gettin' Away With It Tour,https://www.ticketmaster.com/ryan-bingham-and-the-texas-gentlemen-louisville-kentucky-10-14-2026/event/160064EF439227F7,2026-10-14,20:00:00,America/New_York,onsale,KY,Louisville,KovZpZAEk6tA,The Louisville Palace,38.24813890,-85.75800340,Music,Rock,Pop,K8vZ917GaG7,Ryan Bingham,LIVE NATION MUSIC,,,
1ApZk3dGkdAYWPx,William Shatner Live On-stage with Star Trek II: The Wrath of Khan,https://www.ticketmaster.com/william-shatner-live-onstage-with-star-louisville-kentucky-10-31-2026/event/16006483C5C3D962,2026-10-31,19:30:00,America/New_York,onsale,KY,Louisville,KovZpZAEk6tA,The Louisville Palace,38.24813890,-85.75800340,Arts & Theatre,Comedy,Comedy,K8vZ9171Vz7,William Shatner,LIVE NATION MUSIC,,,
1ApZkoxGkdqTiyG,"Sawyer Brown ""The Boys And Me Live"" Tour",https://www.ticketmaster.com/sawyer-brown-the-boys-and-me-louisville-kentucky-11-14-2026/event/16006462DDFECE4C,2026-11-14,20:00:00,America/New_York,onsale,KY,Louisville,KovZpZAEk6tA,The Louisville Palace,38.24813890,-85.75800340,Music,Country,Country,K8vZ9171aof,Sawyer Brown,LIVE NATION MUSIC,,,
16pZkf-adZAu76vv,Twilight In Concert,https://www.ticketmaster.com/twilight-in-concert-louisville-kentucky-01-31-2027/event/16006521243C3600,2027-01-31,19:00:00,America/New_York,onsale,KY,Louisville,KovZpZAEk6tA,The Louisville Palace,38.24813890,-85.75800340,Music,Other,Other,K8vZ917hryf,Twilight In Concert,LIVE NATION MUSIC,,,
1ApZkoSGkdaAqns,Outlander in Concert,https://www.ticketmaster.com/outlander-in-concert-louisville-kentucky-10-13-2026/event/16006473C915DAB1,2026-10-13,20:00:00,America/New_York,onsale,KY,Louisville,KovZpZAEk6tA,The Louisville Palace,38.24813890,-85.75800340,Film,Drama,Drama,K8vZ917LqH7,Outlander in Concert,LIVE NATION MUSIC,,,
G5viZ_6xBU2V0,The Rock Orchestra By Candlelight,https://www.ticketmaster.com/the-rock-orchestra-by-candlelight-owensboro-kentucky-11-19-2026/event/1B006478BAD8FD24,2026-11-19,20:00:00,America/Chicago,onsale,KY,Owensboro,KovZ917A0We,RiverPark Center,37.77567500,-87.10938000,Music,Rock,Pop,K8vZ917hdF7,The Rock Orchestra By Candlelight,PROMOTED BY VENUE,,,
1ApZk36GkeWOaGw,The Bacon Brothers - People In The World Tour presented by 91.9 WFPK,https://www.ticketmaster.com/the-bacon-brothers-people-in-the-louisville-kentucky-06-26-2027/event/16006487BD809332,2027-06-26,20:00:00,America/New_York,rescheduled,KY,Louisville,KovZpZAEk6tA,The Louisville Palace,38.24813890,-85.75800340,Music,Country,Country,K8vZ9171_Ff,The Bacon Brothers,LIVE NATION MUSIC,,,
17AOv0G6GT48HBr,Stand By Me: The Film and Its Stars 40 Years Later,https://www.ticketmaster.com/stand-by-me-the-film-and-louisville-kentucky-11-13-2026/event/160064CFD543CE9E,2026-11-13,19:30:00,America/New_York,onsale,KY,Louisville,KovZpZAEk6tA,The Louisville Palace,38.24813890,-85.75800340,Film,Drama,Drama,K8vZ917r-w7,Stand By Me,LIVE NATION MUSIC,,,
1ApZkC8GkdZdF7O,Acoustic Jam 2026 presented by 97.5 WAMZ,https://www.ticketmaster.com/acoustic-jam-2026-presented-by-975-louisville-kentucky-12-09-2026/event/16006390C00C8120,2026-12-09,19:30:00,America/New_York,onsale,KY,Louisville,KovZpZAEk6tA,The Louisville Palace,38.24813890,-85.75800340,Music,Country,Country,K8vZ917bPfV,Acoustic Jam Louisville,LIVE NATION MUSIC,,,
1AvbZ_aGkSawinr,Blade Runner Live,https://www.ticketmaster.com/blade-runner-live-louisville-kentucky-11-05-2026/event/1600649CC9CACA9E,2026-11-05,20:00:00,America/New_York,onsale,KY,Louisville,KovZpZAEk6tA,The Louisville Palace,38.24813890,-85.75800340,Arts & Theatre,Classical,Symphonic,K8vZ917otsf,Blade Runner Live,LIVE NATION MUSIC,,,
1AvbZ_8GklmqjOz,SIX (Touring),https://www.ticketmaster.com/six-touring-lexington-kentucky-06-26-2027/event/1600650AEE75C838,2027-06-26,13:00:00,America/New_York,onsale,KY,Lexington,KovZpZAFkFtA,Lexington Opera House,38.04950180,-84.49914890,Arts & Theatre,Theatre,Musical,K8vZ917bYhV,SIX (Touring),PROMOTED BY VENUE,,,
11AOv0-yFd4zvG,Elmo's Got the Moves,https://www.ticketmaster.com/elmos-got-the-moves-ashland-kentucky-10-06-2026/event/160064879203578B,2026-10-06,18:00:00,America/New_York,onsale,KY,Ashland,KovZ917AEt7,Paramount Theater Ashland,38.48019355,-82.64292784,Arts & Theatre,Children's Theatre,Children's Theatre,K8vZ9171o77,Sesame Street Live,VENUWORKS CORPORATE,,,
1AvbZ_8GklmqiOD,SIX (Touring),https://www.ticketmaster.com/six-touring-lexington-kentucky-06-26-2027/event/1600650AEE76C83B,2027-06-26,19:30:00,America/New_York,onsale,KY,Lexington,KovZpZAFkFtA,Lexington Opera House,38.04950180,-84.49914890,Arts & Theatre,Theatre,Musical,K8vZ917bYhV,SIX (Touring),PROMOTED BY VENUE,,,
1AvbZ_8GklmrG-Z,SIX (Touring),https://www.ticketmaster.com/six-touring-lexington-kentucky-06-27-2027/event/1600650AEE78C840,2027-06-27,13:00:00,America/New_York,onsale,KY,Lexington,KovZpZAFkFtA,Lexington Opera House,38.04950180,-84.49914890,Arts & Theatre,Theatre,Musical,K8vZ917bYhV,SIX (Touring),PROMOTED BY VENUE,,,
1AvbZ_8GklmqGOS,SIX (Touring),https://www.ticketmaster.com/six-touring-lexington-kentucky-06-25-2027/event/1600650AEE74C833,2027-06-25,19:30:00,America/New_York,onsale,KY,Lexington,KovZpZAFkFtA,Lexington Opera House,38.04950180,-84.49914890,Arts & Theatre,Theatre,Musical,K8vZ917bYhV,SIX (Touring),PROMOTED BY VENUE,,,
1AvbZ_8Gklmrj-d,SIX (Touring),https://www.ticketmaster.com/six-touring-lexington-kentucky-06-27-2027/event/1600650AEE79C843,2027-06-27,18:30:00,America/New_York,onsale,KY,Lexington,KovZpZAFkFtA,Lexington Opera House,38.04950180,-84.49914890,Arts & Theatre,Theatre,Musical,K8vZ917bYhV,SIX (Touring),PROMOTED BY VENUE,,,
17AOv0G6udOjCmP,AJ McLean presents Alexander James : The Better Man Tour,https://www.ticketmaster.com/aj-mclean-presents-alexander-james-the-louisville-kentucky-11-15-2026/event/160064D0E070EBA5,2026-11-15,20:00:00,America/New_York,onsale,KY,Louisville,KovZpZAEk6tA,The Louisville Palace,38.24813890,-85.75800340,Music,Rock,Pop,K8vZ917f1-0,AJ McLean,LIVE NATION MUSIC,,,
G5viZ_Cx-Lb03,Sesame Street Live,https://www.ticketmaster.com/sesame-street-live-owensboro-kentucky-12-13-2026/event/1B0064E8A17D8912,2026-12-13,14:00:00,America/Chicago,onsale,KY,Owensboro,KovZ917A0We,RiverPark Center,37.77567500,-87.10938000,Arts & Theatre,Children's Theatre,Children's Theatre,K8vZ9171o77,Sesame Street Live,PROMOTED BY VENUE,,,
17AOv0G6CJp40AP,North American Championship Rodeo,https://www.ticketmaster.com/north-american-championship-rodeo-louisville-kentucky-11-13-2026/event/160064E996564165,2026-11-13,19:00:00,America/New_York,onsale,KY,Louisville,KovZpZA6tdEA,Freedom Hall,38.11240000,-85.69296590,Sports,Rodeo,Rodeo,K8vZ9171nQ7,North American Championship Rodeo,PROMOTED BY VENUE,,,
17AOv0G62RLdCD3,Love Actually Live in Concert,https://www.ticketmaster.com/love-actually-live-in-concert-louisville-kentucky-11-24-2026/event/160064FBDF0CEED2,2026-11-24,19:30:00,America/New_York,onsale,KY,Louisville,KovZpZAEk6tA,The Louisville Palace,38.24813890,-85.75800340,Film,Music,Music,K8vZ917bnE7,Love Actually Live in Concert,LIVE NATION MUSIC,,,
17AOv0G6C7IlPId,Magic Inc. presents Nutcracker In A Nutshell,https://www.ticketmaster.com/magic-inc-presents-nutcracker-in-a-louisville-kentucky-12-05-2026/event/160064E128AE5A03,2026-12-05,14:00:00,America/New_York,onsale,KY,Louisville,KovZpZAEk6tA,The Louisville Palace,38.24813890,-85.75800340,Arts & Theatre,Dance,Dance,K8vZ917_UFV,Magic Inc. presents Nutcracker In A Nutshell,LIVE NATION MUSIC,,,
16vbZ_3OAG7T-xs,William Shakespeare’s Romeo + Juliet Film in Concert,https://www.ticketmaster.com/william-shakespeares-romeo-juliet-film-in-louisville-kentucky-03-16-2027/event/1600652805FE18B1,2027-03-16,19:30:00,America/New_York,onsale,KY,Louisville,KovZpZAEk6tA,The Louisville Palace,38.24813890,-85.75800340,Arts & Theatre,Classical,Symphonic,K8vZ917-JZV,William Shakespeare’s Romeo + Juliet Film in Concert,LIVE NATION MUSIC,,,
17AOv0G62Ml0R5P,Third Day with very special guest Zach Williams & Scout and the Saints,https://www.ticketmaster.com/third-day-with-very-special-guest-corbin-kentucky-04-02-2027/event/160064FDEB92F2E5,2027-04-02,19:00:00,America/New_York,onsale,KY,Corbin,KovZpa4wBe,The Corbin Arena,36.94869860,-84.09687610,Music,Rock,Pop,K8vZ9171O9f,Third Day,AWAKENING EVENTS,,,
17AOv0G6Ciot2oX,Daniel In The Lions' Den featuring Queen Esther,https://www.ticketmaster.com/daniel-in-the-lions-den-featuring-louisville-kentucky-10-07-2026/event/160064EB11A4F47E,2026-10-07,18:30:00,America/New_York,onsale,KY,Louisville,KovZpZAEk6tA,The Louisville Palace,38.24813890,-85.75800340,Arts & Theatre,Theatre,Musical,K8vZ917OrPV,Daniel In The Lions' Den,LIVE NATION MUSIC,,,
G5viZ_uEPmGd_,Mannheim Steamroller Christmas,https://www.ticketmaster.com/mannheim-steamroller-christmas-owensboro-kentucky-12-16-2026/event/1B0064D9E5B8C0D9,2026-12-16,19:00:00,America/Chicago,onsale,KY,Owensboro,KovZ917A0We,RiverPark Center,37.77567500,-87.10938000,Music,New Age,New Age,K8vZ9175nZV,Mannheim Steamroller Christmas,PROMOTED BY VENUE,,,
1ApZkfIGkdtfcPJ,Cirque Alice,https://www.ticketmaster.com/cirque-alice-louisville-kentucky-02-07-2027/event/16006528E952D966,2027-02-07,16:00:00,America/New_York,onsale,KY,Louisville,KovZpZAEk6tA,The Louisville Palace,38.24813890,-85.75800340,Arts & Theatre,Circus & Specialty Acts,Circus,K8vZ917LZx0,Cirque Alice,LIVE NATION MUSIC,,,
1AvbZ_8GkRbG1Fb,The Black Jacket Symphony Presents Michael Jackson's 'Thriller',https://www.ticketmaster.com/the-black-jacket-symphony-presents-michael-lexington-kentucky-02-06-2027/event/1600650BD830A218,2027-02-06,20:00:00,America/New_York,onsale,KY,Lexington,KovZpZAFkFtA,Lexington Opera House,38.04950180,-84.49914890,Music,Rock,Pop,K8vZ917C_4f,Black Jacket Symphony,EMPORIUM PRESENTS,,,
17AOv0G6uecUypE,The Crown Live in the Ville,https://www.ticketmaster.com/the-crown-live-in-the-ville-louisville-kentucky-10-24-2026/event/160064D0ADDB95A7,2026-10-24,19:00:00,America/New_York,cancelled,KY,Louisville,KovZpZAFklJA,L&N Federal Credit Union Stadium,38.20424500,-85.75691700,Music,Hip-Hop/Rap,Trap,K8vZ9171w9f,Ludacris,PROMOTED BY VENUE,,,
1AvbZ_oGkSrPmnB,Blackberry Smoke: 25th Anniversary Tour,https://www.ticketmaster.com/blackberry-smoke-25th-anniversary-tour-lexington-kentucky-10-02-2026/event/1600651CDE96EABA,2026-10-02,19:30:00,America/New_York,onsale,KY,Lexington,KovZpZAFkFtA,Lexington Opera House,38.04950180,-84.49914890,Music,Rock,Pop,K8vZ917Gbh7,Blackberry Smoke,LIVE NATION MUSIC,,,
17AOv0G65w5dgjO,Louisville Cardinals Football vs. Florida State Seminoles Football,https://www.ticketmaster.com/louisville-cardinals-football-vs-florida-state-louisville-kentucky-10-09-2026/event/160064BC8B0F5720,2026-10-09,19:00:00,America/New_York,onsale,KY,Louisville,KovZpZAFklJA,L&N Federal Credit Union Stadium,38.20424500,-85.75691700,Sports,Football,College,K8vZ9171JPV,Louisville Cardinals Football,PROMOTED BY VENUE,,,
1ApZk3aGkd2BG6o,Three Dog Night,https://www.ticketmaster.com/three-dog-night-lexington-kentucky-02-25-2027/event/16006489CFE8C1D1,2027-02-25,20:00:00,America/New_York,rescheduled,KY,Lexington,KovZpZAFkFtA,Lexington Opera House,38.04950180,-84.49914890,Music,Rock,Pop,K8vZ91712UV,Three Dog Night,FRANK PRODUCTIONS,,,
1AvbZ_8GkRb5BF4,The Black Jacket Symphony Presents Michael Jackson's 'Thriller',https://www.ticketmaster.com/the-black-jacket-symphony-presents-michael-lexington-kentucky-02-06-2027/event/1600650BD82FA215,2027-02-06,16:00:00,America/New_York,onsale,KY,Lexington,KovZpZAFkFtA,Lexington Opera House,38.04950180,-84.49914890,Music,Rock,Pop,K8vZ917C_4f,Black Jacket Symphony,EMPORIUM PRESENTS,,,
Z7r9jZ1A7Opvt,Nikki Glaser,https://www.ticketmaster.com/event/Z7r9jZ1A7Opvt,2026-10-03,19:00:00,,onsale,KY,Louisville,ZFr9jZeaFF,Kentucky Center - Whitney Hall,38.253601000,-85.749802000,Arts & Theatre,,,K8vZ917uwA7,Nikki Glaser,,,,
Z7r9jZ1A7xfxA,Nikki Glaser,https://www.ticketmaster.com/event/Z7r9jZ1A7xfxA,2026-10-04,19:00:00,,onsale,KY,Louisville,ZFr9jZeaFF,Kentucky Center - Whitney Hall,38.253601000,-85.749802000,Arts & Theatre,,,K8vZ917uwA7,Nikki Glaser,,,,
Z7r9jZ1A7-UGI,Leanne Morgan,https://www.ticketmaster.com/event/Z7r9jZ1A7-UGI,2026-11-19,19:00:00,,onsale,KY,Owensboro,ZFr9jZkk1a,Owensboro Sportscenter,37.735298000,-87.243301000,Arts & Theatre,Miscellaneous,Miscellaneous,K8vZ917fQxV,Leanne Morgan,,,,
17AOv0G65w10P_H,Louisville Cardinals Football vs. Wake Forest Demon Deacons Football,https://www.ticketmaster.com/louisville-cardinals-football-vs-wake-forest-louisville-kentucky-09-26-2026/event/160064BC8A92567C,2026-09-26,12:00:00,America/New_York,onsale,KY,Louisville,KovZpZAFklJA,L&N Federal Credit Union Stadium,38.20424500,-85.75691700,Sports,Football,College,K8vZ9171JPV,Louisville Cardinals Football,PROMOTED BY VENUE,,,
1kAOv0j9GAG9NQH,Tommy James & The Shondells; Herman's Hermits starring Peter Noone,https://www.ticketmaster.com/tommy-james-the-shondells-hermans-hermits-lexington-kentucky-10-17-2026/event/160064717C5E36BC,2026-10-17,18:00:00,America/New_York,rescheduled,KY,Lexington,KovZ917AYlX,Gatton Park,38.05240070,-84.50859180,Music,Rock,Oldies & Classics,K8vZ917ujyV,Tommy James and the Shondells,MISCELLANEOUS PROMOTER,,,
1AvbZ_aGknrpMrm,Desi Banks: Your Favorite Cousin,https://www.ticketmaster.com/desi-banks-your-favorite-cousin-lexington-kentucky-10-03-2026/event/1600649A9E5B77AE,2026-10-03,19:00:00,America/New_York,onsale,KY,Lexington,KovZpZAFkFtA,Lexington Opera House,38.04950180,-84.49914890,Arts & Theatre,Comedy,Comedy,K8vZ917ba-V,Desi Banks,OUTBACK CONCERTS,,,
1ApZkf-Gkd0oc79,Club 90s Presents MJ Night (18+ event),https://www.ticketmaster.com/club-90s-presents-mj-night-18-louisville-kentucky-10-03-2026/event/16006521E446D117,2026-10-03,21:00:00,America/New_York,onsale,KY,Louisville,KovZpZAEk7EA,Mercury Ballroom,38.24851446,-85.75788997,Music,Pop,Electro Pop,K8vZ9179Xd0,Club 90s,LIVE NATION MUSIC,,,
Z7r9jZ1A7Pkkk,Knocked Loose and Denzel Curry,https://www.ticketmaster.com/event/Z7r9jZ1A7Pkkk,2026-09-26,19:00:00,,onsale,KY,Newport,Z7r9jZa7bI,MegaCorp Pavilion,39.072601000,-84.481400000,Music,Other,Other,K8vZ917KFS0,Knocked Loose,,,,
17AOv0G6CJp47Aj,North American Championship Rodeo,https://www.ticketmaster.com/north-american-championship-rodeo-louisville-kentucky-11-12-2026/event/160064E99654415C,2026-11-12,19:00:00,America/New_York,onsale,KY,Louisville,KovZpZA6tdEA,Freedom Hall,38.11240000,-85.69296590,Sports,Rodeo,Rodeo,K8vZ9171nQ7,North American Championship Rodeo,PROMOTED BY VENUE,,,
Z7r9jZ1A70Iqs,Matt Mathews,https://www.ticketmaster.com/event/Z7r9jZ1A70Iqs,2027-05-13,19:00:00,,onsale,KY,Paducah,ZFr9jZA17v,The Carson Center for the Performing Arts,37.001499000,-88.583000000,Arts & Theatre,Comedy,Comedy,K8vZ917hCO7,Matt Mathews,,,,
1AvbZ_aGkDtBLPP,Scott Bradlee's Postmodern Jukebox - The Future Is Vintage World Tour,https://www.ticketmaster.com/scott-bradlees-postmodern-jukebox-the-future-lexington-kentucky-10-06-2026/event/1600649EE9E9F965,2026-10-06,20:00:00,America/New_York,onsale,KY,Lexington,KovZpZAFkFtA,Lexington Opera House,38.04950180,-84.49914890,Music,Jazz,Jazz,K8vZ917KQQV,Scott Bradlee's Postmodern Jukebox,FRANK PRODUCTIONS,,,
17AOv0G6G5NXrC3,Wynonna Judd: Kentucky Queen Tour,https://www.ticketmaster.com/wynonna-judd-kentucky-queen-tour-lexington-kentucky-09-30-2026/event/160064C2E3F9E392,2026-09-30,19:30:00,America/New_York,onsale,KY,Lexington,KovZpZAFkFtA,Lexington Opera House,38.04950180,-84.49914890,Music,Country,Country,K8vZ9171aKf,Wynonna Judd,MISCELLANEOUS PROMOTER,,,
17AOv0G65wGEgPP,Louisville Cardinals Football vs. Stanford Cardinal Football,https://www.ticketmaster.com/louisville-cardinals-football-vs-stanford-cardinal-louisville-kentucky-10-31-2026/event/160064BC8C9F5965,2026-10-31,,America/New_York,onsale,KY,Louisville,KovZpZAFklJA,L&N Federal Credit Union Stadium,38.20424500,-85.75691700,Sports,Football,College,K8vZ9171JPV,Louisville Cardinals Football,PROMOTED BY VENUE,,,
17AOv0G65wuL4lx,Louisville Cardinals Football vs. Pittsburgh Panthers College Football,https://www.ticketmaster.com/louisville-cardinals-football-vs-pittsburgh-panthers-louisville-kentucky-11-21-2026/event/160064BC8D7D5AE2,2026-11-21,,America/New_York,onsale,KY,Louisville,KovZpZAFklJA,L&N Federal Credit Union Stadium,38.20424500,-85.75691700,Sports,Football,College,K8vZ9171JPV,Louisville Cardinals Football,PROMOTED BY VENUE,,,
1ApZkoVGkdXnMip,Ty Myers: The Legal Tour 2026,https://www.ticketmaster.com/ty-myers-the-legal-tour-2026-pikeville-kentucky-10-24-2026/event/16006474FEAB7B16,2026-10-24,19:30:00,America/New_York,onsale,KY,Pikeville,KovZpa3-Ce,Appalachian Wireless Arena (Formerly Eastern Kentucky Expo Ctr),37.48166900,-82.51509200,Music,Country,Country,K8vZ917j970,Ty Myers,AEG LIVE,,,
17AOv0G6Clqk_g_,Cirque Musica Holiday Wonderland,https://www.ticketmaster.com/cirque-musica-holiday-wonderland-lexington-kentucky-12-09-2026/event/160064EADD199D59,2026-12-09,19:00:00,America/New_York,onsale,KY,Lexington,KovZpZAFkFtA,Lexington Opera House,38.04950180,-84.49914890,Arts & Theatre,Performance Art,Performance Art,K8vZ9179pE7,Cirque Musica Holiday Wonderland,LIVE NATION MUSIC,,,
Z7r9jZ1A70eoA,Modest Mouse w/ Caroline Rose,https://www.ticketmaster.com/event/Z7r9jZ1A70eoA,2026-10-01,20:00:00,,onsale,KY,Newport,Z7r9jZa7bI,MegaCorp Pavilion,39.072601000,-84.481400000,Music,Alternative,Alternative Rock,K8vZ9171Nd0,Modest Mouse,,,,
17AOv0G6GJ3vrxt,Daughtry: 20 Years Unplugged Tour (Ages 21 & Over),https://www.ticketmaster.com/daughtry-20-years-unplugged-tour-ages-florence-kentucky-10-24-2026/event/160064C99205E8A9,2026-10-24,20:30:00,America/New_York,onsale,KY,Florence,KovZpZA1eaIA,Turfway Park,39.02163400,-84.63616100,Music,Rock,Pop,K8vZ917GZFf,Daughtry,PROMOTED BY VENUE,,,
1kAOvPvIGACs7iC,Sugarland,https://www.ticketmaster.com/sugarland-pikeville-kentucky-11-06-2026/event/160065068EC44B0E,2026-11-06,19:00:00,America/New_York,onsale,KY,Pikeville,KovZpa3-Ce,Appalachian Wireless Arena (Formerly Eastern Kentucky Expo Ctr),37.48166900,-82.51509200,Music,Country,Country,K8vZ9175cBV,Sugarland,PROMOTER NOT DEFINED,,,
1ApZk3dGkd6cWsk,"Brit Floyd: The Wall, The Moon and Beyond",https://www.ticketmaster.com/brit-floyd-the-wall-the-moon-lexington-kentucky-09-26-2026/event/16006483C7B7DC46,2026-09-26,20:00:00,America/New_York,onsale,KY,Lexington,KovZ917AYlX,Gatton Park,38.05240070,-84.50859180,Music,Rock,Pop,K8vZ917C96f,Brit Floyd,LIVE NATION MUSIC,,,
1AvbZ_8GkwoP7Pg,Monster Jam,https://www.ticketmaster.com/monster-jam-pittsburgh-pennsylvania-02-13-2027/event/1600650C91944975,2027-02-13,12:00:00,America/New_York,offsale,PA,Pittsburgh,KovZpZA6taeA,PPG Paints Arena,40.43884010,-79.99085510,Sports,Motorsports/Racing,Motorsports/Racing,K8vZ917uyff,Monster Jam,FELD MOTORSPORTS,,,
1AvbZ_8Gkw8gfOn,Monster Jam,https://www.ticketmaster.com/monster-jam-pittsburgh-pennsylvania-02-12-2027/event/1600650C90D5482A,2027-02-12,19:00:00,America/New_York,offsale,PA,Pittsburgh,KovZpZA6taeA,PPG Paints Arena,40.43884010,-79.99085510,Sports,Motorsports/Racing,Motorsports/Racing,K8vZ917uyff,Monster Jam,FELD MOTORSPORTS,,,
1AvbZ_8GkwoMVIp,Monster Jam,https://www.ticketmaster.com/monster-jam-pittsburgh-pennsylvania-02-13-2027/event/1600650C91DF4A16,2027-02-13,18:00:00,America/New_York,offsale,PA,Pittsburgh,KovZpZA6taeA,PPG Paints Arena,40.43884010,-79.99085510,Sports,Motorsports/Racing,Motorsports/Racing,K8vZ917uyff,Monster Jam,FELD MOTORSPORTS,,,
1AvbZ_8Gkw3Cfnp,Monster Jam,https://www.ticketmaster.com/monster-jam-pittsburgh-pennsylvania-02-14-2027/event/1600650C92394A96,2027-02-14,12:00:00,America/New_York,offsale,PA,Pittsburgh,KovZpZA6taeA,PPG Paints Arena,40.43884010,-79.99085510,Sports,Motorsports/Racing,Motorsports/Racing,K8vZ917uyff,Monster Jam,FELD MOTORSPORTS,,,
vv17FZ_kGkUpFBjj,Philadelphia Eagles vs. Pittsburgh Steelers,https://www.ticketmaster.com/philadelphia-eagles-vs-pittsburgh-steelers-philadelphia-pennsylvania-11-22-2026/event/0200646D9623A71C,2026-11-22,16:25:00,America/New_York,onsale,PA,Philadelphia,KovZpa2yme,Lincoln Financial Field,39.900706,-75.167406,Sports,Football,NFL,K8vZ9171oU0,Philadelphia Eagles,NFL REGULAR SEASON,,,
vv17FZ_kGkUpdnhG,Philadelphia Eagles vs. Dallas Cowboys,https://www.ticketmaster.com/philadelphia-eagles-vs-dallas-cowboys-philadelphia-pennsylvania-10-26-2026/event/0200646D960EA6CC,2026-10-26,20:15:00,America/New_York,onsale,PA,Philadelphia,KovZpa2yme,Lincoln Financial Field,39.900706,-75.167406,Sports,Football,NFL,K8vZ9171oU0,Philadelphia Eagles,NFL REGULAR SEASON,,,
vv17FZ_kGkUpenQH,Philadelphia Eagles vs. Carolina Panthers,https://www.ticketmaster.com/philadelphia-eagles-vs-carolina-panthers-philadelphia-pennsylvania-10-18-2026/event/0200646D960AA6BC,2026-10-18,13:00:00,America/New_York,onsale,PA,Philadelphia,KovZpa2yme,Lincoln Financial Field,39.900706,-75.167406,Sports,Football,NFL,K8vZ9171oU0,Philadelphia Eagles,NFL REGULAR SEASON,,,
vv17FZ_kGkUp6BjC,Philadelphia Eagles vs. New York Giants,https://www.ticketmaster.com/philadelphia-eagles-vs-new-york-giants-philadelphia-pennsylvania-11-08-2026/event/0200646D961FA70E,2026-11-08,13:00:00,America/New_York,onsale,PA,Philadelphia,KovZpa2yme,Lincoln Financial Field,39.900706,-75.167406,Sports,Football,NFL,K8vZ9171oU0,Philadelphia Eagles,NFL REGULAR SEASON,,,
1ApZkoYGkdLe5Rr,Pittsburgh Steelers vs. Cincinnati Bengals,https://www.ticketmaster.com/pittsburgh-steelers-vs-cincinnati-bengals-pittsburgh-pennsylvania-09-27-2026/event/16006470DF08BBDE,2026-09-27,13:00:00,America/New_York,onsale,PA,Pittsburgh,KovZpZAFa6nA,Acrisure Stadium,40.44609300,-80.01588400,Sports,Football,NFL,K8vZ9171ogV,Pittsburgh Steelers,NFL REGULAR SEASON,,,
1ApZkoYGkdLADRS,Pittsburgh Steelers vs. Indianapolis Colts,https://www.ticketmaster.com/pittsburgh-steelers-vs-indianapolis-colts-pittsburgh-pennsylvania-10-11-2026/event/16006470DF17BBF3,2026-10-11,13:00:00,America/New_York,onsale,PA,Pittsburgh,KovZpZAFa6nA,Acrisure Stadium,40.44609300,-80.01588400,Sports,Football,NFL,K8vZ9171ogV,Pittsburgh Steelers,NFL REGULAR SEASON,,,
vv17FZ_kGkUp1BjB,Philadelphia Eagles vs. Seattle Seahawks,https://www.ticketmaster.com/philadelphia-eagles-vs-seattle-seahawks-philadelphia-pennsylvania-12-19-2026/event/0200646D962BA73A,2026-12-19,17:00:00,America/New_York,onsale,PA,Philadelphia,KovZpa2yme,Lincoln Financial Field,39.900706,-75.167406,Sports,Football,NFL,K8vZ9171oU0,Philadelphia Eagles,NFL REGULAR SEASON,,,
vv17FZ_kGkUpABhU,Philadelphia Eagles vs. Indianapolis Colts,https://www.ticketmaster.com/philadelphia-eagles-vs-indianapolis-colts-philadelphia-pennsylvania-12-13-2026/event/0200646D9617A6F6,2026-12-13,13:00:00,America/New_York,onsale,PA,Philadelphia,KovZpa2yme,Lincoln Financial Field,39.900706,-75.167406,Sports,Football,NFL,K8vZ9171oU0,Philadelphia Eagles,NFL REGULAR SEASON,,,
vv17FZ_kGkUp7BhQ,Philadelphia Eagles vs. Houston Texans,https://www.ticketmaster.com/philadelphia-eagles-vs-houston-texans-philadelphia-pennsylvania-12-24-2026/event/0200646D9613A6DA,2026-12-24,20:15:00,America/New_York,onsale,PA,Philadelphia,KovZpa2yme,Lincoln Financial Field,39.900706,-75.167406,Sports,Football,NFL,K8vZ9171oU0,Philadelphia Eagles,NFL REGULAR SEASON,,,
vv17FZ_kGkUpkBhT,Philadelphia Eagles vs. Los Angeles Rams,https://www.ticketmaster.com/philadelphia-eagles-vs-los-angeles-rams-philadelphia-pennsylvania-10-04-2026/event/0200646D961BA6FF,2026-10-04,13:00:00,America/New_York,onsale,PA,Philadelphia,KovZpa2yme,Lincoln Financial Field,39.900706,-75.167406,Sports,Football,NFL,K8vZ9171oU0,Philadelphia Eagles,NFL REGULAR SEASON,,,
1ApZkoYGkdLd5RP,Pittsburgh Steelers vs. Cleveland Browns,https://www.ticketmaster.com/pittsburgh-steelers-vs-cleveland-browns-pittsburgh-pennsylvania-11-01-2026/event/16006470DF0CBBE5,2026-11-01,13:00:00,America/New_York,onsale,PA,Pittsburgh,KovZpZAFa6nA,Acrisure Stadium,40.44609300,-80.01588400,Sports,Football,NFL,K8vZ9171ogV,Pittsburgh Steelers,NFL REGULAR SEASON,,,
1ApZkoYGkdLdDRt,Pittsburgh Steelers vs. Denver Broncos,https://www.ticketmaster.com/pittsburgh-steelers-vs-denver-broncos-pittsburgh-pennsylvania-11-27-2026/event/16006470DF0FBBE9,2026-11-27,15:00:00,America/New_York,onsale,PA,Pittsburgh,KovZpZAFa6nA,Acrisure Stadium,40.44609300,-80.01588400,Sports,Football,NFL,K8vZ9171ogV,Pittsburgh Steelers,NFL REGULAR SEASON,,,
1ApZkoYGkdLZhR4,Pittsburgh Steelers vs. Baltimore Ravens,https://www.ticketmaster.com/pittsburgh-steelers-vs-baltimore-ravens-pittsburgh-pennsylvania-12-20-2026/event/16006470DF01BBD5,2026-12-20,13:00:00,America/New_York,onsale,PA,Pittsburgh,KovZpZAFa6nA,Acrisure Stadium,40.44609300,-80.01588400,Sports,Football,NFL,K8vZ9171ogV,Pittsburgh Steelers,NFL REGULAR SEASON,,,
1AdZZ_8GkwJW0ph,Preseason: Boston Celtics v Philadelphia 76ers,https://www.ticketmaster.com/preseason-boston-celtics-v-philadelphia-76ers-philadelphia-pennsylvania-10-16-2026/event/3000650CA6F6459B,2026-10-16,19:00:00,America/New_York,onsale,PA,Philadelphia,KovZ917AiMF,Xfinity Mobile Arena,39.90455100,-75.17362730,Sports,Basketball,NBA,K8vZ9171oZ0,Philadelphia 76ers,NBA EXHIBITION & PRESEASON,,,
1AdZZ_8GkwEA09L,Philadelphia 76ers vs. Boston Celtics,https://www.ticketmaster.com/philadelphia-76ers-vs-boston-celtics-philadelphia-pennsylvania-11-10-2026/event/3000650CA71645DF,2026-11-10,20:00:00,America/New_York,onsale,PA,Philadelphia,KovZ917AiMF,Xfinity Mobile Arena,39.90455100,-75.17362730,Sports,Basketball,NBA,K8vZ9171oZ0,Philadelphia 76ers,NBA REGULAR SEASON,,,
1ApZkoYGkdL7DRm,Pittsburgh Steelers vs. Houston Texans,https://www.ticketmaster.com/pittsburgh-steelers-vs-houston-texans-pittsburgh-pennsylvania-12-06-2026/event/16006470DF13BBEE,2026-12-06,20:20:00,America/New_York,onsale,PA,Pittsburgh,KovZpZAFa6nA,Acrisure Stadium,40.44609300,-80.01588400,Sports,Football,NFL,K8vZ9171ogV,Pittsburgh Steelers,NFL REGULAR SEASON,,,
1AdZZ_8GkwJHfpC,Preseason: New York Knicks v Philadelphia 76ers,https://www.ticketmaster.com/preseason-new-york-knicks-v-philadelphia-philadelphia-pennsylvania-10-05-2026/event/3000650CA6F1458E,2026-10-05,19:00:00,America/New_York,onsale,PA,Philadelphia,KovZ917AiMF,Xfinity Mobile Arena,39.90455100,-75.17362730,Sports,Basketball,NBA,K8vZ9171oZ0,Philadelphia 76ers,NBA EXHIBITION & PRESEASON,,,
1AdZZ_8GkwEeV9G,Philadelphia 76ers vs. New York Knicks,https://www.ticketmaster.com/philadelphia-76ers-vs-new-york-knicks-philadelphia-pennsylvania-10-30-2026/event/3000650CA70B45CC,2026-10-30,19:30:00,America/New_York,onsale,PA,Philadelphia,KovZ917AiMF,Xfinity Mobile Arena,39.90455100,-75.17362730,Sports,Basketball,NBA,K8vZ9171oZ0,Philadelphia 76ers,NBA REGULAR SEASON,,,
1AdZZ_8GkwJs0fy,Philadelphia 76ers vs. Los Angeles Lakers,https://www.ticketmaster.com/philadelphia-76ers-vs-los-angeles-lakers-philadelphia-pennsylvania-03-04-2027/event/3000650CA6C64539,2027-03-04,19:00:00,America/New_York,onsale,PA,Philadelphia,KovZ917AiMF,Xfinity Mobile Arena,39.90455100,-75.17362730,Sports,Basketball,NBA,K8vZ9171oZ0,Philadelphia 76ers,NBA REGULAR SEASON,,,
1AdZZ_8GkwJnVfF,Philadelphia 76ers vs. Boston Celtics,https://www.ticketmaster.com/philadelphia-76ers-vs-boston-celtics-philadelphia-pennsylvania-02-07-2027/event/3000650CA6AB4508,2027-02-07,19:00:00,America/New_York,onsale,PA,Philadelphia,KovZ917AiMF,Xfinity Mobile Arena,39.90455100,-75.17362730,Sports,Basketball,NBA,K8vZ9171oZ0,Philadelphia 76ers,NBA REGULAR SEASON,,,
1AdZZ_8GkwJz74N,Philadelphia 76ers vs. Golden State Warriors,https://www.ticketmaster.com/philadelphia-76ers-vs-golden-state-warriors-philadelphia-pennsylvania-03-31-2027/event/3000650CA6E04563,2027-03-31,19:00:00,America/New_York,onsale,PA,Philadelphia,KovZ917AiMF,Xfinity Mobile Arena,39.90455100,-75.17362730,Sports,Basketball,NBA,K8vZ9171oZ0,Philadelphia 76ers,NBA REGULAR SEASON,,,
17AOv0G61-BV06d,Pittsburgh Steelers v Bengals: 1933 Club Pass (NOT A GAME TICKET),https://www.ticketmaster.com/pittsburgh-steelers-v-bengals-1933-club-pittsburgh-pennsylvania-09-27-2026/event/160064A87AD241C3,2026-09-27,13:00:00,America/New_York,onsale,PA,Pittsburgh,KovZpZAFa6nA,Acrisure Stadium,40.44609300,-80.01588400,Sports,Football,NFL,K8vZ9171ogV,Pittsburgh Steelers,NFL REGULAR SEASON,,,
17AOv0G61-By76c,Pittsburgh Steelers v Colts: 1933 Club Pass (NOT A GAME TICKET),https://www.ticketmaster.com/pittsburgh-steelers-v-colts-1933-club-pittsburgh-pennsylvania-10-11-2026/event/160064A87AE441ED,2026-10-11,13:00:00,America/New_York,onsale,PA,Pittsburgh,KovZpZAFa6nA,Acrisure Stadium,40.44609300,-80.01588400,Sports,Football,NFL,K8vZ9171ogV,Pittsburgh Steelers,NFL REGULAR SEASON,,,
17AOv0G61-BUV64,Pittsburgh Steelers v Broncos: 1933 Club Pass (NOT A GAME TICKET),https://www.ticketmaster.com/pittsburgh-steelers-v-broncos-1933-club-pittsburgh-pennsylvania-11-27-2026/event/160064A87ADB41D5,2026-11-27,15:00:00,America/New_York,onsale,PA,Pittsburgh,KovZpZAFa6nA,Acrisure Stadium,40.44609300,-80.01588400,Sports,Football,NFL,K8vZ9171ogV,Pittsburgh Steelers,NFL REGULAR SEASON,,,
17AOv0G61-Bg06u,Pittsburgh Steelers v Browns: 1933 Club Pass (NOT A GAME TICKET),https://www.ticketmaster.com/pittsburgh-steelers-v-browns-1933-club-pittsburgh-pennsylvania-11-01-2026/event/160064A87AD641CD,2026-11-01,13:00:00,America/New_York,onsale,PA,Pittsburgh,KovZpZAFa6nA,Acrisure Stadium,40.44609300,-80.01588400,Sports,Football,NFL,K8vZ9171ogV,Pittsburgh Steelers,NFL REGULAR SEASON,,,
17AOv0G61-BwfkN,Pittsburgh Steelers v Ravens: 1933 Club Pass (NOT A GAME TICKET),https://www.ticketmaster.com/pittsburgh-steelers-v-ravens-1933-club-pittsburgh-pennsylvania-12-20-2026/event/160064A87AC941A3,2026-12-20,13:00:00,America/New_York,onsale,PA,Pittsburgh,KovZpZAFa6nA,Acrisure Stadium,40.44609300,-80.01588400,Sports,Football,NFL,K8vZ9171ogV,Pittsburgh Steelers,NFL REGULAR SEASON,,,
17AOv0G61-BMV6O,Pittsburgh Steelers v Texans: 1933 Club Pass (NOT A GAME TICKET),https://www.ticketmaster.com/pittsburgh-steelers-v-texans-1933-club-pittsburgh-pennsylvania-12-06-2026/event/160064A87ADF41E0,2026-12-06,20:20:00,America/New_York,onsale,PA,Pittsburgh,KovZpZAFa6nA,Acrisure Stadium,40.44609300,-80.01588400,Sports,Football,NFL,K8vZ9171ogV,Pittsburgh Steelers,NFL REGULAR SEASON,,,
17GZv0G6CDmOr7N,Preseason: Boston Bruins v Philadelphia Flyers,https://www.ticketmaster.com/preseason-boston-bruins-v-philadelphia-flyers-philadelphia-pennsylvania-09-24-2026/event/300064EEEE81E123,2026-09-24,19:00:00,America/New_York,onsale,PA,Philadelphia,KovZ917AiMF,Xfinity Mobile Arena,39.90455100,-75.17362730,Sports,Hockey,NHL,K8vZ9171oy0,Philadelphia Flyers,NHL EXHIBITION & PRESEASON,,,
1AdZZ_8GkwJc0fh,Philadelphia 76ers vs. New York Knicks,https://www.ticketmaster.com/philadelphia-76ers-vs-new-york-knicks-philadelphia-pennsylvania-02-11-2027/event/3000650CA6B6451B,2027-02-11,19:00:00,America/New_York,onsale,PA,Philadelphia,KovZ917AiMF,Xfinity Mobile Arena,39.90455100,-75.17362730,Sports,Basketball,NBA,K8vZ9171oZ0,Philadelphia 76ers,NBA REGULAR SEASON,,,
17GZv0G6CDmhrdz,Philadelphia Flyers vs. Boston Bruins,https://www.ticketmaster.com/philadelphia-flyers-vs-boston-bruins-philadelphia-pennsylvania-03-18-2027/event/300064EEEE6DE0F8,2027-03-18,19:00:00,America/New_York,onsale,PA,Philadelphia,KovZ917AiMF,Xfinity Mobile Arena,39.90455100,-75.17362730,Sports,Hockey,NHL,K8vZ9171oy0,Philadelphia Flyers,NHL REGULAR SEASON,,,
1AdZZ_8GkwE30_6,Philadelphia 76ers vs. Dallas Mavericks,https://www.ticketmaster.com/philadelphia-76ers-vs-dallas-mavericks-philadelphia-pennsylvania-12-17-2026/event/3000650CA74A4647,2026-12-17,19:00:00,America/New_York,onsale,PA,Philadelphia,KovZ917AiMF,Xfinity Mobile Arena,39.90455100,-75.17362730,Sports,Basketball,NBA,K8vZ9171oZ0,Philadelphia 76ers,NBA REGULAR SEASON,,,
1AdZZ_8GkwE50bO,Philadelphia 76ers vs. Miami Heat,https://www.ticketmaster.com/philadelphia-76ers-vs-miami-heat-philadelphia-pennsylvania-11-25-2026/event/3000650CA72E4620,2026-11-25,17:00:00,America/New_York,onsale,PA,Philadelphia,KovZ917AiMF,Xfinity Mobile Arena,39.90455100,-75.17362730,Sports,Basketball,NBA,K8vZ9171oZ0,Philadelphia 76ers,NBA REGULAR SEASON,,,
17GZv0G6CDmxX7M,Philadelphia Flyers vs. Pittsburgh Penguins,https://www.ticketmaster.com/philadelphia-flyers-vs-pittsburgh-penguins-philadelphia-pennsylvania-09-30-2026/event/300064EEEE8BE137,2026-09-30,19:30:00,America/New_York,onsale,PA,Philadelphia,KovZ917AiMF,Xfinity Mobile Arena,39.90455100,-75.17362730,Sports,Hockey,NHL,K8vZ9171oy0,Philadelphia Flyers,NHL REGULAR SEASON,,,
1AdZZ_8GkwJrfoX,Philadelphia 76ers vs. Miami Heat,https://www.ticketmaster.com/philadelphia-76ers-vs-miami-heat-philadelphia-pennsylvania-01-08-2027/event/3000650CA679447E,2027-01-08,19:00:00,America/New_York,onsale,PA,Philadelphia,KovZ917AiMF,Xfinity Mobile Arena,39.90455100,-75.17362730,Sports,Basketball,NBA,K8vZ9171oZ0,Philadelphia 76ers,NBA REGULAR SEASON,,,
1AdZZ_8GkwJUV44,Philadelphia 76ers vs. San Antonio Spurs,https://www.ticketmaster.com/philadelphia-76ers-vs-san-antonio-spurs-philadelphia-pennsylvania-03-21-2027/event/3000650CA6DB4555,2027-03-21,19:30:00,America/New_York,onsale,PA,Philadelphia,KovZ917AiMF,Xfinity Mobile Arena,39.90455100,-75.17362730,Sports,Basketball,NBA,K8vZ9171oZ0,Philadelphia 76ers,NBA REGULAR SEASON,,,
1AdZZ_8GkwJ-73-,Philadelphia 76ers vs. Brooklyn Nets,https://www.ticketmaster.com/philadelphia-76ers-vs-brooklyn-nets-philadelphia-pennsylvania-01-14-2027/event/3000650CA68444A1,2027-01-14,19:00:00,America/New_York,onsale,PA,Philadelphia,KovZ917AiMF,Xfinity Mobile Arena,39.90455100,-75.17362730,Sports,Basketball,NBA,K8vZ9171oZ0,Philadelphia 76ers,NBA REGULAR SEASON,,,
1AdZZ_8GkwEZfps,Philadelphia 76ers vs. Milwaukee Bucks,https://www.ticketmaster.com/philadelphia-76ers-vs-milwaukee-bucks-philadelphia-pennsylvania-10-24-2026/event/3000650CA70145B1,2026-10-24,19:30:00,America/New_York,onsale,PA,Philadelphia,KovZ917AiMF,Xfinity Mobile Arena,39.90455100,-75.17362730,Sports,Basketball,NBA,K8vZ9171oZ0,Philadelphia 76ers,NBA REGULAR SEASON,,,
1AdZZ_8GkwJi7fu,Philadelphia 76ers vs. Brooklyn Nets,https://www.ticketmaster.com/philadelphia-76ers-vs-brooklyn-nets-philadelphia-pennsylvania-02-08-2027/event/3000650CA6B0450D,2027-02-08,19:00:00,America/New_York,onsale,PA,Philadelphia,KovZ917AiMF,Xfinity Mobile Arena,39.90455100,-75.17362730,Sports,Basketball,NBA,K8vZ9171oZ0,Philadelphia 76ers,NBA REGULAR SEASON,,,
17AOv0G6Clg0hNG,Pittsburgh Penguins vs. Boston Bruins,https://www.ticketmaster.com/pittsburgh-penguins-vs-boston-bruins-pittsburgh-pennsylvania-11-05-2026/event/160064EAF591B8CC,2026-11-05,19:00:00,America/New_York,onsale,PA,Pittsburgh,KovZpZA6taeA,PPG Paints Arena,40.43884010,-79.99085510,Sports,Hockey,NHL,K8vZ9171o8f,Pittsburgh Penguins,NHL REGULAR SEASON,,,
1AdZZ_8GkwE6V9g,Philadelphia 76ers vs. Indiana Pacers,https://www.ticketmaster.com/philadelphia-76ers-vs-indiana-pacers-philadelphia-pennsylvania-11-15-2026/event/3000650CA71F45F5,2026-11-15,13:00:00,America/New_York,onsale,PA,Philadelphia,KovZ917AiMF,Xfinity Mobile Arena,39.90455100,-75.17362730,Sports,Basketball,NBA,K8vZ9171oZ0,Philadelphia 76ers,NBA REGULAR SEASON,,,
1AdZZ_8GkwEo7bW,Philadelphia 76ers vs. Orlando Magic,https://www.ticketmaster.com/philadelphia-76ers-vs-orlando-magic-philadelphia-pennsylvania-12-12-2026/event/3000650CA744463D,2026-12-12,19:30:00,America/New_York,onsale,PA,Philadelphia,KovZ917AiMF,Xfinity Mobile Arena,39.90455100,-75.17362730,Sports,Basketball,NBA,K8vZ9171oZ0,Philadelphia 76ers,NBA REGULAR SEASON,,,
17AOv0G6Clg3D-t,Pittsburgh Penguins vs. Boston Bruins,https://www.ticketmaster.com/pittsburgh-penguins-vs-boston-bruins-pittsburgh-pennsylvania-03-11-2027/event/160064EAF54BB869,2027-03-11,19:30:00,America/New_York,onsale,PA,Pittsburgh,KovZpZA6taeA,PPG Paints Arena,40.43884010,-79.99085510,Sports,Hockey,NHL,K8vZ9171o8f,Pittsburgh Penguins,NHL REGULAR SEASON,,,
1AdZZ_8GkwEa79D,Philadelphia 76ers vs. Milwaukee Bucks,https://www.ticketmaster.com/philadelphia-76ers-vs-milwaukee-bucks-philadelphia-pennsylvania-11-21-2026/event/3000650CA72445FB,2026-11-21,13:00:00,America/New_York,onsale,PA,Philadelphia,KovZ917AiMF,Xfinity Mobile Arena,39.90455100,-75.17362730,Sports,Basketball,NBA,K8vZ9171oZ0,Philadelphia 76ers,NBA REGULAR SEASON,,,
1AdZZ_8GkwJXVpt,Philadelphia 76ers vs. Cleveland Cavaliers,https://www.ticketmaster.com/philadelphia-76ers-vs-cleveland-cavaliers-philadelphia-pennsylvania-10-22-2026/event/3000650CA6FB45A9,2026-10-22,19:00:00,America/New_York,onsale,PA,Philadelphia,KovZ917AiMF,Xfinity Mobile Arena,39.90455100,-75.17362730,Sports,Basketball,NBA,K8vZ9171oZ0,Philadelphia 76ers,NBA REGULAR SEASON,,,
1AdZZ_8GkwEk09E,Philadelphia 76ers vs. Toronto Raptors,https://www.ticketmaster.com/philadelphia-76ers-vs-toronto-raptors-philadelphia-pennsylvania-11-12-2026/event/3000650CA71A45E7,2026-11-12,19:00:00,America/New_York,onsale,PA,Philadelphia,KovZ917AiMF,Xfinity Mobile Arena,39.90455100,-75.17362730,Sports,Basketball,NBA,K8vZ9171oZ0,Philadelphia 76ers,NBA REGULAR SEASON,,,
1AdZZ_8GkwJxf3i,Philadelphia 76ers vs. Minnesota Timberwolves,https://www.ticketmaster.com/philadelphia-76ers-vs-minnesota-timberwolves-philadelphia-pennsylvania-01-16-2027/event/3000650CA68944AC,2027-01-16,12:30:00,America/New_York,onsale,PA,Philadelphia,KovZ917AiMF,Xfinity Mobile Arena,39.90455100,-75.17362730,Sports,Basketball,NBA,K8vZ9171oZ0,Philadelphia 76ers,NBA REGULAR SEASON,,,
1AdZZ_8GkwJmVfJ,Philadelphia 76ers vs. Phoenix Suns,https://www.ticketmaster.com/philadelphia-76ers-vs-phoenix-suns-philadelphia-pennsylvania-02-17-2027/event/3000650CA6BB4526,2027-02-17,19:00:00,America/New_York,onsale,PA,Philadelphia,KovZ917AiMF,Xfinity Mobile Arena,39.90455100,-75.17362730,Sports,Basketball,NBA,K8vZ9171oZ0,Philadelphia 76ers,NBA REGULAR SEASON,,,
1AdZZ_8GkwE1fb2,Philadelphia 76ers vs. Portland Trail Blazers,https://www.ticketmaster.com/philadelphia-76ers-vs-portland-trail-blazers-philadelphia-pennsylvania-11-23-2026/event/3000650CA729460F,2026-11-23,19:00:00,America/New_York,onsale,PA,Philadelphia,KovZ917AiMF,Xfinity Mobile Arena,39.90455100,-75.17362730,Sports,Basketball,NBA,K8vZ9171oZ0,Philadelphia 76ers,NBA REGULAR SEASON,,,
1AdZZ_8GkwJhVor,Philadelphia 76ers vs. Oklahoma City Thunder,https://www.ticketmaster.com/philadelphia-76ers-vs-oklahoma-city-thunder-philadelphia-pennsylvania-01-06-2027/event/3000650CA66F445E,2027-01-06,19:30:00,America/New_York,onsale,PA,Philadelphia,KovZ917AiMF,Xfinity Mobile Arena,39.90455100,-75.17362730,Sports,Basketball,NBA,K8vZ9171oZ0,Philadelphia 76ers,NBA REGULAR SEASON,,,
1AdZZ_8GkwJ_0ob,Philadelphia 76ers vs. Atlanta Hawks,https://www.ticketmaster.com/philadelphia-76ers-vs-atlanta-hawks-philadelphia-pennsylvania-01-04-2027/event/3000650CA6664458,2027-01-04,19:00:00,America/New_York,onsale,PA,Philadelphia,KovZ917AiMF,Xfinity Mobile Arena,39.90455100,-75.17362730,Sports,Basketball,NBA,K8vZ9171oZ0,Philadelphia 76ers,NBA REGULAR SEASON,,,
1AdZZ_8GkwEu7bP,Philadelphia 76ers vs. Memphis Grizzlies,https://www.ticketmaster.com/philadelphia-76ers-vs-memphis-grizzlies-philadelphia-pennsylvania-12-01-2026/event/3000650CA7344625,2026-12-01,19:00:00,America/New_York,onsale,PA,Philadelphia,KovZ917AiMF,Xfinity Mobile Arena,39.90455100,-75.17362730,Sports,Basketball,NBA,K8vZ9171oZ0,Philadelphia 76ers,NBA REGULAR SEASON,,,
1AdZZ_8GkwJL031,Philadelphia 76ers vs. Washington Wizards,https://www.ticketmaster.com/philadelphia-76ers-vs-washington-wizards-philadelphia-pennsylvania-01-12-2027/event/3000650CA67E448A,2027-01-12,20:00:00,America/New_York,onsale,PA,Philadelphia,KovZ917AiMF,Xfinity Mobile Arena,39.90455100,-75.17362730,Sports,Basketball,NBA,K8vZ9171oZ0,Philadelphia 76ers,NBA REGULAR SEASON,,,
17GZv0G6CDmkrv6,Philadelphia Flyers vs. Chicago Blackhawks,https://www.ticketmaster.com/philadelphia-flyers-vs-chicago-blackhawks-philadelphia-pennsylvania-01-10-2027/event/300064EEEE19E047,2027-01-10,19:30:00,America/New_York,onsale,PA,Philadelphia,KovZ917AiMF,Xfinity Mobile Arena,39.90455100,-75.17362730,Sports,Hockey,NHL,K8vZ9171oy0,Philadelphia Flyers,NHL REGULAR SEASON,,,
17GZv0G6CDmjm7Z,Philadelphia Flyers vs. Pittsburgh Penguins,https://www.ticketmaster.com/philadelphia-flyers-vs-pittsburgh-penguins-philadelphia-pennsylvania-03-30-2027/event/300064EEEE72E100,2027-03-30,19:00:00,America/New_York,onsale,PA,Philadelphia,KovZ917AiMF,Xfinity Mobile Arena,39.90455100,-75.17362730,Sports,Hockey,NHL,K8vZ9171oy0,Philadelphia Flyers,NHL REGULAR SEASON,,,
1AdZZ_8GkwJy04m,Philadelphia 76ers vs. Atlanta Hawks,https://www.ticketmaster.com/philadelphia-76ers-vs-atlanta-hawks-philadelphia-pennsylvania-04-04-2027/event/3000650CA6E6456E,2027-04-04,13:00:00,America/New_York,onsale,PA,Philadelphia,KovZ917AiMF,Xfinity Mobile Arena,39.90455100,-75.17362730,Sports,Basketball,NBA,K8vZ9171oZ0,Philadelphia 76ers,NBA REGULAR SEASON,,,
1AdZZ_8GkwJY7fY,Philadelphia 76ers vs. Charlotte Hornets,https://www.ticketmaster.com/philadelphia-76ers-vs-charlotte-hornets-philadelphia-pennsylvania-03-03-2027/event/3000650CA6C04530,2027-03-03,19:00:00,America/New_York,onsale,PA,Philadelphia,KovZ917AiMF,Xfinity Mobile Arena,39.90455100,-75.17362730,Sports,Basketball,NBA,K8vZ9171oZ0,Philadelphia 76ers,NBA REGULAR SEASON,,,
1AdZZ_8GkwJBVpa,Philadelphia 76ers vs. Charlotte Hornets,https://www.ticketmaster.com/philadelphia-76ers-vs-charlotte-hornets-philadelphia-pennsylvania-04-11-2027/event/3000650CA6EB4589,2027-04-11,18:00:00,America/New_York,onsale,PA,Philadelphia,KovZ917AiMF,Xfinity Mobile Arena,39.90455100,-75.17362730,Sports,Basketball,NBA,K8vZ9171oZ0,Philadelphia 76ers,NBA REGULAR SEASON,,,
17AOv0G6ClgBhPS,Pittsburgh Penguins vs. Montreal Canadiens (Home Opener),https://www.ticketmaster.com/pittsburgh-penguins-vs-montreal-canadiens-home-pittsburgh-pennsylvania-10-03-2026/event/160064EAF5E9B973,2026-10-03,19:00:00,America/New_York,onsale,PA,Pittsburgh,KovZpZA6taeA,PPG Paints Arena,40.43884010,-79.99085510,Sports,Hockey,NHL,K8vZ9171o8f,Pittsburgh Penguins,NHL REGULAR SEASON,,,
1AdZZ_8GkwJJ0KE,Philadelphia 76ers vs. Sacramento Kings,https://www.ticketmaster.com/philadelphia-76ers-vs-sacramento-kings-philadelphia-pennsylvania-01-27-2027/event/3000650CA69A44E7,2027-01-27,19:00:00,America/New_York,onsale,PA,Philadelphia,KovZ917AiMF,Xfinity Mobile Arena,39.90455100,-75.17362730,Sports,Basketball,NBA,K8vZ9171oZ0,Philadelphia 76ers,NBA REGULAR SEASON,,,
1AdZZ_8GkwJNVKF,Philadelphia 76ers vs. Indiana Pacers,https://www.ticketmaster.com/philadelphia-76ers-vs-indiana-pacers-philadelphia-pennsylvania-01-19-2027/event/3000650CA68F44C8,2027-01-19,19:00:00,America/New_York,onsale,PA,Philadelphia,KovZ917AiMF,Xfinity Mobile Arena,39.90455100,-75.17362730,Sports,Basketball,NBA,K8vZ9171oZ0,Philadelphia 76ers,NBA REGULAR SEASON,,,
1AdZZ_8GkwJV74d,Philadelphia 76ers vs. Toronto Raptors,https://www.ticketmaster.com/philadelphia-76ers-vs-toronto-raptors-philadelphia-pennsylvania-03-15-2027/event/3000650CA6D04543,2027-03-15,19:00:00,America/New_York,onsale,PA,Philadelphia,KovZ917AiMF,Xfinity Mobile Arena,39.90455100,-75.17362730,Sports,Basketball,NBA,K8vZ9171oZ0,Philadelphia 76ers,NBA REGULAR SEASON,,,
1AdZZ_8GkwJI7KR,Philadelphia 76ers vs. New Orleans Pelicans,https://www.ticketmaster.com/philadelphia-76ers-vs-new-orleans-pelicans-philadelphia-pennsylvania-02-01-2027/event/3000650CA6A044EF,2027-02-01,19:00:00,America/New_York,onsale,PA,Philadelphia,KovZ917AiMF,Xfinity Mobile Arena,39.90455100,-75.17362730,Sports,Basketball,NBA,K8vZ9171oZ0,Philadelphia 76ers,NBA REGULAR SEASON,,,
17GZv0G6CDmnCAl,Philadelphia Flyers vs. Anaheim Ducks,https://www.ticketmaster.com/philadelphia-flyers-vs-anaheim-ducks-philadelphia-pennsylvania-10-24-2026/event/300064EEEEA8E16B,2026-10-24,13:00:00,America/New_York,onsale,PA,Philadelphia,KovZ917AiMF,Xfinity Mobile Arena,39.90455100,-75.17362730,Sports,Hockey,NHL,K8vZ9171oy0,Philadelphia Flyers,NHL REGULAR SEASON,,,
1AdZZ_8GkwJwVfW,Philadelphia 76ers vs. Utah Jazz,https://www.ticketmaster.com/philadelphia-76ers-vs-utah-jazz-philadelphia-pennsylvania-03-08-2027/event/3000650CA6CB453D,2027-03-08,19:00:00,America/New_York,onsale,PA,Philadelphia,KovZ917AiMF,Xfinity Mobile Arena,39.90455100,-75.17362730,Sports,Basketball,NBA,K8vZ9171oZ0,Philadelphia 76ers,NBA REGULAR SEASON,,,
17AOv0G6Clgml0q,Pittsburgh Penguins vs. Tampa Bay Lightning,https://www.ticketmaster.com/pittsburgh-penguins-vs-tampa-bay-lightning-pittsburgh-pennsylvania-12-15-2026/event/160064EAF5BAB91D,2026-12-15,19:00:00,America/New_York,onsale,PA,Pittsburgh,KovZpZA6taeA,PPG Paints Arena,40.43884010,-79.99085510,Sports,Hockey,NHL,K8vZ9171o8f,Pittsburgh Penguins,NHL REGULAR SEASON,,,
17AOv0G6ClgUDP_,Pittsburgh Penguins vs. Tampa Bay Lightning,https://www.ticketmaster.com/pittsburgh-penguins-vs-tampa-bay-lightning-pittsburgh-pennsylvania-02-02-2027/event/160064EAF5DBB959,2027-02-02,19:00:00,America/New_York,onsale,PA,Pittsburgh,KovZpZA6taeA,PPG Paints Arena,40.43884010,-79.99085510,Sports,Hockey,NHL,K8vZ9171o8f,Pittsburgh Penguins,NHL REGULAR SEASON,,,
1AdZZ_8GkwE7f9f,Philadelphia 76ers vs. Chicago Bulls,https://www.ticketmaster.com/philadelphia-76ers-vs-chicago-bulls-philadelphia-pennsylvania-11-02-2026/event/3000650CA71145D4,2026-11-02,19:30:00,America/New_York,onsale,PA,Philadelphia,KovZ917AiMF,Xfinity Mobile Arena,39.90455100,-75.17362730,Sports,Basketball,NBA,K8vZ9171oZ0,Philadelphia 76ers,NBA REGULAR SEASON,,,
17AOv0G6ClgPlNK,Pittsburgh Penguins vs. Ottawa Senators,https://www.ticketmaster.com/pittsburgh-penguins-vs-ottawa-senators-pittsburgh-pennsylvania-11-14-2026/event/160064EAF596B8D3,2026-11-14,19:00:00,America/New_York,onsale,PA,Pittsburgh,KovZpZA6taeA,PPG Paints Arena,40.43884010,-79.99085510,Sports,Hockey,NHL,K8vZ9171o8f,Pittsburgh Penguins,NHL REGULAR SEASON,,,
1AdZZ_8GkwEv0pW,Philadelphia 76ers vs. Detroit Pistons,https://www.ticketmaster.com/philadelphia-76ers-vs-detroit-pistons-philadelphia-pennsylvania-10-25-2026/event/3000650CA70645BD,2026-10-25,19:30:00,America/New_York,onsale,PA,Philadelphia,KovZ917AiMF,Xfinity Mobile Arena,39.90455100,-75.17362730,Sports,Basketball,NBA,K8vZ9171oZ0,Philadelphia 76ers,NBA REGULAR SEASON,,,
17AOv0G6ClglhNz,Pittsburgh Penguins vs. New Jersey Devils,https://www.ticketmaster.com/pittsburgh-penguins-vs-new-jersey-devils-pittsburgh-pennsylvania-12-05-2026/event/160064EAF5ADB8F8,2026-12-05,15:00:00,America/New_York,onsale,PA,Pittsburgh,KovZpZA6taeA,PPG Paints Arena,40.43884010,-79.99085510,Sports,Hockey,NHL,K8vZ9171o8f,Pittsburgh Penguins,NHL REGULAR SEASON,,,
17AOv0G6ClgQDxF,Pittsburgh Penguins vs. Buffalo Sabres (Preseason),https://www.ticketmaster.com/pittsburgh-penguins-vs-buffalo-sabres-preseason-pittsburgh-pennsylvania-09-21-2026/event/160064EAF56BB888,2026-09-21,19:00:00,America/New_York,onsale,PA,Pittsburgh,KovZpZA6taeA,PPG Paints Arena,40.43884010,-79.99085510,Sports,Hockey,NHL,K8vZ9171o8f,Pittsburgh Penguins,NHL REGULAR SEASON,,,
17AOv0G6ClgODxn,Pittsburgh Penguins vs. Nashville Predators,https://www.ticketmaster.com/pittsburgh-penguins-vs-nashville-predators-pittsburgh-pennsylvania-10-24-2026/event/160064EAF583B8AA,2026-10-24,19:00:00,America/New_York,onsale,PA,Pittsburgh,KovZpZA6taeA,PPG Paints Arena,40.43884010,-79.99085510,Sports,Hockey,NHL,K8vZ9171o8f,Pittsburgh Penguins,NHL REGULAR SEASON,,,
17AOv0G6ClgihNT,Pittsburgh Penguins vs. San Jose Sharks,https://www.ticketmaster.com/pittsburgh-penguins-vs-san-jose-sharks-pittsburgh-pennsylvania-12-06-2026/event/160064EAF5B1B8FF,2026-12-06,15:00:00,America/New_York,onsale,PA,Pittsburgh,KovZpZA6taeA,PPG Paints Arena,40.43884010,-79.99085510,Sports,Hockey,NHL,K8vZ9171o8f,Pittsburgh Penguins,NHL REGULAR SEASON,,,
17AOv0G6Clgq5xp,Pittsburgh Penguins vs. Winnipeg Jets,https://www.ticketmaster.com/pittsburgh-penguins-vs-winnipeg-jets-pittsburgh-pennsylvania-10-05-2026/event/160064EAF574B896,2026-10-05,19:30:00,America/New_York,onsale,PA,Pittsburgh,KovZpZA6taeA,PPG Paints Arena,40.43884010,-79.99085510,Sports,Hockey,NHL,K8vZ9171o8f,Pittsburgh Penguins,NHL REGULAR SEASON,,,
17GZv0G6CDmzX6f,Philadelphia Flyers vs. Detroit Red Wings,https://www.ticketmaster.com/philadelphia-flyers-vs-detroit-red-wings-philadelphia-pennsylvania-12-18-2026/event/300064EEEEE3E1D4,2026-12-18,19:00:00,America/New_York,onsale,PA,Philadelphia,KovZ917AiMF,Xfinity Mobile Arena,39.90455100,-75.17362730,Sports,Hockey,NHL,K8vZ9171oy0,Philadelphia Flyers,NHL REGULAR SEASON,,,
17AOv0G6ClgglP8,Pittsburgh Penguins vs. Philadelphia Flyers,https://www.ticketmaster.com/pittsburgh-penguins-vs-philadelphia-flyers-pittsburgh-pennsylvania-01-31-2027/event/160064EAF5D6B950,2027-01-31,12:00:00,America/New_York,onsale,PA,Pittsburgh,KovZpZA6taeA,PPG Paints Arena,40.43884010,-79.99085510,Sports,Hockey,NHL,K8vZ9171o8f,Pittsburgh Penguins,NHL REGULAR SEASON,,,
17AOv0G6ClgEDNO,Pittsburgh Penguins vs. Calgary Flames,https://www.ticketmaster.com/pittsburgh-penguins-vs-calgary-flames-pittsburgh-pennsylvania-11-25-2026/event/160064EAF59FB8E0,2026-11-25,19:00:00,America/New_York,onsale,PA,Pittsburgh,KovZpZA6taeA,PPG Paints Arena,40.43884010,-79.99085510,Sports,Hockey,NHL,K8vZ9171o8f,Pittsburgh Penguins,NHL REGULAR SEASON,,,
17AOv0G6Clgj5x3,Pittsburgh Penguins vs. Detroit Red Wings (Preseason),https://www.ticketmaster.com/pittsburgh-penguins-vs-detroit-red-wings-pittsburgh-pennsylvania-09-22-2026/event/160064EAF570B892,2026-09-22,19:00:00,America/New_York,onsale,PA,Pittsburgh,KovZpZA6taeA,PPG Paints Arena,40.43884010,-79.99085510,Sports,Hockey,NHL,K8vZ9171o8f,Pittsburgh Penguins,NHL REGULAR SEASON,,,
17AOv0G6ClgLlxE,Pittsburgh Penguins vs. Florida Panthers,https://www.ticketmaster.com/pittsburgh-penguins-vs-florida-panthers-pittsburgh-pennsylvania-10-22-2026/event/160064EAF57EB8A7,2026-10-22,19:00:00,America/New_York,onsale,PA,Pittsburgh,KovZpZA6taeA,PPG Paints Arena,40.43884010,-79.99085510,Sports,Hockey,NHL,K8vZ9171o8f,Pittsburgh Penguins,NHL REGULAR SEASON,,,
17GZv0G6CDm_Xdc,Philadelphia Flyers vs. Detroit Red Wings,https://www.ticketmaster.com/philadelphia-flyers-vs-detroit-red-wings-philadelphia-pennsylvania-03-16-2027/event/300064EEEE67E0ED,2027-03-16,19:00:00,America/New_York,onsale,PA,Philadelphia,KovZ917AiMF,Xfinity Mobile Arena,39.90455100,-75.17362730,Sports,Hockey,NHL,K8vZ9171oy0,Philadelphia Flyers,NHL REGULAR SEASON,,,
17AOv0G6ClgShPd,Pittsburgh Penguins vs. Minnesota Wild,https://www.ticketmaster.com/pittsburgh-penguins-vs-minnesota-wild-pittsburgh-pennsylvania-01-01-2027/event/160064EAF5CDB943,2027-01-01,18:00:00,America/New_York,onsale,PA,Pittsburgh,KovZpZA6taeA,PPG Paints Arena,40.43884010,-79.99085510,Sports,Hockey,NHL,K8vZ9171o8f,Pittsburgh Penguins,NHL REGULAR SEASON,,,
17AOv0G6ClgRD0N,Pittsburgh Penguins vs. Seattle Kraken,https://www.ticketmaster.com/pittsburgh-penguins-vs-seattle-kraken-pittsburgh-pennsylvania-12-18-2026/event/160064EAF5BFB923,2026-12-18,19:00:00,America/New_York,onsale,PA,Pittsburgh,KovZpZA6taeA,PPG Paints Arena,40.43884010,-79.99085510,Sports,Hockey,NHL,K8vZ9171o8f,Pittsburgh Penguins,NHL REGULAR SEASON,,,
17AOv0G6Clgy5Pt,Pittsburgh Penguins vs. Philadelphia Flyers,https://www.ticketmaster.com/pittsburgh-penguins-vs-philadelphia-flyers-pittsburgh-pennsylvania-04-03-2027/event/160064EAF5E4B969,2027-04-03,20:00:00,America/New_York,onsale,PA,Pittsburgh,KovZpZA6taeA,PPG Paints Arena,40.43884010,-79.99085510,Sports,Hockey,NHL,K8vZ9171o8f,Pittsburgh Penguins,NHL REGULAR SEASON,,,
17AOv0G6Clga5Or,Pittsburgh Penguins vs. Edmonton Oilers,https://www.ticketmaster.com/pittsburgh-penguins-vs-edmonton-oilers-pittsburgh-pennsylvania-01-03-2027/event/160064EAF524B81E,2027-01-03,15:00:00,America/New_York,onsale,PA,Pittsburgh,KovZpZA6taeA,PPG Paints Arena,40.43884010,-79.99085510,Sports,Hockey,NHL,K8vZ9171o8f,Pittsburgh Penguins,NHL REGULAR SEASON,,,
17AOv0G6ClgN5Nd,Pittsburgh Penguins vs. Vegas Golden Knights,https://www.ticketmaster.com/pittsburgh-penguins-vs-vegas-golden-knights-pittsburgh-pennsylvania-11-03-2026/event/160064EAF58CB8C3,2026-11-03,19:00:00,America/New_York,onsale,PA,Pittsburgh,KovZpZA6taeA,PPG Paints Arena,40.43884010,-79.99085510,Sports,Hockey,NHL,K8vZ9171o8f,Pittsburgh Penguins,NHL REGULAR SEASON,,,
17AOv0G6Clgph-M,Pittsburgh Penguins vs. New Jersey Devils,https://www.ticketmaster.com/pittsburgh-penguins-vs-new-jersey-devils-pittsburgh-pennsylvania-03-25-2027/event/160064EAF559B877,2027-03-25,19:00:00,America/New_York,onsale,PA,Pittsburgh,KovZpZA6taeA,PPG Paints Arena,40.43884010,-79.99085510,Sports,Hockey,NHL,K8vZ9171o8f,Pittsburgh Penguins,NHL REGULAR SEASON,,,
17AOv0G6Clgw50V,Pittsburgh Penguins vs. Carolina Hurricanes,https://www.ticketmaster.com/pittsburgh-penguins-vs-carolina-hurricanes-pittsburgh-pennsylvania-12-29-2026/event/160064EAF5C8B934,2026-12-29,19:00:00,America/New_York,onsale,PA,Pittsburgh,KovZpZA6taeA,PPG Paints Arena,40.43884010,-79.99085510,Sports,Hockey,NHL,K8vZ9171o8f,Pittsburgh Penguins,NHL REGULAR SEASON,,,
17AOv0G6Clgx5xy,Pittsburgh Penguins vs. Utah Mammoth,https://www.ticketmaster.com/pittsburgh-penguins-vs-utah-mammoth-pittsburgh-pennsylvania-10-29-2026/event/160064EAF588B8B9,2026-10-29,19:00:00,America/New_York,onsale,PA,Pittsburgh,KovZpZA6taeA,PPG Paints Arena,40.43884010,-79.99085510,Sports,Hockey,NHL,K8vZ9171o8f,Pittsburgh Penguins,NHL REGULAR SEASON,,,
17AOv0G6Clgch0u,Pittsburgh Penguins vs. Chicago Blackhawks,https://www.ticketmaster.com/pittsburgh-penguins-vs-chicago-blackhawks-pittsburgh-pennsylvania-12-08-2026/event/160064EAF5B5B90D,2026-12-08,19:30:00,America/New_York,onsale,PA,Pittsburgh,KovZpZA6taeA,PPG Paints Arena,40.43884010,-79.99085510,Sports,Hockey,NHL,K8vZ9171o8f,Pittsburgh Penguins,NHL REGULAR SEASON,,,
17AOv0G6ClgYD0l,Pittsburgh Penguins vs. Buffalo Sabres,https://www.ticketmaster.com/pittsburgh-penguins-vs-buffalo-sabres-pittsburgh-pennsylvania-12-22-2026/event/160064EAF5C3B92B,2026-12-22,19:00:00,America/New_York,onsale,PA,Pittsburgh,KovZpZA6taeA,PPG Paints Arena,40.43884010,-79.99085510,Sports,Hockey,NHL,K8vZ9171o8f,Pittsburgh Penguins,NHL REGULAR SEASON,,,
17AOv0G6ClgC5-e,Pittsburgh Penguins vs. Vancouver Canucks,https://www.ticketmaster.com/pittsburgh-penguins-vs-vancouver-canucks-pittsburgh-pennsylvania-01-23-2027/event/160064EAF538B842,2027-01-23,19:00:00,America/New_York,onsale,PA,Pittsburgh,KovZpZA6taeA,PPG Paints Arena,40.43884010,-79.99085510,Sports,Hockey,NHL,K8vZ9171o8f,Pittsburgh Penguins,NHL REGULAR SEASON,,,
Z7r9jZ1A7JbbM,Pittsburgh Pirates vs. New York Yankees,https://www.ticketmaster.com/event/Z7r9jZ1A7JbbM,2027-04-05,,,offsale,PA,Pittsburgh,ZFr9jZdvae,PNC Park,40.455898000,-80.066299000,Sports,Baseball,MLB,K8vZ9171oAV,Pittsburgh Pirates,,,,
Z7r9jZ1A7Jbbz,Pittsburgh Pirates vs. New York Yankees,https://www.ticketmaster.com/event/Z7r9jZ1A7Jbbz,2027-04-06,,,offsale,PA,Pittsburgh,ZFr9jZdvae,PNC Park,40.455898000,-80.066299000,Sports,Baseball,MLB,K8vZ9171oAV,Pittsburgh Pirates,,,,
Z7r9jZ1A7Jbby,Pittsburgh Pirates vs. New York Yankees,https://www.ticketmaster.com/event/Z7r9jZ1A7Jbby,2027-04-07,,,offsale,PA,Pittsburgh,ZFr9jZdvae,PNC Park,40.455898000,-80.066299000,Sports,Baseball,MLB,K8vZ9171oAV,Pittsburgh Pirates,,,,
1AdZZ_8GkwEKV_9,Philadelphia 76ers vs. Houston Rockets,https://www.ticketmaster.com/philadelphia-76ers-vs-houston-rockets-philadelphia-pennsylvania-12-23-2026/event/3000650CA74F4657,2026-12-23,19:30:00,America/New_York,onsale,PA,Philadelphia,KovZ917AiMF,Xfinity Mobile Arena,39.90455100,-75.17362730,Sports,Basketball,NBA,K8vZ9171oZ0,Philadelphia 76ers,NBA REGULAR SEASON,,,
17AOv0G6Clg45-s,Pittsburgh Penguins vs. Detroit Red Wings,https://www.ticketmaster.com/pittsburgh-penguins-vs-detroit-red-wings-pittsburgh-pennsylvania-03-14-2027/event/160064EAF554B871,2027-03-14,14:00:00,America/New_York,onsale,PA,Pittsburgh,KovZpZA6taeA,PPG Paints Arena,40.43884010,-79.99085510,Sports,Hockey,NHL,K8vZ9171o8f,Pittsburgh Penguins,NHL REGULAR SEASON,,,
17AOv0G6ClgDlPz,Pittsburgh Penguins vs. Los Angeles Kings,https://www.ticketmaster.com/pittsburgh-penguins-vs-los-angeles-kings-pittsburgh-pennsylvania-12-17-2026/event/160064EAF5EEB978,2026-12-17,19:00:00,America/New_York,onsale,PA,Pittsburgh,KovZpZA6taeA,PPG Paints Arena,40.43884010,-79.99085510,Sports,Hockey,NHL,K8vZ9171o8f,Pittsburgh Penguins,NHL REGULAR SEASON,,,
17AOv0G6ClgJDNq,Pittsburgh Penguins vs. St. Louis Blues,https://www.ticketmaster.com/pittsburgh-penguins-vs-st-louis-blues-pittsburgh-pennsylvania-11-19-2026/event/160064EAF59BB8DD,2026-11-19,19:00:00,America/New_York,onsale,PA,Pittsburgh,KovZpZA6taeA,PPG Paints Arena,40.43884010,-79.99085510,Sports,Hockey,NHL,K8vZ9171o8f,Pittsburgh Penguins,NHL REGULAR SEASON,,,
17AOv0G6Clg1lOn,Pittsburgh Penguins vs. Colorado Avalanche,https://www.ticketmaster.com/pittsburgh-penguins-vs-colorado-avalanche-pittsburgh-pennsylvania-01-12-2027/event/160064EAF52AB82A,2027-01-12,19:00:00,America/New_York,onsale,PA,Pittsburgh,KovZpZA6taeA,PPG Paints Arena,40.43884010,-79.99085510,Sports,Hockey,NHL,K8vZ9171o8f,Pittsburgh Penguins,NHL REGULAR SEASON,,,
17AOv0G6Clgn5NS,Pittsburgh Penguins vs. Columbus Blue Jackets,https://www.ticketmaster.com/pittsburgh-penguins-vs-columbus-blue-jackets-pittsburgh-pennsylvania-11-30-2026/event/160064EAF5A8B8F3,2026-11-30,19:00:00,America/New_York,onsale,PA,Pittsburgh,KovZpZA6taeA,PPG Paints Arena,40.43884010,-79.99085510,Sports,Hockey,NHL,K8vZ9171o8f,Pittsburgh Penguins,NHL REGULAR SEASON,,,
17AOv0G6Clg9h-W,Pittsburgh Penguins vs. Carolina Hurricanes,https://www.ticketmaster.com/pittsburgh-penguins-vs-carolina-hurricanes-pittsburgh-pennsylvania-03-27-2027/event/160064EAF55DB87D,2027-03-27,19:00:00,America/New_York,onsale,PA,Pittsburgh,KovZpZA6taeA,PPG Paints Arena,40.43884010,-79.99085510,Sports,Hockey,NHL,K8vZ9171o8f,Pittsburgh Penguins,NHL REGULAR SEASON,,,
17AOv0G6Clgu5OW,Pittsburgh Penguins vs. Anaheim Ducks,https://www.ticketmaster.com/pittsburgh-penguins-vs-anaheim-ducks-pittsburgh-pennsylvania-01-21-2027/event/160064EAF534B83D,2027-01-21,19:00:00,America/New_York,onsale,PA,Pittsburgh,KovZpZA6taeA,PPG Paints Arena,40.43884010,-79.99085510,Sports,Hockey,NHL,K8vZ9171o8f,Pittsburgh Penguins,NHL REGULAR SEASON,,,
17AOv0G6Clgol-O,Pittsburgh Penguins vs. Ottawa Senators,https://www.ticketmaster.com/pittsburgh-penguins-vs-ottawa-senators-pittsburgh-pennsylvania-03-09-2027/event/160064EAF546B860,2027-03-09,19:00:00,America/New_York,onsale,PA,Pittsburgh,KovZpZA6taeA,PPG Paints Arena,40.43884010,-79.99085510,Sports,Hockey,NHL,K8vZ9171o8f,Pittsburgh Penguins,NHL REGULAR SEASON,,,
17AOv0G6Clgz5PO,Pittsburgh Penguins vs. Columbus Blue Jackets,https://www.ticketmaster.com/pittsburgh-penguins-vs-columbus-blue-jackets-pittsburgh-pennsylvania-03-22-2027/event/160064EAF5E0B960,2027-03-22,19:00:00,America/New_York,onsale,PA,Pittsburgh,KovZpZA6taeA,PPG Paints Arena,40.43884010,-79.99085510,Sports,Hockey,NHL,K8vZ9171o8f,Pittsburgh Penguins,NHL REGULAR SEASON,,,
17AOv0G61L1nqWd,Pittsburgh Penguins Season Ticket Interest Form,https://am.ticketmaster.com/penguins/interestform,2026-09-20,19:00:00,America/New_York,onsale,PA,Pittsburgh,KovZpZA6taeA,PPG Paints Arena,40.43884010,-79.99085510,Sports,Hockey,NHL,K8vZ9171o8f,Pittsburgh Penguins,PROMOTED BY VENUE,,,
1AdZZ_8GkwJg04G,Philadelphia 76ers vs. Chicago Bulls,https://www.ticketmaster.com/philadelphia-76ers-vs-chicago-bulls-philadelphia-pennsylvania-03-17-2027/event/3000650CA6D6454C,2027-03-17,19:00:00,America/New_York,onsale,PA,Philadelphia,KovZ917AiMF,Xfinity Mobile Arena,39.90455100,-75.17362730,Sports,Basketball,NBA,K8vZ9171oZ0,Philadelphia 76ers,NBA REGULAR SEASON,,,
17GZv0G6CDm-m7i,Preseason: Washington Capitals v Philadelphia Flyers,https://www.ticketmaster.com/preseason-washington-capitals-v-philadelphia-flyers-philadelphia-pennsylvania-09-26-2026/event/300064EEEE86E12C,2026-09-26,17:00:00,America/New_York,onsale,PA,Philadelphia,KovZ917AiMF,Xfinity Mobile Arena,39.90455100,-75.17362730,Sports,Hockey,NHL,K8vZ9171oy0,Philadelphia Flyers,NHL EXHIBITION & PRESEASON,,,
1AdZZ_8GkwJtfKD,Philadelphia 76ers vs. Detroit Pistons,https://www.ticketmaster.com/philadelphia-76ers-vs-detroit-pistons-philadelphia-pennsylvania-02-05-2027/event/3000650CA6A544FB,2027-02-05,19:00:00,America/New_York,onsale,PA,Philadelphia,KovZ917AiMF,Xfinity Mobile Arena,39.90455100,-75.17362730,Sports,Basketball,NBA,K8vZ9171oZ0,Philadelphia 76ers,NBA REGULAR SEASON,,,
17GZv0G6CDmLC79,Philadelphia Flyers vs. Washington Capitals,https://www.ticketmaster.com/philadelphia-flyers-vs-washington-capitals-philadelphia-pennsylvania-04-10-2027/event/300064EEEE7CE117,2027-04-10,12:00:00,America/New_York,onsale,PA,Philadelphia,KovZ917AiMF,Xfinity Mobile Arena,39.90455100,-75.17362730,Sports,Hockey,NHL,K8vZ9171oy0,Philadelphia Flyers,NHL REGULAR SEASON,,,
1AdZZ_8GkwJP7K9,Philadelphia 76ers vs. LA Clippers,https://www.ticketmaster.com/philadelphia-76ers-vs-la-clippers-philadelphia-pennsylvania-01-25-2027/event/3000650CA69444D7,2027-01-25,19:00:00,America/New_York,onsale,PA,Philadelphia,KovZ917AiMF,Xfinity Mobile Arena,39.90455100,-75.17362730,Sports,Basketball,NBA,K8vZ9171oZ0,Philadelphia 76ers,NBA REGULAR SEASON,,,
17GZv0G6CDmqX75,Philadelphia Flyers vs. Washington Capitals,https://www.ticketmaster.com/philadelphia-flyers-vs-washington-capitals-philadelphia-pennsylvania-04-01-2027/event/300064EEEE77E10B,2027-04-01,19:00:00,America/New_York,onsale,PA,Philadelphia,KovZ917AiMF,Xfinity Mobile Arena,39.90455100,-75.17362730,Sports,Hockey,NHL,K8vZ9171oy0,Philadelphia Flyers,NHL REGULAR SEASON,,,
17GZv0G6CDmMm68,Philadelphia Flyers vs. New York Rangers,https://www.ticketmaster.com/philadelphia-flyers-vs-new-york-rangers-philadelphia-pennsylvania-12-16-2026/event/300064EEEEDEE1D0,2026-12-16,19:30:00,America/New_York,onsale,PA,Philadelphia,KovZ917AiMF,Xfinity Mobile Arena,39.90455100,-75.17362730,Sports,Hockey,NHL,K8vZ9171oy0,Philadelphia Flyers,NHL REGULAR SEASON,,,
17GZv0G6CDmoreO,Philadelphia Flyers vs. New York Rangers,https://www.ticketmaster.com/philadelphia-flyers-vs-new-york-rangers-philadelphia-pennsylvania-02-20-2027/event/300064EEEE45E0A0,2027-02-20,12:00:00,America/New_York,onsale,PA,Philadelphia,KovZ917AiMF,Xfinity Mobile Arena,39.90455100,-75.17362730,Sports,Hockey,NHL,K8vZ9171oy0,Philadelphia Flyers,NHL REGULAR SEASON,,,
17AOv0G6Clgt5Nn,Pittsburgh Penguins vs. Toronto Maple Leafs,https://www.ticketmaster.com/pittsburgh-penguins-vs-toronto-maple-leafs-pittsburgh-pennsylvania-11-28-2026/event/160064EAF5A4B8EA,2026-11-28,19:00:00,America/New_York,onsale,PA,Pittsburgh,KovZpZA6taeA,PPG Paints Arena,40.43884010,-79.99085510,Sports,Hockey,NHL,K8vZ9171o8f,Pittsburgh Penguins,NHL REGULAR SEASON,,,
17AOv0G6ClgKD-c,Pittsburgh Penguins vs. Washington Capitals,https://www.ticketmaster.com/pittsburgh-penguins-vs-washington-capitals-pittsburgh-pennsylvania-03-13-2027/event/160064EAF54FB86D,2027-03-13,15:00:00,America/New_York,onsale,PA,Pittsburgh,KovZpZA6taeA,PPG Paints Arena,40.43884010,-79.99085510,Sports,Hockey,NHL,K8vZ9171o8f,Pittsburgh Penguins,NHL REGULAR SEASON,,,
17AOv0G6Clg5DOY,Pittsburgh Penguins vs. Washington Capitals,https://www.ticketmaster.com/pittsburgh-penguins-vs-washington-capitals-pittsburgh-pennsylvania-01-18-2027/event/160064EAF52FB830,2027-01-18,16:00:00,America/New_York,onsale,PA,Pittsburgh,KovZpZA6taeA,PPG Paints Arena,40.43884010,-79.99085510,Sports,Hockey,NHL,K8vZ9171o8f,Pittsburgh Penguins,NHL REGULAR SEASON,,,
17AOv0G6Clg2h-A,Pittsburgh Penguins vs. Toronto Maple Leafs,https://www.ticketmaster.com/pittsburgh-penguins-vs-toronto-maple-leafs-pittsburgh-pennsylvania-02-25-2027/event/160064EAF53DB845,2027-02-25,19:00:00,America/New_York,onsale,PA,Pittsburgh,KovZpZA6taeA,PPG Paints Arena,40.43884010,-79.99085510,Sports,Hockey,NHL,K8vZ9171o8f,Pittsburgh Penguins,NHL REGULAR SEASON,,,
17GZv0G6CDm7XZB,Philadelphia Flyers vs. Toronto Maple Leafs,https://www.ticketmaster.com/philadelphia-flyers-vs-toronto-maple-leafs-philadelphia-pennsylvania-01-07-2027/event/300064EEEE13E03A,2027-01-07,19:00:00,America/New_York,onsale,PA,Philadelphia,KovZ917AiMF,Xfinity Mobile Arena,39.90455100,-75.17362730,Sports,Hockey,NHL,K8vZ9171oy0,Philadelphia Flyers,NHL REGULAR SEASON,,,
17AOv0G6Clg8l-2,Pittsburgh Penguins vs. New York Rangers,https://www.ticketmaster.com/pittsburgh-penguins-vs-new-york-rangers-pittsburgh-pennsylvania-02-28-2027/event/160064EAF542B84F,2027-02-28,13:00:00,America/New_York,onsale,PA,Pittsburgh,KovZpZA6taeA,PPG Paints Arena,40.43884010,-79.99085510,Sports,Hockey,NHL,K8vZ9171o8f,Pittsburgh Penguins,NHL REGULAR SEASON,,,
17AOv0G6ClgVhPG,Pittsburgh Penguins vs. New York Rangers,https://www.ticketmaster.com/pittsburgh-penguins-vs-new-york-rangers-pittsburgh-pennsylvania-01-29-2027/event/160064EAF5D1B94C,2027-01-29,19:00:00,America/New_York,onsale,PA,Pittsburgh,KovZpZA6taeA,PPG Paints Arena,40.43884010,-79.99085510,Sports,Hockey,NHL,K8vZ9171o8f,Pittsburgh Penguins,NHL REGULAR SEASON,,,
17GZv0G6CDm9rdp,Philadelphia Flyers vs. Dallas Stars,https://www.ticketmaster.com/philadelphia-flyers-vs-dallas-stars-philadelphia-pennsylvania-03-05-2027/event/300064EEEE5DE0D6,2027-03-05,19:00:00,America/New_York,onsale,PA,Philadelphia,KovZ917AiMF,Xfinity Mobile Arena,39.90455100,-75.17362730,Sports,Hockey,NHL,K8vZ9171oy0,Philadelphia Flyers,NHL REGULAR SEASON,,,
17AOv0G6Clgrhx_,Pittsburgh Penguins vs. Dallas Stars,https://www.ticketmaster.com/pittsburgh-penguins-vs-dallas-stars-pittsburgh-pennsylvania-10-10-2026/event/160064EAF579B899,2026-10-10,19:00:00,America/New_York,onsale,PA,Pittsburgh,KovZpZA6taeA,PPG Paints Arena,40.43884010,-79.99085510,Sports,Hockey,NHL,K8vZ9171o8f,Pittsburgh Penguins,NHL REGULAR SEASON,,,
1AdZZ_8GkwECfbS,Philadelphia 76ers vs. Denver Nuggets,https://www.ticketmaster.com/philadelphia-76ers-vs-denver-nuggets-philadelphia-pennsylvania-12-02-2026/event/3000650CA7394633,2026-12-02,19:00:00,America/New_York,onsale,PA,Philadelphia,KovZ917AiMF,Xfinity Mobile Arena,39.90455100,-75.17362730,Sports,Basketball,NBA,K8vZ9171oZ0,Philadelphia 76ers,NBA REGULAR SEASON,,,
vvG1FZ_u1rNiqw,NHL Preseason - Washington Capitals Vs. Philadelphia Flyers,https://www.ticketmaster.com/nhl-preseason-washington-capitals-vs-philadelphia-hershey-pennsylvania-09-21-2026/event/020064D29E8EC772,2026-09-21,19:00:00,America/New_York,onsale,PA,Hershey,KovZpZAdE6dA,GIANT Center,40.28571700,-76.67587480,Sports,Hockey,NHL,K8vZ9171o8V,Washington Capitals,PROMOTED BY VENUE,,,
17GZv0G6CDmwrkt,Philadelphia Flyers vs. New York Islanders,https://www.ticketmaster.com/philadelphia-flyers-vs-new-york-islanders-philadelphia-pennsylvania-11-28-2026/event/300064EEEEC9E1A9,2026-11-28,19:30:00,America/New_York,onsale,PA,Philadelphia,KovZ917AiMF,Xfinity Mobile Arena,39.90455100,-75.17362730,Sports,Hockey,NHL,K8vZ9171oy0,Philadelphia Flyers,NHL REGULAR SEASON,,,
17GZv0G6CDmSmkS,Philadelphia Flyers vs. New York Islanders,https://www.ticketmaster.com/philadelphia-flyers-vs-new-york-islanders-philadelphia-pennsylvania-12-03-2026/event/300064EEEECEE1B3,2026-12-03,19:00:00,America/New_York,onsale,PA,Philadelphia,KovZ917AiMF,Xfinity Mobile Arena,39.90455100,-75.17362730,Sports,Hockey,NHL,K8vZ9171oy0,Philadelphia Flyers,NHL REGULAR SEASON,,,
17AOv0G6Clg_Dx7,Pittsburgh Penguins vs. New York Islanders,https://www.ticketmaster.com/pittsburgh-penguins-vs-new-york-islanders-pittsburgh-pennsylvania-04-01-2027/event/160064EAF567B884,2027-04-01,19:00:00,America/New_York,onsale,PA,Pittsburgh,KovZpZA6taeA,PPG Paints Arena,40.43884010,-79.99085510,Sports,Hockey,NHL,K8vZ9171o8f,Pittsburgh Penguins,NHL REGULAR SEASON,,,
17AOv0G6Clgblxe,Pittsburgh Penguins vs. New York Islanders,https://www.ticketmaster.com/pittsburgh-penguins-vs-new-york-islanders-pittsburgh-pennsylvania-01-26-2027/event/160064EAF562B882,2027-01-26,19:00:00,America/New_York,onsale,PA,Pittsburgh,KovZpZA6taeA,PPG Paints Arena,40.43884010,-79.99085510,Sports,Hockey,NHL,K8vZ9171o8f,Pittsburgh Penguins,NHL REGULAR SEASON,,,
Z7r9jZ1A7JbeK,Philadelphia Phillies vs. Los Angeles Dodgers,https://www.ticketmaster.com/event/Z7r9jZ1A7JbeK,2027-04-20,,,offsale,PA,Philadelphia,ZFr9jZ7edk,Citizens Bank Park,39.910999000,-75.153397000,Sports,Baseball,MLB,K8vZ91718B0,Philadelphia Phillies,,,,
Z7r9jZ1A7Jbef,Philadelphia Phillies vs. Los Angeles Dodgers,https://www.ticketmaster.com/event/Z7r9jZ1A7Jbef,2027-04-21,,,offsale,PA,Philadelphia,ZFr9jZ7edk,Citizens Bank Park,39.910999000,-75.153397000,Sports,Baseball,MLB,K8vZ91718B0,Philadelphia Phillies,,,,
Z7r9jZ1A7Jbe4,Philadelphia Phillies vs. Los Angeles Dodgers,https://www.ticketmaster.com/event/Z7r9jZ1A7Jbe4,2027-04-22,,,offsale,PA,Philadelphia,ZFr9jZ7edk,Citizens Bank Park,39.910999000,-75.153397000,Sports,Baseball,MLB,K8vZ91718B0,Philadelphia Phillies,,,,
Z7r9jZ1A7Jb_U,Pittsburgh Pirates vs. Los Angeles Dodgers,https://www.ticketmaster.com/event/Z7r9jZ1A7Jb_U,2027-07-06,,,offsale,PA,Pittsburgh,ZFr9jZdvae,PNC Park,40.455898000,-80.066299000,Sports,Baseball,MLB,K8vZ9171oAV,Pittsburgh Pirates,,,,
Z7r9jZ1A7Jb_M,Pittsburgh Pirates vs. Los Angeles Dodgers,https://www.ticketmaster.com/event/Z7r9jZ1A7Jb_M,2027-07-07,,,offsale,PA,Pittsburgh,ZFr9jZdvae,PNC Park,40.455898000,-80.066299000,Sports,Baseball,MLB,K8vZ9171oAV,Pittsburgh Pirates,,,,
Z7r9jZ1A7Jb_z,Pittsburgh Pirates vs. Los Angeles Dodgers,https://www.ticketmaster.com/event/Z7r9jZ1A7Jb_z,2027-07-08,,,offsale,PA,Pittsburgh,ZFr9jZdvae,PNC Park,40.455898000,-80.066299000,Sports,Baseball,MLB,K8vZ9171oAV,Pittsburgh Pirates,,,,
Z7r9jZ1A7P380,Lady A - Ages 21+,https://www.ticketmaster.com/event/Z7r9jZ1A7P380,2026-12-18,20:00:00,,onsale,PA,Bensalem,Z7r9jZadD1,Xcite Center,40.106800000,-74.937897000,Music,Country,Country Folk,K8vZ917GFIf,Lady A,,,,
Z7r9jZ1A7r80g,Philadelphia Union vs. Orlando City SC,https://www.ticketmaster.com/event/Z7r9jZ1A7r80g,2026-09-26,19:30:00,,onsale,PA,Chester,ZFr9jZF6F7,Subaru Park,39.846298000,-75.374001000,Sports,Soccer,MLS,K8vZ917G-z0,Philadelphia Union,,,,
vv1AeZkGsGkdcEk7P,Ed Sheeran: LOOP Tour,https://www.ticketmaster.com/ed-sheeran-loop-tour-philadelphia-pennsylvania-09-19-2026/event/02006331ED9C6125,2026-09-19,20:00:00,America/New_York,onsale,PA,Philadelphia,KovZpa2yme,Lincoln Financial Field,39.900706,-75.167406,Music,Pop,Electro Pop,K8vZ917CAQV,Ed Sheeran,THE MESSINA GROUP (TMG),,,
vv17FZ_8GklpK2ll,Luke Combs - My Kinda Saturday Night Tour 2027,https://www.ticketmaster.com/luke-combs-my-kinda-saturday-night-philadelphia-pennsylvania-04-24-2027/event/0200650AD64CFAEB,2027-04-24,17:20:00,America/New_York,onsale,PA,Philadelphia,KovZpa2yme,Lincoln Financial Field,39.900706,-75.167406,Music,Country,Country,K8vZ917KVr7,Luke Combs,AEG LIVE,,,
1AdZZ_8GkBPbARL,Trans-Siberian Orchestra - The Ghosts Of Christmas Eve,https://www.ticketmaster.com/transsiberian-orchestra-the-ghosts-of-christmas-philadelphia-pennsylvania-12-20-2026/event/3000650EA5605BDF,2026-12-20,15:00:00,America/New_York,onsale,PA,Philadelphia,KovZ917AiMF,Xfinity Mobile Arena,39.90455100,-75.17362730,Music,Rock,Pop,K8vZ9171L10,Trans-Siberian Orchestra,LIVE NATION MUSIC,,,
1AdZZ_8GkBPMgVp,Trans-Siberian Orchestra - The Ghosts Of Christmas Eve,https://www.ticketmaster.com/transsiberian-orchestra-the-ghosts-of-christmas-philadelphia-pennsylvania-12-20-2026/event/3000650EA5DF5D16,2026-12-20,19:30:00,America/New_York,onsale,PA,Philadelphia,KovZ917AiMF,Xfinity Mobile Arena,39.90455100,-75.17362730,Music,Rock,Pop,K8vZ9171L10,Trans-Siberian Orchestra,LIVE NATION MUSIC,,,
17AOv0G6uky4i7Y,Rod Wave: Don't Look Down Tour,https://www.ticketmaster.com/rod-wave-dont-look-down-tour-pittsburgh-pennsylvania-10-23-2026/event/160064D1B956C130,2026-10-23,20:00:00,America/New_York,onsale,PA,Pittsburgh,KovZpZA6taeA,PPG Paints Arena,40.43884010,-79.99085510,Music,Hip-Hop/Rap,Trap,K8vZ917b8z7,Rod Wave,LIVE NATION MUSIC,,,
1ApZkfdGkeJ_JI6,Trans-Siberian Orchestra - The Ghosts Of Christmas Eve,https://www.ticketmaster.com/transsiberian-orchestra-the-ghosts-of-christmas-pittsburgh-pennsylvania-12-19-2026/event/16006503A6666A07,2026-12-19,14:30:00,America/New_York,onsale,PA,Pittsburgh,KovZpZA6taeA,PPG Paints Arena,40.43884010,-79.99085510,Music,Rock,Pop,K8vZ9171L10,Trans-Siberian Orchestra,LIVE NATION MUSIC,,,
1ApZkfdGkeEJpRS,Trans-Siberian Orchestra - The Ghosts Of Christmas Eve,https://www.ticketmaster.com/transsiberian-orchestra-the-ghosts-of-christmas-pittsburgh-pennsylvania-12-19-2026/event/16006503A7996BF3,2026-12-19,19:30:00,America/New_York,onsale,PA,Pittsburgh,KovZpZA6taeA,PPG Paints Arena,40.43884010,-79.99085510,Music,Rock,Pop,K8vZ9171L10,Trans-Siberian Orchestra,LIVE NATION MUSIC,,,
vv17FZ_kGkyU2g-z,Lil Wayne 20 Years of Carter Classics,https://www.ticketmaster.com/lil-wayne-20-years-of-carter-university-park-pennsylvania-09-18-2026/event/0200646E763F5878,2026-09-18,20:00:00,America/New_York,offsale,PA,University Park,KovZpaoUze,Bryce Jordan Center,40.80864350,-77.85584480,Music,Hip-Hop/Rap,Trap,K8vZ917GemV,Lil Wayne,LIVE NATION MUSIC,,,
1AvbZ_8GkD1oiqd,Luke Combs - My Kinda Saturday Night Tour 2027,https://www.ticketmaster.com/luke-combs-my-kinda-saturday-night-pittsburgh-pennsylvania-05-08-2027/event/1600650ECA46C743,2027-05-08,17:20:00,America/New_York,onsale,PA,Pittsburgh,KovZpZAFa6nA,Acrisure Stadium,40.44609300,-80.01588400,Music,Country,Country,K8vZ917KVr7,Luke Combs,AEG - TICKETING,,,
vv16eZkuPoYZAG55av,"""Weird Al"" Yankovic: Bigger & Weirder 2026 Tour",https://www.ticketmaster.com/weird-al-yankovic-bigger-weirder-2026-university-park-pennsylvania-10-11-2026/event/02006365470BAA80,2026-10-11,19:30:00,America/New_York,onsale,PA,University Park,KovZpaoUze,Bryce Jordan Center,40.80864350,-77.85584480,Arts & Theatre,Comedy,Comedy,K8vZ9171ux0,Weird Al Yankovic,LIVE NATION MUSIC,,,
vvG1FZ_1udEDTR,"MercyMe, Jeremy Camp, Tim Timmons, Sam Wesley",https://www.ticketmaster.com/mercyme-jeremy-camp-tim-timmons-sam-university-park-pennsylvania-10-24-2026/event/020064A3439FBFEF,2026-10-24,19:00:00,America/New_York,onsale,PA,University Park,KovZpaoUze,Bryce Jordan Center,40.80864350,-77.85584480,Music,Rock,Pop,K8vZ9175_R0,MercyMe,PROMOTED BY VENUE,,,
vvG1FZ_55aAnmw,JOHN SUMMIT - CTRL ESCAPE ARENA TOUR,https://www.ticketmaster.com/john-summit-ctrl-escape-arena-tour-university-park-pennsylvania-10-30-2026/event/020064B2C916ABB2,2026-10-30,19:00:00,America/New_York,onsale,PA,University Park,KovZpaoUze,Bryce Jordan Center,40.80864350,-77.85584480,Music,Dance/Electronic,Amapiano,K8vZ917_pO7,John Summit,LIVE NATION MUSIC,,,
1AdZZ_aGkMZLMMg,Olivia Rodrigo: The Unraveled Tour,https://www.ticketmaster.com/olivia-rodrigo-the-unraveled-tour-philadelphia-pennsylvania-11-07-2026/event/3000649DC07F7DF5,2026-11-07,19:00:00,America/New_York,onsale,PA,Philadelphia,KovZ917AiMF,Xfinity Mobile Arena,39.90455100,-75.17362730,Music,Pop,Electro Pop,K8vZ917_Su0,Olivia Rodrigo,LIVE NATION MUSIC,,,
1AdZZ_FGkM5WPjT,Teddy Swims: The UGLY Tour,https://www.ticketmaster.com/teddy-swims-the-ugly-tour-philadelphia-pennsylvania-10-10-2026/event/3000648DCBF6573F,2026-10-10,19:00:00,America/New_York,onsale,PA,Philadelphia,KovZ917AiMF,Xfinity Mobile Arena,39.90455100,-75.17362730,Music,Pop,Electro Pop,K8vZ917bnP0,Teddy Swims,AEG LIVE,,,
vv17FZ_8GkUnFdCY,Alabama Live In Concert,https://www.ticketmaster.com/alabama-live-in-concert-university-park-pennsylvania-10-09-2026/event/0200650DAA2033B0,2026-10-09,19:00:00,America/New_York,onsale,PA,University Park,KovZpaoUze,Bryce Jordan Center,40.80864350,-77.85584480,Music,Country,Country,K8vZ9171FG0,Alabama,OUTBACK CONCERTS,,,
vv1AeZkfIGkdubjP8,Kenny Chesney: The Original Vibe Room Tour with Eric Church,https://www.ticketmaster.com/kenny-chesney-the-original-vibe-room-philadelphia-pennsylvania-06-12-2027/event/02006528CD61C950,2027-06-12,16:30:00,America/New_York,offsale,PA,Philadelphia,KovZpa2yme,Lincoln Financial Field,39.900706,-75.167406,Music,Country,Country,K8vZ9171f30,Kenny Chesney,THE MESSINA GROUP (TMG),,,
1AvbZ_aGkM9w2rv,Olivia Rodrigo: The Unraveled Tour,https://www.ticketmaster.com/olivia-rodrigo-the-unraveled-tour-pittsburgh-pennsylvania-09-29-2026/event/1600649DD7C8F781,2026-09-29,19:00:00,America/New_York,onsale,PA,Pittsburgh,KovZpZA6taeA,PPG Paints Arena,40.43884010,-79.99085510,Music,Pop,Electro Pop,K8vZ917_Su0,Olivia Rodrigo,LIVE NATION MUSIC,,,
1AdZZ_aGkMZOEMy,Olivia Rodrigo: The Unraveled Tour,https://www.ticketmaster.com/olivia-rodrigo-the-unraveled-tour-philadelphia-pennsylvania-11-08-2026/event/3000649DC0827DF9,2026-11-08,19:00:00,America/New_York,onsale,PA,Philadelphia,KovZ917AiMF,Xfinity Mobile Arena,39.90455100,-75.17362730,Music,Pop,Electro Pop,K8vZ917_Su0,Olivia Rodrigo,LIVE NATION MUSIC,,,
1ApZkfdGkdrCD8B,Pentatonix: Christmas in the City Tour ,https://www.ticketmaster.com/pentatonix-christmas-in-the-city-tour-pittsburgh-pennsylvania-11-21-2026/event/16006503DE3BB43A,2026-11-21,19:00:00,America/New_York,onsale,PA,Pittsburgh,KovZpZA6taeA,PPG Paints Arena,40.43884010,-79.99085510,Music,Rock,Pop,K8vZ9172Wtf,Pentatonix,LIVE NATION MUSIC,,,
1AYZk8yGkdwg9ej,"ANDREA BOCELLI ""Romanza - 30th Anniversary World Tour""",https://www.ticketmaster.com/andrea-bocelli-romanza-30th-anniversary-world-philadelphia-pennsylvania-12-22-2026/event/30006439F2D5709C,2026-12-22,20:00:00,America/New_York,onsale,PA,Philadelphia,KovZ917AiMF,Xfinity Mobile Arena,39.90455100,-75.17362730,Music,Classical,Classical/Vocal,K8vZ9171bQ0,Andrea Bocelli,AEG LIVE,,,
vv1AOv0jVGA55LFv,John Mulaney: Mister Whatever,https://www.ticketmaster.com/john-mulaney-mister-whatever-university-park-pennsylvania-10-22-2026/event/020064734B2DF201,2026-10-22,19:30:00,America/New_York,onsale,PA,University Park,KovZpaoUze,Bryce Jordan Center,40.80864350,-77.85584480,Arts & Theatre,Comedy,Comedy,K8vZ917CjDV,John Mulaney,PROMOTED BY VENUE,,,
vv17FZbgGkXzXB8X,AC/DC - POWER UP TOUR 2026 ,https://www.ticketmaster.com/acdc-power-up-tour-2026-philadelphia-pennsylvania-09-29-2026/event/0200635FB8FBA43E,2026-09-29,19:00:00,America/New_York,onsale,PA,Philadelphia,KovZpa2yme,Lincoln Financial Field,39.900706,-75.167406,Music,Metal,Nu-Metal,K8vZ91715hf,AC/DC,LIVE NATION MUSIC,,,
1AvbZ_aGkM9wRr7,Olivia Rodrigo: The Unraveled Tour,https://www.ticketmaster.com/olivia-rodrigo-the-unraveled-tour-pittsburgh-pennsylvania-09-30-2026/event/1600649DD7CAF784,2026-09-30,19:00:00,America/New_York,onsale,PA,Pittsburgh,KovZpZA6taeA,PPG Paints Arena,40.43884010,-79.99085510,Music,Pop,Electro Pop,K8vZ917_Su0,Olivia Rodrigo,LIVE NATION MUSIC,,,
17GZv0G65pRu4zD,Gracie Abrams: The Look at My Life Tour presented by Capital One,https://www.ticketmaster.com/gracie-abrams-the-look-at-my-philadelphia-pennsylvania-03-12-2027/event/300064B5AF355E3B,2027-03-12,20:00:00,America/New_York,onsale,PA,Philadelphia,KovZ917AiMF,Xfinity Mobile Arena,39.90455100,-75.17362730,Music,Pop,Pop,K8vZ917_vc7,Gracie Abrams,LIVE NATION MUSIC,,,
17GZv0G65pRugzW,Gracie Abrams: The Look at My Life Tour presented by Capital One,https://www.ticketmaster.com/gracie-abrams-the-look-at-my-philadelphia-pennsylvania-03-13-2027/event/300064B5AF375E3D,2027-03-13,20:00:00,America/New_York,onsale,PA,Philadelphia,KovZ917AiMF,Xfinity Mobile Arena,39.90455100,-75.17362730,Music,Pop,Pop,K8vZ917_vc7,Gracie Abrams,LIVE NATION MUSIC,,,
vv1AOvPkFGAu5bFb,Trans-Siberian Orchestra - The Ghosts Of Christmas Eve,https://www.ticketmaster.com/transsiberian-orchestra-the-ghosts-of-christmas-hershey-pennsylvania-12-18-2026/event/020065188D2D8218,2026-12-18,15:00:00,America/New_York,onsale,PA,Hershey,KovZpZAdE6dA,GIANT Center,40.28571700,-76.67587480,Music,Rock,Pop,K8vZ9171L10,Trans-Siberian Orchestra,LIVE NATION MUSIC,,,
vv1AOvPkFGAuNFuO,Trans-Siberian Orchestra - The Ghosts Of Christmas Eve,https://www.ticketmaster.com/transsiberian-orchestra-the-ghosts-of-christmas-hershey-pennsylvania-12-18-2026/event/020065188D8C8360,2026-12-18,19:30:00,America/New_York,onsale,PA,Hershey,KovZpZAdE6dA,GIANT Center,40.28571700,-76.67587480,Music,Rock,Pop,K8vZ9171L10,Trans-Siberian Orchestra,LIVE NATION MUSIC,,,
1AYZkowGkezNfpR,WEEZER: The Gathering,https://www.ticketmaster.com/weezer-the-gathering-philadelphia-pennsylvania-09-29-2026/event/30006472B88D45AF,2026-09-29,19:00:00,America/New_York,onsale,PA,Philadelphia,KovZ917AiMF,Xfinity Mobile Arena,39.90455100,-75.17362730,Music,Rock,Alternative Rock,K8vZ91713gf,Weezer,LIVE NATION MUSIC,,,
vv1AeZkfNGkeNU5FN,Hot Wheels Monster Trucks Live Color Bash,https://www.ticketmaster.com/hot-wheels-monster-trucks-live-color-university-park-pennsylvania-04-03-2027/event/02006523A3D8B223,2027-04-03,12:00:00,America/New_York,onsale,PA,University Park,KovZpaoUze,Bryce Jordan Center,40.80864350,-77.85584480,Sports,Motorsports/Racing,Motorsports/Racing,K8vZ917-bkV,Hot Wheels Monster Trucks Live Color Bash,PROMOTED BY VENUE,,,
vv1AeZkfNGkeNMDaa,Hot Wheels Monster Trucks Live Color Bash,https://www.ticketmaster.com/hot-wheels-monster-trucks-live-color-university-park-pennsylvania-04-03-2027/event/02006523A3DFB249,2027-04-03,19:00:00,America/New_York,onsale,PA,University Park,KovZpaoUze,Bryce Jordan Center,40.80864350,-77.85584480,Sports,Motorsports/Racing,Motorsports/Racing,K8vZ917-bkV,Hot Wheels Monster Trucks Live Color Bash,PROMOTED BY VENUE,,,
vv1AeZkfNGkeNylar,Hot Wheels Monster Trucks Live Color Bash,https://www.ticketmaster.com/hot-wheels-monster-trucks-live-color-university-park-pennsylvania-04-04-2027/event/02006523A3E6B25E,2027-04-04,14:00:00,America/New_York,onsale,PA,University Park,KovZpaoUze,Bryce Jordan Center,40.80864350,-77.85584480,Sports,Motorsports/Racing,Motorsports/Racing,K8vZ917-bkV,Hot Wheels Monster Trucks Live Color Bash,PROMOTED BY VENUE,,,
1ApZk8VGkdk8zer,"ANDREA BOCELLI ""Romanza - 30th Anniversary World Tour""",https://www.ticketmaster.com/andrea-bocelli-romanza-30th-anniversary-world-pittsburgh-pennsylvania-12-21-2026/event/16006434C643809E,2026-12-21,20:00:00,America/New_York,onsale,PA,Pittsburgh,KovZpZA6taeA,PPG Paints Arena,40.43884010,-79.99085510,Music,Classical,Classical/Vocal,K8vZ9171bQ0,Andrea Bocelli,AEG LIVE,,,
1AdZZ_8GkMklPEi,Jonas Brothers: The Burning Up Tour All Over Again,https://www.ticketmaster.com/jonas-brothers-the-burning-up-tour-philadelphia-pennsylvania-10-02-2026/event/3000650DC6AE59EC,2026-10-02,19:30:00,America/New_York,onsale,PA,Philadelphia,KovZ917AiMF,Xfinity Mobile Arena,39.90455100,-75.17362730,Music,Pop,Electro Pop,K8vZ9175T17,Jonas Brothers,LIVE NATION MUSIC,,,
17GZv0G62Dv8E6s,Trans-Siberian Orchestra - The Ghosts Of Christmas Eve,https://www.ticketmaster.com/transsiberian-orchestra-the-ghosts-of-christmas-allentown-pennsylvania-12-09-2026/event/300064FEC14271F1,2026-12-09,19:30:00,America/New_York,onsale,PA,Allentown,KovZ917ARFJ,PPL Center,40.60220987,-75.47167003,Music,Rock,Pop,K8vZ9171L10,Trans-Siberian Orchestra,LIVE NATION MUSIC,,,
1ApZkfxGkdbuj3L,Kenny Chesney: The Original Vibe Room Tour with Eric Church,https://www.ticketmaster.com/kenny-chesney-the-original-vibe-room-pittsburgh-pennsylvania-05-29-2027/event/16006522D835C49F,2027-05-29,16:30:00,America/New_York,offsale,PA,Pittsburgh,KovZpZAFa6nA,Acrisure Stadium,40.44609300,-80.01588400,Music,Country,Country,K8vZ9171f30,Kenny Chesney,THE MESSINA GROUP (TMG),,,
1AdZZbSGkldzVUa,Doja Cat - Tour Ma Vie World Tour,https://www.ticketmaster.com/doja-cat-tour-ma-vie-world-philadelphia-pennsylvania-11-29-2026/event/3000633AC3E34D89,2026-11-29,19:30:00,America/New_York,onsale,PA,Philadelphia,KovZ917AiMF,Xfinity Mobile Arena,39.90455100,-75.17362730,Music,Hip-Hop/Rap,Trap,K8vZ9173TJf,Doja Cat,LIVE NATION MUSIC,,,
17GZv0G61p0-pPK,JOURNEY - Final Frontier Tour (An Evening With),https://www.ticketmaster.com/journey-final-frontier-tour-an-evening-philadelphia-pennsylvania-10-28-2026/event/300064A5A4856953,2026-10-28,19:30:00,America/New_York,onsale,PA,Philadelphia,KovZ917AiMF,Xfinity Mobile Arena,39.90455100,-75.17362730,Music,Rock,Pop,K8vZ91712F0,Journey,AEG LIVE,,,
vv17FZ_8GkU2VDcC,Trans-Siberian Orchestra - The Ghosts Of Christmas Eve,https://www.ticketmaster.com/transsiberian-orchestra-the-ghosts-of-christmas-wilkes-barre-pennsylvania-11-24-2026/event/0200650D8FD3BB4E,2026-11-24,19:30:00,America/New_York,onsale,PA,Wilkes Barre,KovZpaoMee,Mohegan Arena at Casey Plaza,41.24022051,-75.84859560,Music,Rock,Pop,K8vZ9171L10,Trans-Siberian Orchestra,PROMOTED BY VENUE,,,
17GZv0G6CDmCXeA,Philadelphia Flyers vs. Tampa Bay Lightning,https://www.ticketmaster.com/philadelphia-flyers-vs-tampa-bay-lightning-philadelphia-pennsylvania-02-03-2027/event/300064EEEE3BE085,2027-02-03,19:30:00,America/New_York,onsale,PA,Philadelphia,KovZ917AiMF,Xfinity Mobile Arena,39.90455100,-75.17362730,Sports,Hockey,NHL,K8vZ9171oy0,Philadelphia Flyers,NHL REGULAR SEASON,,,
1AdZZ_6GkBXIwTi,WXPN Welcomes Johnny Blue Skies & the Dark Clouds ,https://www.ticketmaster.com/wxpn-welcomes-johnny-blue-skies-the-philadelphia-pennsylvania-10-15-2026/event/3000647EBEA32FEC,2026-10-15,20:00:00,America/New_York,onsale,PA,Philadelphia,KovZ917AiMF,Xfinity Mobile Arena,39.90455100,-75.17362730,Music,Rock,Pop,K8vZ9178Eof,Johnny Blue Skies,AEG LIVE,,,
1AvbZ_FGkXMBa_6,Jim Gaffigan: Everything is Wonderful!,https://www.ticketmaster.com/jim-gaffigan-everything-is-wonderful-pittsburgh-pennsylvania-11-07-2026/event/1600648FB7E89647,2026-11-07,19:00:00,America/New_York,onsale,PA,Pittsburgh,KovZpZA6taeA,PPG Paints Arena,40.43884010,-79.99085510,Arts & Theatre,Comedy,Comedy,K8vZ9175R0V,Jim Gaffigan,OUTBACK CONCERTS,,,
17GZv0G6CDm1Cvn,Philadelphia Flyers vs. New Jersey Devils,https://www.ticketmaster.com/philadelphia-flyers-vs-new-jersey-devils-philadelphia-pennsylvania-01-23-2027/event/300064EEEE28E06A,2027-01-23,19:30:00,America/New_York,onsale,PA,Philadelphia,KovZ917AiMF,Xfinity Mobile Arena,39.90455100,-75.17362730,Sports,Hockey,NHL,K8vZ9171oy0,Philadelphia Flyers,NHL REGULAR SEASON,,,
17GZv0G6CDm8Ce_,Philadelphia Flyers vs. New Jersey Devils,https://www.ticketmaster.com/philadelphia-flyers-vs-new-jersey-devils-philadelphia-pennsylvania-02-13-2027/event/300064EEEE40E099,2027-02-13,19:30:00,America/New_York,onsale,PA,Philadelphia,KovZ917AiMF,Xfinity Mobile Arena,39.90455100,-75.17362730,Sports,Hockey,NHL,K8vZ9171oy0,Philadelphia Flyers,NHL REGULAR SEASON,,,
17GZv0G65mMH_Yf,Phoebe Bridgers: The Lost Tour,https://www.ticketmaster.com/phoebe-bridgers-the-lost-tour-philadelphia-pennsylvania-09-28-2026/event/300064BBB7F19C14,2026-09-28,19:30:00,America/New_York,onsale,PA,Philadelphia,KovZ917AiMF,Xfinity Mobile Arena,39.90455100,-75.17362730,Music,Rock,Alternative Rock,K8vZ917KN9V,Phoebe Bridgers,THE MESSINA GROUP (TMG),,,
17GZv0G6CDmlrAY,Philadelphia Flyers vs. Columbus Blue Jackets,https://www.ticketmaster.com/philadelphia-flyers-vs-columbus-blue-jackets-philadelphia-pennsylvania-10-27-2026/event/300064EEEEADE170,2026-10-27,19:00:00,America/New_York,onsale,PA,Philadelphia,KovZ917AiMF,Xfinity Mobile Arena,39.90455100,-75.17362730,Sports,Hockey,NHL,K8vZ9171oy0,Philadelphia Flyers,NHL REGULAR SEASON,,,
17GZv0G6CDmBC6q,Philadelphia Flyers vs. Columbus Blue Jackets,https://www.ticketmaster.com/philadelphia-flyers-vs-columbus-blue-jackets-philadelphia-pennsylvania-12-21-2026/event/300064EEEEE8E1DD,2026-12-21,19:00:00,America/New_York,onsale,PA,Philadelphia,KovZ917AiMF,Xfinity Mobile Arena,39.90455100,-75.17362730,Sports,Hockey,NHL,K8vZ9171oy0,Philadelphia Flyers,NHL REGULAR SEASON,,,
17GZv0G6CDmfXdv,Philadelphia Flyers vs. San Jose Sharks,https://www.ticketmaster.com/philadelphia-flyers-vs-san-jose-sharks-philadelphia-pennsylvania-02-27-2027/event/300064EEEE53E0C1,2027-02-27,19:00:00,America/New_York,onsale,PA,Philadelphia,KovZ917AiMF,Xfinity Mobile Arena,39.90455100,-75.17362730,Sports,Hockey,NHL,K8vZ9171oy0,Philadelphia Flyers,NHL REGULAR SEASON,,,
17GZv0G6CDm0CA7,Philadelphia Flyers vs. Carolina Hurricanes,https://www.ticketmaster.com/philadelphia-flyers-vs-carolina-hurricanes-philadelphia-pennsylvania-10-03-2026/event/300064EEEE90E144,2026-10-03,19:00:00,America/New_York,onsale,PA,Philadelphia,KovZ917AiMF,Xfinity Mobile Arena,39.90455100,-75.17362730,Sports,Hockey,NHL,K8vZ9171oy0,Philadelphia Flyers,NHL REGULAR SEASON,,,
17GZv0G6CDmIXAP,Philadelphia Flyers vs. Carolina Hurricanes,https://www.ticketmaster.com/philadelphia-flyers-vs-carolina-hurricanes-philadelphia-pennsylvania-10-11-2026/event/300064EEEEA3E165,2026-10-11,19:00:00,America/New_York,onsale,PA,Philadelphia,KovZ917AiMF,Xfinity Mobile Arena,39.90455100,-75.17362730,Sports,Hockey,NHL,K8vZ9171oy0,Philadelphia Flyers,NHL REGULAR SEASON,,,
17GZv0G6CDmEmAr,Philadelphia Flyers vs. Colorado Avalanche,https://www.ticketmaster.com/philadelphia-flyers-vs-colorado-avalanche-philadelphia-pennsylvania-10-19-2026/event/300064EEEE9EE15E,2026-10-19,19:00:00,America/New_York,onsale,PA,Philadelphia,KovZ917AiMF,Xfinity Mobile Arena,39.90455100,-75.17362730,Sports,Hockey,NHL,K8vZ9171oy0,Philadelphia Flyers,NHL REGULAR SEASON,,,
17AOv0G61DKUiao,Dan + Shay: The Young Tour,https://www.ticketmaster.com/dan-shay-the-young-tour-pittsburgh-pennsylvania-10-09-2026/event/160064AED3DAC251,2026-10-09,19:00:00,America/New_York,onsale,PA,Pittsburgh,KovZpZA6taeA,PPG Paints Arena,40.43884010,-79.99085510,Music,Country,Country,K8vZ9173kl0,Dan + Shay,LIVE NATION MUSIC,,,
1AvbZ_eGkDpa3nH,Ringling Bros. and Barnum & Bailey with Special Guest Bello Nock,https://www.ticketmaster.com/ringling-bros-and-barnum-bailey-with-pittsburgh-pennsylvania-10-17-2026/event/1600642ED6252ABC,2026-10-17,15:00:00,America/New_York,onsale,PA,Pittsburgh,KovZpZA6taeA,PPG Paints Arena,40.43884010,-79.99085510,Arts & Theatre,Circus & Specialty Acts,Circus,K8vZ917hekV,Ringling Bros. and Barnum & Bailey presents The Greatest Show On Earth,FELD ENTERTAINMENT RINGLING BROS,,,
17GZv0G6CDmcmAT,Philadelphia Flyers vs. Minnesota Wild,https://www.ticketmaster.com/philadelphia-flyers-vs-minnesota-wild-philadelphia-pennsylvania-11-03-2026/event/300064EEEEB6E17F,2026-11-03,19:00:00,America/New_York,onsale,PA,Philadelphia,KovZ917AiMF,Xfinity Mobile Arena,39.90455100,-75.17362730,Sports,Hockey,NHL,K8vZ9171oy0,Philadelphia Flyers,NHL REGULAR SEASON,,,
1kGZv0xbGA5zeAe,SOMBR - You Are The Reason Tour,https://www.ticketmaster.com/sombr-you-are-the-reason-tour-philadelphia-pennsylvania-11-19-2026/event/300064898BE02142,2026-11-19,19:00:00,America/New_York,onsale,PA,Philadelphia,KovZ917AiMF,Xfinity Mobile Arena,39.90455100,-75.17362730,Music,Rock,Alternative Rock,K8vZ917ji4V,Sombr,LIVE NATION MUSIC,,,
1AvbZ_eGkDpFwns,Ringling Bros. and Barnum & Bailey with Special Guest Bello Nock,https://www.ticketmaster.com/ringling-bros-and-barnum-bailey-with-pittsburgh-pennsylvania-10-17-2026/event/1600642ED6232AB1,2026-10-17,11:00:00,America/New_York,onsale,PA,Pittsburgh,KovZpZA6taeA,PPG Paints Arena,40.43884010,-79.99085510,Arts & Theatre,Circus & Specialty Acts,Circus,K8vZ917hekV,Ringling Bros. and Barnum & Bailey presents The Greatest Show On Earth,FELD ENTERTAINMENT RINGLING BROS,,,
17GZv0G6CDmPCAC,Philadelphia Flyers vs. Seattle Kraken,https://www.ticketmaster.com/philadelphia-flyers-vs-seattle-kraken-philadelphia-pennsylvania-10-13-2026/event/300064EEEE94E14E,2026-10-13,19:00:00,America/New_York,onsale,PA,Philadelphia,KovZ917AiMF,Xfinity Mobile Arena,39.90455100,-75.17362730,Sports,Hockey,NHL,K8vZ9171oy0,Philadelphia Flyers,NHL REGULAR SEASON,,,
1AvbZ_eGkDpFenc,Ringling Bros. and Barnum & Bailey with Special Guest Bello Nock,https://www.ticketmaster.com/ringling-bros-and-barnum-bailey-with-pittsburgh-pennsylvania-10-16-2026/event/1600642ED6202AAD,2026-10-16,19:00:00,America/New_York,onsale,PA,Pittsburgh,KovZpZA6taeA,PPG Paints Arena,40.43884010,-79.99085510,Arts & Theatre,Circus & Specialty Acts,Circus,K8vZ917hekV,Ringling Bros. and Barnum & Bailey presents The Greatest Show On Earth,FELD ENTERTAINMENT RINGLING BROS,,,
1AvbZ_eGkDp53l2,Ringling Bros. and Barnum & Bailey with Special Guest Bello Nock,https://www.ticketmaster.com/ringling-bros-and-barnum-bailey-with-pittsburgh-pennsylvania-10-18-2026/event/1600642ED62D2ACF,2026-10-18,15:00:00,America/New_York,onsale,PA,Pittsburgh,KovZpZA6taeA,PPG Paints Arena,40.43884010,-79.99085510,Arts & Theatre,Circus & Specialty Acts,Circus,K8vZ917hekV,Ringling Bros. and Barnum & Bailey presents The Greatest Show On Earth,FELD ENTERTAINMENT RINGLING BROS,,,
1AvbZ_eGkDp1xlF,Ringling Bros. and Barnum & Bailey with Special Guest Bello Nock,https://www.ticketmaster.com/ringling-bros-and-barnum-bailey-with-pittsburgh-pennsylvania-10-18-2026/event/1600642ED62A2AC8,2026-10-18,11:00:00,America/New_York,onsale,PA,Pittsburgh,KovZpZA6taeA,PPG Paints Arena,40.43884010,-79.99085510,Arts & Theatre,Circus & Specialty Acts,Circus,K8vZ917hekV,Ringling Bros. and Barnum & Bailey presents The Greatest Show On Earth,FELD ENTERTAINMENT RINGLING BROS,,,
1AvbZ_eGkDp1elk,Ringling Bros. and Barnum & Bailey with Special Guest Bello Nock,https://www.ticketmaster.com/ringling-bros-and-barnum-bailey-with-pittsburgh-pennsylvania-10-17-2026/event/1600642ED6282AC6,2026-10-17,19:00:00,America/New_York,onsale,PA,Pittsburgh,KovZpZA6taeA,PPG Paints Arena,40.43884010,-79.99085510,Arts & Theatre,Circus & Specialty Acts,Circus,K8vZ917hekV,Ringling Bros. and Barnum & Bailey presents The Greatest Show On Earth,FELD ENTERTAINMENT RINGLING BROS,,,
1AvbZ_8GkwOuUeg,Trans-Siberian Orchestra - The Ghosts Of Christmas Eve,https://www.ticketmaster.com/transsiberian-orchestra-the-ghosts-of-christmas-charleston-west-virginia-12-03-2026/event/1600650CA03760B5,2026-12-03,19:30:00,America/New_York,onsale,WV,Charleston,KovZpZA6tavA,Charleston Coliseum,38.35524730,-81.64152730,Music,Rock,Pop,K8vZ9171L10,Trans-Siberian Orchestra,LIVE NATION MUSIC,,,
17AOv0G62o3Ivks,WWE Friday Night SmackDown,https://www.ticketmaster.com/wwe-friday-night-smackdown-charleston-west-virginia-10-30-2026/event/160064F452A011B1,2026-10-30,19:30:00,America/New_York,onsale,WV,Charleston,KovZpZA6tavA,Charleston Coliseum,38.35524730,-81.64152730,Sports,Wrestling,Wrestling,K8vZ91718zf,WWE,WORLD WRESTLING ENTERTAINMENT,,,
1ApZko3Gkd_hijE,Brooks & Dunn: Neon Moon Tour 2026,https://www.ticketmaster.com/brooks-dunn-neon-moon-tour-2026-charleston-west-virginia-09-18-2026/event/16006452D96EC727,2026-09-18,19:00:00,America/New_York,offsale,WV,Charleston,KovZpZA6tavA,Charleston Coliseum,38.35524730,-81.64152730,Music,Country,Country,K8vZ91713ZV,Brooks & Dunn,LIVE NATION MUSIC,,,
1ApZkoYGkdzGubk,LIL WAYNE: 20 YEARS OF CARTER CLASSICS,https://www.ticketmaster.com/lil-wayne-20-years-of-carter-charleston-west-virginia-10-16-2026/event/16006470F830D606,2026-10-16,20:30:00,America/New_York,onsale,WV,Charleston,KovZpZA6tavA,Charleston Coliseum,38.35524730,-81.64152730,Music,Hip-Hop/Rap,Trap,K8vZ917GemV,Lil Wayne,LIVE NATION MUSIC,,,
17AOv0G6CcUwe1J,Jon Pardi: Gamblin' Man Tour 2026,https://www.ticketmaster.com/jon-pardi-gamblin-man-tour-2026-charleston-west-virginia-09-26-2026/event/160064EB76C822A6,2026-09-26,19:00:00,America/New_York,onsale,WV,Charleston,KovZpZA6tavA,Charleston Coliseum,38.35524730,-81.64152730,Music,Country,Country,K8vZ917ugvf,Jon Pardi,PROMOTED BY VENUE,,,
17A8v0G62Kudh-U,Tom Segura Live,https://www.ticketmaster.com/tom-segura-live-charles-town-west-virginia-12-04-2026/event/150064F4CD0DB876,2026-12-04,20:00:00,America/New_York,onsale,WV,Charles Town,KovZpZAJ6knA,Hollywood Casino at Charles Town Races,39.29716807,-77.85236187,Arts & Theatre,Comedy,Comedy,K8vZ917CZRf,Tom Segura,PROMOTED BY VENUE,,,
17AOv0G62MCXGg_,Third Day with very special guest Zach Williams & Scout and the Saints,https://www.ticketmaster.com/third-day-with-very-special-guest-charleston-west-virginia-04-15-2027/event/160064FDCEF8CD59,2027-04-15,19:00:00,America/New_York,onsale,WV,Charleston,KovZpZA6tavA,Charleston Coliseum,38.35524730,-81.64152730,Music,Rock,Pop,K8vZ9171O9f,Third Day,AWAKENING EVENTS,,,
17AOv0G62p2GdBy,Justin Moore feat. Priscilla Block,https://www.ticketmaster.com/justin-moore-feat-priscilla-block-charleston-west-virginia-11-07-2026/event/160064F58F303EB9,2026-11-07,20:00:00,America/New_York,onsale,WV,Charleston,KovZpZA6tavA,Charleston Coliseum,38.35524730,-81.64152730,Music,Country,Country,K8vZ917G_If,Justin Moore,PROMOTED BY VENUE,,,
11AOv00af4bUv2,The Rock Orchestra: Arena of Fire,https://www.ticketmaster.com/the-rock-orchestra-arena-of-fire-charleston-west-virginia-11-14-2026/event/160064909515636E,2026-11-14,20:00:00,America/New_York,onsale,WV,Charleston,KovZpZA6tavA,Charleston Coliseum,38.35524730,-81.64152730,Music,Rock,Pop,K8vZ917hVUV,The Rock Orchestra,PROMOTED BY VENUE,,,
17AOv0G655J8GUq,Charles Wesley Godwin: The Christian Name Tour,https://www.ticketmaster.com/charles-wesley-godwin-the-christian-name-charleston-west-virginia-11-06-2026/event/160064B2E640CD9D,2026-11-06,19:00:00,America/New_York,onsale,WV,Charleston,KovZpZA6tavA,Charleston Coliseum,38.35524730,-81.64152730,Music,Country,Country,K8vZ917b3lf,Charles Wesley Godwin,LIVE NATION MUSIC,,,
1ApZkusGkeiMb78,ZZ Top & Dwight Yoakam: Dos Amigos Tour,https://www.ticketmaster.com/zz-top-dwight-yoakam-dos-amigos-huntington-west-virginia-09-25-2026/event/16006371ACDD8110,2026-09-25,19:00:00,America/New_York,cancelled,WV,Huntington,KovZpa3b1e,Marshall Health Network Arena (formerly Mountain Health Arena),38.42076610,-82.44388790,Music,Rock,Pop,K8vZ91718N0,ZZ Top,MAMMOTH INC,,,
17AOv0G6uM08Gwz,ALL Elite Wrestling presents Collision,https://www.ticketmaster.com/all-elite-wrestling-presents-collision-charleston-west-virginia-09-19-2026/event/160064DDE440CCB8,2026-09-19,19:30:00,America/New_York,onsale,WV,Charleston,KovZpZA6tavA,Charleston Coliseum,38.35524730,-81.64152730,Sports,Wrestling,Wrestling,K8vZ917b2x7,All Elite Wrestling,PROMOTED BY VENUE,,,
1kAOvPAaGA5VFVv,PBR Charleston 2 Day Package - Ticket includes access to all days,https://www.ticketmaster.com/pbr-charleston-2-day-package-ticket-charleston-west-virginia-01-08-2027/event/160065149BD08D01,2027-01-08,,America/New_York,onsale,WV,Charleston,KovZpZA6tavA,Charleston Coliseum,38.35524730,-81.64152730,Sports,Rodeo,Bullriding,K8vZ917phq7,PBR: Pendleton Whisky Velocity Tour,PROMOTED BY VENUE,,,
Z7r9jZ1A70gox,Wheeling Nailers vs. Fort Wayne Komets,https://www.ticketmaster.com/event/Z7r9jZ1A70gox,2026-12-06,16:10:00,,offsale,WV,Wheeling,ZFr9jZ7d6A,Wesbanco Arena,40.072899000,-80.652397000,Sports,Hockey,Minor League,K8vZ91719v7,Wheeling Nailers,,,,
Z7r9jZ1A70P_v,Wheeling Nailers vs. Fort Wayne Komets,https://www.ticketmaster.com/event/Z7r9jZ1A70P_v,2026-12-26,19:10:00,,offsale,WV,Wheeling,ZFr9jZ7d6A,Wesbanco Arena,40.072899000,-80.652397000,Sports,Hockey,Minor League,K8vZ91719v7,Wheeling Nailers,,,,
Z7r9jZ1A70PbU,Wheeling Nailers vs. Fort Wayne Komets,https://www.ticketmaster.com/event/Z7r9jZ1A70PbU,2027-02-28,16:10:00,,offsale,WV,Wheeling,ZFr9jZ7d6A,Wesbanco Arena,40.072899000,-80.652397000,Sports,Hockey,Minor League,K8vZ91719v7,Wheeling Nailers,,,,
1A4ZkoMGkd9ijsf,The Price Is Right Live - Stage Show,https://www.ticketmaster.com/the-price-is-right-live-stage-charles-town-west-virginia-11-07-2026/event/15006477D7B1CC54,2026-11-07,15:30:00,America/New_York,onsale,WV,Charles Town,KovZpZAJ6knA,Hollywood Casino at Charles Town Races,39.29716807,-77.85236187,Arts & Theatre,Miscellaneous Theatre,Miscellaneous Theatre,K8vZ91750q0,The Price Is Right Live - Stage Show,PROMOTED BY VENUE,,,
1A4ZkoMGkd9iGs8,The Price Is Right Live - Stage Show,https://www.ticketmaster.com/the-price-is-right-live-stage-charles-town-west-virginia-11-06-2026/event/15006477D7B0CC50,2026-11-06,20:00:00,America/New_York,onsale,WV,Charles Town,KovZpZAJ6knA,Hollywood Casino at Charles Town Races,39.29716807,-77.85236187,Arts & Theatre,Miscellaneous Theatre,Miscellaneous Theatre,K8vZ91750q0,The Price Is Right Live - Stage Show,PROMOTED BY VENUE,,,
1AvbZ_oGkXtmgff,Hot Wheels Stunt Show,https://www.ticketmaster.com/hot-wheels-stunt-show-charleston-west-virginia-01-30-2027/event/1600651FA9BB5514,2027-01-30,12:00:00,America/New_York,offsale,WV,Charleston,KovZpZA6tavA,Charleston Coliseum,38.35524730,-81.64152730,Sports,Motorsports/Racing,Motorsports/Racing,K8vZ917rudf,Hot Wheels Stunt Show,PROMOTED BY VENUE,,,
1A4ZkoMGkd9cGsO,The Price Is Right Live - Stage Show,https://www.ticketmaster.com/the-price-is-right-live-stage-charles-town-west-virginia-11-08-2026/event/15006477D7B4CC60,2026-11-08,18:30:00,America/New_York,onsale,WV,Charles Town,KovZpZAJ6knA,Hollywood Casino at Charles Town Races,39.29716807,-77.85236187,Arts & Theatre,Miscellaneous Theatre,Miscellaneous Theatre,K8vZ91750q0,The Price Is Right Live - Stage Show,PROMOTED BY VENUE,,,
1A4ZkoMGkd9iisb,The Price Is Right Live - Stage Show,https://www.ticketmaster.com/the-price-is-right-live-stage-charles-town-west-virginia-11-07-2026/event/15006477D7B2CC58,2026-11-07,20:00:00,America/New_York,onsale,WV,Charles Town,KovZpZAJ6knA,Hollywood Casino at Charles Town Races,39.29716807,-77.85236187,Arts & Theatre,Miscellaneous Theatre,Miscellaneous Theatre,K8vZ91750q0,The Price Is Right Live - Stage Show,PROMOTED BY VENUE,,,
17AOv0G6CD5naR9,2027 WVSSAC Boys' Basketball Championships: All-Session Pass,https://www.ticketmaster.com/2027-wvssac-boys-basketball-championships-allsession-charleston-west-virginia-03-16-2027/event/160064EECBA89BD7,2027-03-16,,America/New_York,onsale,WV,Charleston,KovZpZA6tavA,Charleston Coliseum,38.35524730,-81.64152730,Sports,Basketball,High School,K8vZ917jL10,WVSSAC Basketball Championships,PROMOTED BY VENUE,,,
1ApZkffGke-3yr-,PBR: Professional Bull Riders,https://www.ticketmaster.com/pbr-professional-bull-riders-charleston-west-virginia-01-09-2027/event/16006514A14B97A1,2027-01-09,19:00:00,America/New_York,onsale,WV,Charleston,KovZpZA6tavA,Charleston Coliseum,38.35524730,-81.64152730,Sports,Rodeo,Bullriding,K8vZ917phq7,PBR: Pendleton Whisky Velocity Tour,PROMOTED BY VENUE,,,
1AvbZ_oGkXtsAfR,Hot Wheels Stunt Show,https://www.ticketmaster.com/hot-wheels-stunt-show-charleston-west-virginia-01-31-2027/event/1600651FA9C4552F,2027-01-31,14:00:00,America/New_York,offsale,WV,Charleston,KovZpZA6tavA,Charleston Coliseum,38.35524730,-81.64152730,Sports,Motorsports/Racing,Motorsports/Racing,K8vZ917rudf,Hot Wheels Stunt Show,PROMOTED BY VENUE,,,
1ApZkffGke-oyr2,PBR: Professional Bull Riders,https://www.ticketmaster.com/pbr-professional-bull-riders-charleston-west-virginia-01-08-2027/event/16006514A147978F,2027-01-08,20:00:00,America/New_York,onsale,WV,Charleston,KovZpZA6tavA,Charleston Coliseum,38.35524730,-81.64152730,Sports,Rodeo,Bullriding,K8vZ917phq7,PBR: Pendleton Whisky Velocity Tour,PROMOTED BY VENUE,,,
1AvbZ_oGkXtRgfj,Hot Wheels Stunt Show,https://www.ticketmaster.com/hot-wheels-stunt-show-charleston-west-virginia-01-30-2027/event/1600651FA9BF551C,2027-01-30,19:00:00,America/New_York,offsale,WV,Charleston,KovZpZA6tavA,Charleston Coliseum,38.35524730,-81.64152730,Sports,Motorsports/Racing,Motorsports/Racing,K8vZ917rudf,Hot Wheels Stunt Show,PROMOTED BY VENUE,,,
LvZ18QxG9uEiSpOZvy_mB,"Jurassic Quest | Charleston Coliseum | Charleston, WV 2026",https://www.universe.com/events/jurassic-quest-charleston-coliseum-charleston-wv-2026-tickets-FPGK5L?ref=ticketmaster,2026-10-02,15:00:00,America/New_York,onsale,WV,Charleston,KovZpZA6tavA,Charleston Coliseum,38.35524730,-81.64152730,Miscellaneous,Fairs & Festivals,Fairs & Festivals,K8vZ9174Tx0,Jurassic Quest,,,,
LvZ18QxG9uEiSpOZvy_my,"Jurassic Quest | Charleston Coliseum | Charleston, WV 2026",https://www.universe.com/events/jurassic-quest-charleston-coliseum-charleston-wv-2026-tickets-FPGK5L?ref=ticketmaster,2026-10-02,13:00:00,America/New_York,onsale,WV,Charleston,KovZpZA6tavA,Charleston Coliseum,38.35524730,-81.64152730,Miscellaneous,Fairs & Festivals,Fairs & Festivals,K8vZ9174Tx0,Jurassic Quest,,,,
LvZ18QIwBqPIjMsjbtauB,"Jurassic Quest | Charleston Coliseum | Charleston, WV 2026",https://www.universe.com/events/jurassic-quest-charleston-coliseum-charleston-wv-2026-tickets-FPGK5L?ref=ticketmaster,2026-10-03,17:00:00,America/New_York,onsale,WV,Charleston,KovZpZA6tavA,Charleston Coliseum,38.35524730,-81.64152730,Miscellaneous,Fairs & Festivals,Fairs & Festivals,K8vZ9174Tx0,Jurassic Quest,,,,
LvZ18QxG9uInT_YZvLmn0,"Jurassic Quest | Charleston Coliseum | Charleston, WV 2026",https://www.universe.com/events/jurassic-quest-charleston-coliseum-charleston-wv-2026-tickets-FPGK5L?ref=ticketmaster,2026-10-03,09:00:00,America/New_York,onsale,WV,Charleston,KovZpZA6tavA,Charleston Coliseum,38.35524730,-81.64152730,Miscellaneous,Fairs & Festivals,Fairs & Festivals,K8vZ9174Tx0,Jurassic Quest,,,,
LvZ18QxG9uInT_YZvLmnJ,"Jurassic Quest | Charleston Coliseum | Charleston, WV 2026",https://www.universe.com/events/jurassic-quest-charleston-coliseum-charleston-wv-2026-tickets-FPGK5L?ref=ticketmaster,2026-10-03,15:00:00,America/New_York,onsale,WV,Charleston,KovZpZA6tavA,Charleston Coliseum,38.35524730,-81.64152730,Miscellaneous,Fairs & Festivals,Fairs & Festivals,K8vZ9174Tx0,Jurassic Quest,,,,
LvZ18QxG9uInT_YZvLmnN,"Jurassic Quest | Charleston Coliseum | Charleston, WV 2026",https://www.universe.com/events/jurassic-quest-charleston-coliseum-charleston-wv-2026-tickets-FPGK5L?ref=ticketmaster,2026-10-03,08:00:00,America/New_York,onsale,WV,Charleston,KovZpZA6tavA,Charleston Coliseum,38.35524730,-81.64152730,Miscellaneous,Fairs & Festivals,Fairs & Festivals,K8vZ9174Tx0,Jurassic Quest,,,,
LvZ18QxG9uInT_YZvLmnP,"Jurassic Quest | Charleston Coliseum | Charleston, WV 2026",https://www.universe.com/events/jurassic-quest-charleston-coliseum-charleston-wv-2026-tickets-FPGK5L?ref=ticketmaster,2026-10-03,12:00:00,America/New_York,onsale,WV,Charleston,KovZpZA6tavA,Charleston Coliseum,38.35524730,-81.64152730,Miscellaneous,Fairs & Festivals,Fairs & Festivals,K8vZ9174Tx0,Jurassic Quest,,,,
LvZ18QIoILAJZY_F4TLJF,"Jurassic Quest | Charleston Coliseum | Charleston, WV 2026",https://www.universe.com/events/jurassic-quest-charleston-coliseum-charleston-wv-2026-tickets-FPGK5L?ref=ticketmaster,2026-10-04,09:00:00,America/New_York,onsale,WV,Charleston,KovZpZA6tavA,Charleston Coliseum,38.35524730,-81.64152730,Miscellaneous,Fairs & Festivals,Fairs & Festivals,K8vZ9174Tx0,Jurassic Quest,,,,
LvZ18QIoILAJZY_F4TLJa,"Jurassic Quest | Charleston Coliseum | Charleston, WV 2026",https://www.universe.com/events/jurassic-quest-charleston-coliseum-charleston-wv-2026-tickets-FPGK5L?ref=ticketmaster,2026-10-04,13:00:00,America/New_York,onsale,WV,Charleston,KovZpZA6tavA,Charleston Coliseum,38.35524730,-81.64152730,Miscellaneous,Fairs & Festivals,Fairs & Festivals,K8vZ9174Tx0,Jurassic Quest,,,,
LvZ18QxG9uI5zC8ZvtHDY,"Jurassic Quest | Charleston Coliseum | Charleston, WV 2026",https://www.universe.com/events/jurassic-quest-charleston-coliseum-charleston-wv-2026-tickets-FPGK5L?ref=ticketmaster,2026-10-04,12:00:00,America/New_York,onsale,WV,Charleston,KovZpZA6tavA,Charleston Coliseum,38.35524730,-81.64152730,Miscellaneous,Fairs & Festivals,Fairs & Festivals,K8vZ9174Tx0,Jurassic Quest,,,,
17AOv0G6CDFItrT,2027 WVSSAC Girls' Basketball Championships: All-Session Pass,https://www.ticketmaster.com/2027-wvssac-girls-basketball-championships-allsession-charleston-west-virginia-03-09-2027/event/160064EEC8A297BF,2027-03-09,,America/New_York,onsale,WV,Charleston,KovZpZA6tavA,Charleston Coliseum,38.35524730,-81.64152730,Sports,Basketball,High School,K8vZ917jL10,WVSSAC Basketball Championships,PROMOTED BY VENUE,,,
Z7r9jZ1A7JeA_,Whiskey Myers,https://www.ticketmaster.com/event/Z7r9jZ1A7JeA_,2026-10-06,19:00:00,,onsale,WV,Wheeling,Z6r9jZdFde,Capitol Theatre - WV,40.072899000,-80.652397000,Music,Other,Other,K8vZ917uDgf,Whiskey Myers,,,,
17A8v0G6uBDm4y4,AARON LEWIS AND THE STATELINERS: 2026 AMERICAN TOUR,https://www.ticketmaster.com/aaron-lewis-and-the-stateliners-2026-charles-town-west-virginia-12-18-2026/event/150064DEBBB95E55,2026-12-18,20:00:00,America/New_York,onsale,WV,Charles Town,KovZpZAJ6knA,Hollywood Casino at Charles Town Races,39.29716807,-77.85236187,Music,Country,Country,K8vZ9175zWf,Aaron Lewis,PROMOTED BY VENUE,,,
Z7r9jZ1AAv9u0,NUTCRACKER! Magical Christmas Ballet,https://www.ticketmaster.com/event/Z7r9jZ1AAv9u0,2026-11-06,19:00:00,,onsale,WV,Wheeling,Z6r9jZdFde,Capitol Theatre - WV,40.072899000,-80.652397000,Arts & Theatre,Dance,Dance,K8vZ9178k80,NUTCRACKER! Magical Christmas Ballet,,,,
Z7r9jZ1A70tr9,Straight No Chaser,https://www.ticketmaster.com/event/Z7r9jZ1A70tr9,2026-12-21,19:00:00,,onsale,WV,Huntington,ZFr9jZkd6v,Keith-Albee Theatre,38.369301000,-82.412300000,Music,Pop,Adult Contemporary,K8vZ917GQQ0,Straight No Chaser,,,,
17A8v0G65QlBIv6,Juvenile,https://www.ticketmaster.com/juvenile-charles-town-west-virginia-12-05-2026/event/150064B6ABEA8047,2026-12-05,20:00:00,America/New_York,onsale,WV,Charles Town,KovZpZAJ6knA,Hollywood Casino at Charles Town Races,39.29716807,-77.85236187,Music,Hip-Hop/Rap,Trap,K8vZ9171jTf,Juvenile,PROMOTED BY VENUE,,,
Z7r9jZ1A7OEA3,West Virginia Mountaineers Football vs. Oklahoma State Cowboys Football,https://www.ticketmaster.com/event/Z7r9jZ1A7OEA3,2026-09-26,,,onsale,WV,Morgantown,ZFr9jZdk7a,Mountaineer Field at Milan Puskar Stadium,39.637501000,-79.952797000,Sports,Football,College,K8vZ9171MHf,West Virginia Mountaineers,,,,
1A4ZkoNGkenfEJ5,Brad Williams,https://www.ticketmaster.com/brad-williams-charles-town-west-virginia-10-10-2026/event/15006463AA52798B,2026-10-10,20:00:00,America/New_York,onsale,WV,Charles Town,KovZpZAJ6knA,Hollywood Casino at Charles Town Races,39.29716807,-77.85236187,Arts & Theatre,Comedy,Comedy,K8vZ917uABV,Brad Williams,PROMOTED BY VENUE,,,
1AvbZ_FGknYOBH3,"Bored Teachers: ""Is It Friday Yet?!"" Comedy Tour",https://www.ticketmaster.com/bored-teachers-is-it-friday-yet-charleston-west-virginia-09-25-2026/event/1600648AB083AF12,2026-09-25,19:30:00,America/New_York,onsale,WV,Charleston,KovZ917AtkG,Charleston Theater,38.35665000,-81.64085000,Arts & Theatre,Comedy,Comedy,K8vZ917QQw7,Bored Teachers,PROMOTED BY VENUE,,,
1A4ZkoNGkeRsbGb,Kathleen Madigan: Flying Cats & Marching Armadillos 2026 Tour,https://www.ticketmaster.com/kathleen-madigan-flying-cats-marching-armadillos-charles-town-west-virginia-10-24-2026/event/15006463AFC58318,2026-10-24,20:00:00,America/New_York,onsale,WV,Charles Town,KovZpZAJ6knA,Hollywood Casino at Charles Town Races,39.29716807,-77.85236187,Arts & Theatre,Comedy,Comedy,K8vZ9171B-0,Kathleen Madigan,PROMOTED BY VENUE,,,
Z7r9jZ1A70PbY,Wheeling Nailers vs. Cincinnati Cyclones,https://www.ticketmaster.com/event/Z7r9jZ1A70PbY,2026-10-31,19:10:00,,offsale,WV,Wheeling,ZFr9jZ7d6A,Wesbanco Arena,40.072899000,-80.652397000,Sports,Hockey,Minor League,K8vZ91719v7,Wheeling Nailers,,,,
Z7r9jZ1A70P_A,Wheeling Nailers vs. Cincinnati Cyclones,https://www.ticketmaster.com/event/Z7r9jZ1A70P_A,2026-11-01,16:10:00,,offsale,WV,Wheeling,ZFr9jZ7d6A,Wesbanco Arena,40.072899000,-80.652397000,Sports,Hockey,Minor League,K8vZ91719v7,Wheeling Nailers,,,,
Z7r9jZ1A70Pbs,Wheeling Nailers vs. Cincinnati Cyclones,https://www.ticketmaster.com/event/Z7r9jZ1A70Pbs,2026-12-19,19:10:00,,offsale,WV,Wheeling,ZFr9jZ7d6A,Wesbanco Arena,40.072899000,-80.652397000,Sports,Hockey,Minor League,K8vZ91719v7,Wheeling Nailers,,,,
Z7r9jZ1A70PbN,Wheeling Nailers vs. Cincinnati Cyclones,https://www.ticketmaster.com/event/Z7r9jZ1A70PbN,2026-12-20,16:10:00,,offsale,WV,Wheeling,ZFr9jZ7d6A,Wesbanco Arena,40.072899000,-80.652397000,Sports,Hockey,Minor League,K8vZ91719v7,Wheeling Nailers,,,,
Z7r9jZ1A70PbS,Wheeling Nailers vs. Cincinnati Cyclones,https://www.ticketmaster.com/event/Z7r9jZ1A70PbS,2027-02-07,16:10:00,,offsale,WV,Wheeling,ZFr9jZ7d6A,Wesbanco Arena,40.072899000,-80.652397000,Sports,Hockey,Minor League,K8vZ91719v7,Wheeling Nailers,,,,
Z7r9jZ1A70go4,Wheeling Nailers vs. Cincinnati Cyclones,https://www.ticketmaster.com/event/Z7r9jZ1A70go4,2027-02-13,19:10:00,,offsale,WV,Wheeling,ZFr9jZ7d6A,Wesbanco Arena,40.072899000,-80.652397000,Sports,Hockey,Minor League,K8vZ91719v7,Wheeling Nailers,,,,
1a4Zk360t4KZe5v,Jamey Johnson: Traveling Truebadour Tour,https://www.ticketmaster.com/jamey-johnson-traveling-truebadour-tour-charles-town-west-virginia-10-09-2026/event/15006487929553A0,2026-10-09,20:00:00,America/New_York,onsale,WV,Charles Town,KovZpZAJ6knA,Hollywood Casino at Charles Town Races,39.29716807,-77.85236187,Music,Country,Country,K8vZ917GPE7,Jamey Johnson,PROMOTED BY VENUE,,,
Z7r9jZ1A70Pbt,Wheeling Nailers vs. Cincinnati Cyclones,https://www.ticketmaster.com/event/Z7r9jZ1A70Pbt,2027-03-31,19:10:00,,offsale,WV,Wheeling,ZFr9jZ7d6A,Wesbanco Arena,40.072899000,-80.652397000,Sports,Hockey,Minor League,K8vZ91719v7,Wheeling Nailers,,,,
Z7r9jZ1A70P_Z,Wheeling Nailers vs. Cincinnati Cyclones,https://www.ticketmaster.com/event/Z7r9jZ1A70P_Z,2027-04-10,19:10:00,,offsale,WV,Wheeling,ZFr9jZ7d6A,Wesbanco Arena,40.072899000,-80.652397000,Sports,Hockey,Minor League,K8vZ91719v7,Wheeling Nailers,,,,
Z7r9jZ1AAZgax,Cirque Dreams Holidaze,https://www.ticketmaster.com/event/Z7r9jZ1AAZgax,2026-12-17,19:30:00,,onsale,WV,Wheeling,Z6r9jZdFde,Capitol Theatre - WV,40.072899000,-80.652397000,Arts & Theatre,Performance Art,Performance Art,K8vZ917C-If,Cirque Dreams Holidaze (Touring),,,,
1A4ZkCaGkdvvttm,Trace Adkins: 30th Anniversary Tour,https://www.ticketmaster.com/trace-adkins-30th-anniversary-tour-charles-town-west-virginia-09-19-2026/event/15006389C1069A6E,2026-09-19,20:00:00,America/New_York,onsale,WV,Charles Town,KovZpZAJ6knA,Hollywood Casino at Charles Town Races,39.29716807,-77.85236187,Music,Country,Country,K8vZ91719yf,Trace Adkins,,,,
1kAOv0-zGA1t0Sy,Nurse Blake: But Did You Die? Comedy Tour,https://www.ticketmaster.com/nurse-blake-but-did-you-die-charleston-west-virginia-10-15-2026/event/160064878AA64CF9,2026-10-15,19:00:00,America/New_York,onsale,WV,Charleston,KovZ917AtkG,Charleston Theater,38.35665000,-81.64085000,Arts & Theatre,Comedy,Comedy,K8vZ917bpkV,Nurse Blake,PROMOTED BY VENUE,,,
Z7r9jZ1A70goN,Wheeling Nailers vs. Indy Fuel,https://www.ticketmaster.com/event/Z7r9jZ1A70goN,2026-11-25,19:10:00,,offsale,WV,Wheeling,ZFr9jZ7d6A,Wesbanco Arena,40.072899000,-80.652397000,Sports,Hockey,Minor League,K8vZ91719v7,Wheeling Nailers,,,,
Z7r9jZ1A70Pbw,Wheeling Nailers vs. Indy Fuel,https://www.ticketmaster.com/event/Z7r9jZ1A70Pbw,2026-12-04,19:10:00,,offsale,WV,Wheeling,ZFr9jZ7d6A,Wesbanco Arena,40.072899000,-80.652397000,Sports,Hockey,Minor League,K8vZ91719v7,Wheeling Nailers,,,,
Z7r9jZ1A70P_e,Wheeling Nailers vs. Indy Fuel,https://www.ticketmaster.com/event/Z7r9jZ1A70P_e,2026-12-05,19:10:00,,offsale,WV,Wheeling,ZFr9jZ7d6A,Wesbanco Arena,40.072899000,-80.652397000,Sports,Hockey,Minor League,K8vZ91719v7,Wheeling Nailers,,,,
1ApZkf3Gkdbymwd,TMMWV 30 Year Anniversary Celebration,https://www.ticketmaster.com/tmmwv-30-year-anniversary-celebration-huntington-west-virginia-10-17-2026/event/16006512D8E6EC83,2026-10-17,19:00:00,America/New_York,onsale,WV,Huntington,KovZpa3b1e,Marshall Health Network Arena (formerly Mountain Health Arena),38.42076610,-82.44388790,Music,Undefined,Undefined,K8vZ917Qf77,80’s Rock Tour,SMG,,,
17A8v0G61UbxpbV,The Temptations & The Four Tops,https://www.ticketmaster.com/the-temptations-the-four-tops-charles-town-west-virginia-10-17-2026/event/150064AD98896634,2026-10-17,20:00:00,America/New_York,onsale,WV,Charles Town,KovZpZAJ6knA,Hollywood Casino at Charles Town Races,39.29716807,-77.85236187,Music,R&B,R&B,K8vZ91724cV,The Temptations & The Four Tops,PROMOTED BY VENUE,,,
17AOv0G65U4HU_i,Whitney Cummings: Big Baby Tour,https://www.ticketmaster.com/whitney-cummings-big-baby-tour-charleston-west-virginia-11-06-2026/event/160064BD95F3666C,2026-11-06,19:00:00,America/New_York,onsale,WV,Charleston,KovZ917AtkG,Charleston Theater,38.35665000,-81.64085000,Arts & Theatre,Comedy,Comedy,K8vZ917GIf0,Whitney Cummings,OUTBACK CONCERTS,,,
Z7r9jZ1A7OEAa,West Virginia Mountaineers Football vs. Kansas Jayhawks Football,https://www.ticketmaster.com/event/Z7r9jZ1A7OEAa,2026-11-14,,,onsale,WV,Morgantown,ZFr9jZdk7a,Mountaineer Field at Milan Puskar Stadium,39.637501000,-79.952797000,Sports,Football,College,K8vZ9171MHf,West Virginia Mountaineers,,,,
Z7r9jZ1AAv9uN,Justin Moore,https://www.ticketmaster.com/event/Z7r9jZ1AAv9uN,2026-11-05,19:00:00,,onsale,WV,Wheeling,Z6r9jZdFde,Capitol Theatre - WV,40.072899000,-80.652397000,Music,Country,Country Folk,K8vZ917G_If,Justin Moore,,,,
1AvbZ_FGklQqo5S,Nurse Blake: But Did You Die? Comedy Tour,https://www.ticketmaster.com/nurse-blake-but-did-you-die-morgantown-west-virginia-11-23-2026/event/1600648ADA7512F3,2026-11-23,19:00:00,America/New_York,onsale,WV,Morgantown,KovZpZA7v7tA,Metropolitan Theatre,39.63061060,-79.95519250,Arts & Theatre,Comedy,Comedy,K8vZ917bpkV,Nurse Blake,OUTBACK CONCERTS,,,
Z7r9jZ1A7OEAf,West Virginia Mountaineers Football vs. Arizona Wildcats Football,https://www.ticketmaster.com/event/Z7r9jZ1A7OEAf,2026-10-10,,,onsale,WV,Morgantown,ZFr9jZdk7a,Mountaineer Field at Milan Puskar Stadium,39.637501000,-79.952797000,Sports,Football,College,K8vZ9171MHf,West Virginia Mountaineers,,,,
1kAOv0P6GA5LVkA,Nurse Blake: But Did You Die? Comedy Tour,https://www.ticketmaster.com/nurse-blake-but-did-you-die-morgantown-west-virginia-11-23-2026/event/160064947B7F4185,2026-11-23,21:30:00,America/New_York,onsale,WV,Morgantown,KovZpZA7v7tA,Metropolitan Theatre,39.63061060,-79.95519250,Arts & Theatre,Comedy,Comedy,K8vZ917bpkV,Nurse Blake,OUTBACK CONCERTS,,,
1A4ZkozGkdnGHCL,Gary Owen: No Hard Feelings Tour,https://www.ticketmaster.com/gary-owen-no-hard-feelings-tour-charles-town-west-virginia-11-27-2026/event/15006478EA33C39F,2026-11-27,19:00:00,America/New_York,onsale,WV,Charles Town,KovZpZAJ6knA,Hollywood Casino at Charles Town Races,39.29716807,-77.85236187,Arts & Theatre,Comedy,Comedy,K8vZ9171sx7,Gary Owen,PROMOTED BY VENUE,,,
17AOv0G6CnXKMq-,Hudson Westbrook: Hits Me Tour,https://www.ticketmaster.com/hudson-westbrook-hits-me-tour-huntington-west-virginia-11-12-2026/event/160064EABE4F7761,2026-11-12,19:00:00,America/New_York,onsale,WV,Huntington,KovZpa3b1e,Marshall Health Network Arena (formerly Mountain Health Arena),38.42076610,-82.44388790,Music,Country,Country,K8vZ917qePV,Hudson Westbrook,SMG,,,
Z7r9jZ1A70goP,Wheeling Nailers vs. Kalamazoo Wings,https://www.ticketmaster.com/event/Z7r9jZ1A70goP,2026-11-21,19:10:00,,offsale,WV,Wheeling,ZFr9jZ7d6A,Wesbanco Arena,40.072899000,-80.652397000,Sports,Hockey,Minor League,K8vZ91719v7,Wheeling Nailers,,,,
Z7r9jZ1A70go0,Wheeling Nailers vs. Kalamazoo Wings,https://www.ticketmaster.com/event/Z7r9jZ1A70go0,2026-11-22,16:10:00,,offsale,WV,Wheeling,ZFr9jZ7d6A,Wesbanco Arena,40.072899000,-80.652397000,Sports,Hockey,Minor League,K8vZ91719v7,Wheeling Nailers,,,,
Z7r9jZ1A70PbE,Wheeling Nailers vs. Kalamazoo Wings,https://www.ticketmaster.com/event/Z7r9jZ1A70PbE,2027-01-02,19:10:00,,offsale,WV,Wheeling,ZFr9jZ7d6A,Wesbanco Arena,40.072899000,-80.652397000,Sports,Hockey,Minor League,K8vZ91719v7,Wheeling Nailers,,,,
Z7r9jZ1AAv9GU,Lee Brice,https://www.ticketmaster.com/event/Z7r9jZ1AAv9GU,2026-10-23,19:30:00,,onsale,WV,Wheeling,Z6r9jZdFde,Capitol Theatre - WV,40.072899000,-80.652397000,Music,Country,Country Folk,K8vZ917GU4f,Lee Brice,,,,
Z7r9jZ1AAv9u8,Daughtry,https://www.ticketmaster.com/event/Z7r9jZ1AAv9u8,2026-10-27,20:00:00,,onsale,WV,Wheeling,Z6r9jZdFde,Capitol Theatre - WV,40.072899000,-80.652397000,Music,Alternative,Alternative Rock,K8vZ917GZFf,Daughtry,,,,
1AvfZ_FGkBPZ6uS,Ted Nugent,https://www.ticketmaster.com/ted-nugent-charles-town-west-virginia-09-20-2026/event/1500648EA5007373,2026-09-20,19:00:00,America/New_York,onsale,WV,Charles Town,KovZpZAJ6knA,Hollywood Casino at Charles Town Races,39.29716807,-77.85236187,Music,Rock,Pop,K8vZ91718jV,Ted Nugent,PROMOTED BY VENUE,,,
1A4ZkozGkdnuGC0,Gary Owen: No Hard Feelings Tour,https://www.ticketmaster.com/gary-owen-no-hard-feelings-tour-charles-town-west-virginia-11-27-2026/event/15006478EA34C3A4,2026-11-27,21:30:00,America/New_York,onsale,WV,Charles Town,KovZpZAJ6knA,Hollywood Casino at Charles Town Races,39.29716807,-77.85236187,Arts & Theatre,Comedy,Comedy,K8vZ9171sx7,Gary Owen,PROMOTED BY VENUE,,,
Z7r9jZ1A70go3,Wheeling Nailers vs. Reading Royals,https://www.ticketmaster.com/event/Z7r9jZ1A70go3,2027-03-10,10:45:00,,offsale,WV,Wheeling,ZFr9jZ7d6A,Wesbanco Arena,40.072899000,-80.652397000,Sports,Hockey,Minor League,K8vZ91719v7,Wheeling Nailers,,,,
17AOv0G6GYjasSO,Hadestown (Touring),https://www.ticketmaster.com/hadestown-touring-huntington-west-virginia-02-26-2027/event/160064CC1C271CE0,2027-02-26,19:30:00,America/New_York,onsale,WV,Huntington,KovZpa397e,Joan C Edwards Performing Arts Center,38.42186930,-82.42920230,Arts & Theatre,Theatre,Musical,K8vZ917bgM0,Hadestown (Touring),PROMOTED BY VENUE,,,
Z7r9jZ1A70goO,Wheeling Nailers vs. Tulsa Oilers - Hockey,https://www.ticketmaster.com/event/Z7r9jZ1A70goO,2027-01-22,19:10:00,,offsale,WV,Wheeling,ZFr9jZ7d6A,Wesbanco Arena,40.072899000,-80.652397000,Sports,Hockey,Minor League,K8vZ91719v7,Wheeling Nailers,,,,
Z7r9jZ1A70Pby,Wheeling Nailers vs. Tulsa Oilers - Hockey,https://www.ticketmaster.com/event/Z7r9jZ1A70Pby,2027-01-23,19:10:00,,offsale,WV,Wheeling,ZFr9jZ7d6A,Wesbanco Arena,40.072899000,-80.652397000,Sports,Hockey,Minor League,K8vZ91719v7,Wheeling Nailers,,,,
Z7r9jZ1A7OEA8,West Virginia Mountaineers Football vs. Cincinnati Bearcats Football,https://www.ticketmaster.com/event/Z7r9jZ1A7OEA8,2026-10-17,,,onsale,WV,Morgantown,ZFr9jZdk7a,Mountaineer Field at Milan Puskar Stadium,39.637501000,-79.952797000,Sports,Football,College,K8vZ9171MHf,West Virginia Mountaineers,,,,
Z7r9jZ1A70gob,Wheeling Nailers vs. Orlando Solar Bears,https://www.ticketmaster.com/event/Z7r9jZ1A70gob,2027-01-29,19:10:00,,offsale,WV,Wheeling,ZFr9jZ7d6A,Wesbanco Arena,40.072899000,-80.652397000,Sports,Hockey,Minor League,K8vZ91719v7,Wheeling Nailers,,,,
Z7r9jZ1A70Pb0,Wheeling Nailers vs. Orlando Solar Bears,https://www.ticketmaster.com/event/Z7r9jZ1A70Pb0,2027-01-30,19:10:00,,offsale,WV,Wheeling,ZFr9jZ7d6A,Wesbanco Arena,40.072899000,-80.652397000,Sports,Hockey,Minor League,K8vZ91719v7,Wheeling Nailers,,,,
Z7r9jZ1A70go9,Wheeling Nailers vs. Orlando Solar Bears,https://www.ticketmaster.com/event/Z7r9jZ1A70go9,2027-01-31,16:10:00,,offsale,WV,Wheeling,ZFr9jZ7d6A,Wesbanco Arena,40.072899000,-80.652397000,Sports,Hockey,Minor League,K8vZ91719v7,Wheeling Nailers,,,,
1AvbZ_6Gkij9hyA,Justin Willman: One For The Ages Tour,https://www.ticketmaster.com/justin-willman-one-for-the-ages-charleston-west-virginia-11-14-2026/event/1600647B1C5DBE45,2026-11-14,19:00:00,America/New_York,onsale,WV,Charleston,KovZ917AtkG,Charleston Theater,38.35665000,-81.64085000,Arts & Theatre,Magic & Illusion,Magic,K8vZ91785Jf,Justin Willman,PROMOTED BY VENUE,,,
1A4Zk3kGkdIoHvo,DL Hughley,https://www.ticketmaster.com/dl-hughley-charles-town-west-virginia-09-18-2026/event/15006486E847C051,2026-09-18,20:00:00,America/New_York,offsale,WV,Charles Town,KovZpZAJ6knA,Hollywood Casino at Charles Town Races,39.29716807,-77.85236187,Arts & Theatre,Comedy,Comedy,K8vZ9171JX0,D.L. Hughley,PROMOTED BY VENUE,,,
1A4Zk3kGkdOiD-9,Leslie Jones: I'm Hot Tour ,https://www.ticketmaster.com/leslie-jones-im-hot-tour-charles-town-west-virginia-10-23-2026/event/15006486E0B3B857,2026-10-23,20:00:00,America/New_York,onsale,WV,Charles Town,KovZpZAJ6knA,Hollywood Casino at Charles Town Races,39.29716807,-77.85236187,Arts & Theatre,Comedy,Comedy,K8vZ917CAvV,Leslie Jones,PROMOTED BY VENUE,,,
Z7r9jZ1A70goE,Wheeling Nailers vs. Toledo Walleye,https://www.ticketmaster.com/event/Z7r9jZ1A70goE,2026-10-24,19:10:00,,offsale,WV,Wheeling,ZFr9jZ7d6A,Wesbanco Arena,40.072899000,-80.652397000,Sports,Hockey,Minor League,K8vZ91719v7,Wheeling Nailers,,,,
Z7r9jZ1A70goJ,Wheeling Nailers vs. Toledo Walleye,https://www.ticketmaster.com/event/Z7r9jZ1A70goJ,2026-11-13,19:10:00,,offsale,WV,Wheeling,ZFr9jZ7d6A,Wesbanco Arena,40.072899000,-80.652397000,Sports,Hockey,Minor League,K8vZ91719v7,Wheeling Nailers,,,,
Z7r9jZ1A70go-,Wheeling Nailers vs. Bloomington Bison,https://www.ticketmaster.com/event/Z7r9jZ1A70go-,2026-12-31,18:10:00,,offsale,WV,Wheeling,ZFr9jZ7d6A,Wesbanco Arena,40.072899000,-80.652397000,Sports,Hockey,Minor League,K8vZ91719v7,Wheeling Nailers,,,,
Z7r9jZ1A70PbJ,Wheeling Nailers vs. Toledo Walleye,https://www.ticketmaster.com/event/Z7r9jZ1A70PbJ,2027-01-08,19:10:00,,offsale,WV,Wheeling,ZFr9jZ7d6A,Wesbanco Arena,40.072899000,-80.652397000,Sports,Hockey,Minor League,K8vZ91719v7,Wheeling Nailers,,,,
Z7r9jZ1A70gop,Wheeling Nailers vs. Trenton Ironhawks,https://www.ticketmaster.com/event/Z7r9jZ1A70gop,2027-02-05,19:10:00,,offsale,WV,Wheeling,ZFr9jZ7d6A,Wesbanco Arena,40.072899000,-80.652397000,Sports,Hockey,Minor League,K8vZ91719v7,Wheeling Nailers,,,,
Z7r9jZ1A70gof,Wheeling Nailers vs. Bloomington Bison,https://www.ticketmaster.com/event/Z7r9jZ1A70gof,2027-02-26,19:10:00,,offsale,WV,Wheeling,ZFr9jZ7d6A,Wesbanco Arena,40.072899000,-80.652397000,Sports,Hockey,Minor League,K8vZ91719v7,Wheeling Nailers,,,,
Z7r9jZ1A70goK,Wheeling Nailers vs. Bloomington Bison,https://www.ticketmaster.com/event/Z7r9jZ1A70goK,2027-02-27,19:10:00,,offsale,WV,Wheeling,ZFr9jZ7d6A,Wesbanco Arena,40.072899000,-80.652397000,Sports,Hockey,Minor League,K8vZ91719v7,Wheeling Nailers,,,,
Z7r9jZ1A70goo,Wheeling Nailers vs. Norfolk Admirals,https://www.ticketmaster.com/event/Z7r9jZ1A70goo,2027-03-12,19:10:00,,offsale,WV,Wheeling,ZFr9jZ7d6A,Wesbanco Arena,40.072899000,-80.652397000,Sports,Hockey,Minor League,K8vZ91719v7,Wheeling Nailers,,,,
Z7r9jZ1A70P_d,Wheeling Nailers vs. Norfolk Admirals,https://www.ticketmaster.com/event/Z7r9jZ1A70P_d,2027-03-13,19:10:00,,offsale,WV,Wheeling,ZFr9jZ7d6A,Wesbanco Arena,40.072899000,-80.652397000,Sports,Hockey,Minor League,K8vZ91719v7,Wheeling Nailers,,,,
Z7r9jZ1A70go8,Wheeling Nailers vs. Norfolk Admirals,https://www.ticketmaster.com/event/Z7r9jZ1A70go8,2027-03-14,16:10:00,,offsale,WV,Wheeling,ZFr9jZ7d6A,Wesbanco Arena,40.072899000,-80.652397000,Sports,Hockey,Minor League,K8vZ91719v7,Wheeling Nailers,,,,
17A8v0G6uErwc1m,Kameron Marlowe,https://www.ticketmaster.com/kameron-marlowe-charles-town-west-virginia-11-13-2026/event/150064D9DECAD2AE,2026-11-13,20:00:00,America/New_York,onsale,WV,Charles Town,KovZpZAJ6knA,Hollywood Casino at Charles Town Races,39.29716807,-77.85236187,Music,Country,Country,K8vZ917bg5f,Kameron Marlowe,PROMOTED BY VENUE,,,
Z7r9jZ1A70goa,Wheeling Nailers vs. Trenton Ironhawks,https://www.ticketmaster.com/event/Z7r9jZ1A70goa,2027-03-26,19:10:00,,offsale,WV,Wheeling,ZFr9jZ7d6A,Wesbanco Arena,40.072899000,-80.652397000,Sports,Hockey,Minor League,K8vZ91719v7,Wheeling Nailers,,,,
Z7r9jZ1A70PbI,Wheeling Nailers vs. Trenton Ironhawks,https://www.ticketmaster.com/event/Z7r9jZ1A70PbI,2027-03-27,19:10:00,,offsale,WV,Wheeling,ZFr9jZ7d6A,Wesbanco Arena,40.072899000,-80.652397000,Sports,Hockey,Minor League,K8vZ91719v7,Wheeling Nailers,,,,
Z7r9jZ1A70PbP,Wheeling Nailers vs. Toledo Walleye,https://www.ticketmaster.com/event/Z7r9jZ1A70PbP,2027-04-02,19:10:00,,offsale,WV,Wheeling,ZFr9jZ7d6A,Wesbanco Arena,40.072899000,-80.652397000,Sports,Hockey,Minor League,K8vZ91719v7,Wheeling Nailers,,,,
17A8v0G6GCJplWn,Golden Girls: The Laughs Continue,https://www.ticketmaster.com/golden-girls-the-laughs-continue-charles-town-west-virginia-10-16-2026/event/150064C3A65ABF6A,2026-10-16,20:00:00,America/New_York,onsale,WV,Charles Town,KovZpZAJ6knA,Hollywood Casino at Charles Town Races,39.29716807,-77.85236187,Arts & Theatre,Theatre,Comedy,K8vZ917QsjV,Golden Girls: The Laughs Continue,PROMOTED BY VENUE,,,
17A8v0G6G3JGyyL,TWISTED SISTER Featuring Sebastian Bach on Lead Vocals,https://www.ticketmaster.com/twisted-sister-featuring-sebastian-bach-on-charles-town-west-virginia-11-14-2026/event/150064C4A6339E5F,2026-11-14,20:00:00,America/New_York,onsale,WV,Charles Town,KovZpZAJ6knA,Hollywood Casino at Charles Town Races,39.29716807,-77.85236187,Music,Metal,Nu-Metal,K8vZ9175j3V,Twisted Sister,PROMOTED BY VENUE,,,
1A4ZkotGkd3el8R,Margaret Cho: Choligarchy,https://www.ticketmaster.com/margaret-cho-choligarchy-charles-town-west-virginia-10-03-2026/event/15006469D20AB42F,2026-10-03,20:00:00,America/New_York,onsale,WV,Charles Town,KovZpZAJ6knA,Hollywood Casino at Charles Town Races,39.29716807,-77.85236187,Arts & Theatre,Comedy,Comedy,K8vZ9171hg0,Margaret Cho,PROMOTED BY VENUE,,,
17A8v0G65Q066uz,Wheeler Walker Jr. - Pullin Out: The Farewell Tour with Dee White,https://www.ticketmaster.com/wheeler-walker-jr-pullin-out-the-charles-town-west-virginia-11-21-2026/event/150064B6A41C7378,2026-11-21,20:00:00,America/New_York,onsale,WV,Charles Town,KovZpZAJ6knA,Hollywood Casino at Charles Town Races,39.29716807,-77.85236187,Music,Country,Country,K8vZ917fIMf,Wheeler Walker Jr.,PROMOTED BY VENUE,,,
Z7r9jZ1AAv7Qk,Night Ranger,https://www.ticketmaster.com/event/Z7r9jZ1AAv7Qk,2026-12-12,20:00:00,,onsale,WV,Wheeling,Z6r9jZdFde,Capitol Theatre - WV,40.072899000,-80.652397000,Music,Rock,Hard Rock,K8vZ91712O0,Night Ranger,,,,
17A8v0G65lqdmXO,Dean Z,https://www.ticketmaster.com/dean-z-charles-town-west-virginia-12-11-2026/event/150064BADD0EEFA0,2026-12-11,20:00:00,America/New_York,onsale,WV,Charles Town,KovZpZAJ6knA,Hollywood Casino at Charles Town Races,39.29716807,-77.85236187,Music,Undefined,Undefined,K8vZ917blLV,Dean Z,PROMOTED BY VENUE,,,
17A8v0G65lq7CXx,Dean Z,https://www.ticketmaster.com/dean-z-charles-town-west-virginia-12-12-2026/event/150064BADD10EFA2,2026-12-12,20:00:00,America/New_York,onsale,WV,Charles Town,KovZpZAJ6knA,Hollywood Casino at Charles Town Races,39.29716807,-77.85236187,Music,Undefined,Undefined,K8vZ917blLV,Dean Z,PROMOTED BY VENUE,,,
17AOv0G659YgCBU,Golden Girls: The Laughs Continue,https://www.ticketmaster.com/golden-girls-the-laughs-continue-morgantown-west-virginia-11-05-2026/event/160064B5F0D4EEB6,2026-11-05,19:00:00,America/New_York,onsale,WV,Morgantown,KovZpZA7v7tA,Metropolitan Theatre,39.63061060,-79.95519250,Arts & Theatre,Theatre,Comedy,K8vZ917QsjV,Golden Girls: The Laughs Continue,OUTBACK CONCERTS,,,
17A8v0G65lq7mX0,Dean Z,https://www.ticketmaster.com/dean-z-charles-town-west-virginia-12-13-2026/event/150064BADD12EFA4,2026-12-13,19:00:00,America/New_York,onsale,WV,Charles Town,KovZpZAJ6knA,Hollywood Casino at Charles Town Races,39.29716807,-77.85236187,Music,Undefined,Undefined,K8vZ917blLV,Dean Z,PROMOTED BY VENUE,,,
17AOv0G65M7O11S,Women Warriors Summit,https://www.ticketmaster.com/women-warriors-summit-huntington-west-virginia-10-23-2026/event/160064BDC480A2B3,2026-10-23,09:00:00,America/New_York,onsale,WV,Huntington,KovZpa3b1e,Marshall Health Network Arena (formerly Mountain Health Arena),38.42076610,-82.44388790,Miscellaneous,Lecture/Seminar,Lecture/Seminar,,,SMG,,,
17A8v0G6GNkeip5,Tribute to Dolly Parton featuring Karen Hester,https://www.ticketmaster.com/tribute-to-dolly-parton-featuring-karen-charles-town-west-virginia-01-30-2027/event/150064C8C60AC58B,2027-01-30,20:00:00,America/New_York,rescheduled,WV,Charles Town,KovZpZAJ6knA,Hollywood Casino at Charles Town Races,39.29716807,-77.85236187,Music,Undefined,Undefined,K8vZ9175AL0,Legends In Concert,PROMOTED BY VENUE,,,
17AOv0G6GSHlrxI,Trombone Shorty & Orleans Avenue,https://www.ticketmaster.com/trombone-shorty-orleans-avenue-huntington-west-virginia-02-23-2027/event/160064CCFCADE8A8,2027-02-23,19:30:00,America/New_York,onsale,WV,Huntington,KovZpa397e,Joan C Edwards Performing Arts Center,38.42186930,-82.42920230,Music,Jazz,Jazz,K8vZ917GkxV,Trombone Shorty & Orleans Avenue,PROMOTED BY VENUE,,,
17AOv0G61Nz9uVS,Jordan Jensen,https://www.ticketmaster.com/jordan-jensen-charleston-west-virginia-10-21-2026/event/160064A8F85CDD33,2026-10-21,19:30:00,America/New_York,onsale,WV,Charleston,KovZ917AtkG,Charleston Theater,38.35665000,-81.64085000,Arts & Theatre,Comedy,Comedy,K8vZ917QI3f,Jordan Jensen,PROMOTED BY VENUE,,,
17AOv0G6u5Keiwr,Taylorville - A Tribute to Taylor Swift,https://www.ticketmaster.com/taylorville-a-tribute-to-taylor-swift-charleston-west-virginia-11-20-2026/event/160064D2D30ACC9E,2026-11-20,19:00:00,America/New_York,onsale,WV,Charleston,KovZ917AtkG,Charleston Theater,38.35665000,-81.64085000,Music,Undefined,Undefined,K8vZ917jsH7,Taylorville - A Tribute to Taylor Swift,PROMOTED BY VENUE,,,
1AvbZbUGkwGt9nh,Tig Notaro: Out Of Nowhere,https://www.ticketmaster.com/tig-notaro-out-of-nowhere-charleston-west-virginia-10-02-2026/event/1600636C8CA57A9B,2026-10-02,19:00:00,America/New_York,rescheduled,WV,Charleston,KovZ917AtkG,Charleston Theater,38.35665000,-81.64085000,Arts & Theatre,Comedy,Comedy,K8vZ917fHgV,Tig Notaro,PROMOTED BY VENUE,,,
1AvbZ_kGksg8Kd1,Bellamy Brothers,https://www.ticketmaster.com/bellamy-brothers-charleston-west-virginia-10-08-2026/event/1600646C754130CA,2026-10-08,19:00:00,America/New_York,onsale,WV,Charleston,KovZ917AtkG,Charleston Theater,38.35665000,-81.64085000,Music,Country,Country,K8vZ9171aZ0,Bellamy Brothers,PROMOTED BY VENUE,,,
Z7r9jZ1A70o03,Violent Femmes,https://www.ticketmaster.com/event/Z7r9jZ1A70o03,2026-09-24,20:00:00,,onsale,WV,Huntington,Z7r9jZaA22,Keith Albee Performing Arts Center,38.369301000,-82.412300000,Music,Alternative,Alternative Rock,K8vZ9171FG7,Violent Femmes,,,,
Z7r9jZ1A7x9GE,Jay Leno,https://www.ticketmaster.com/event/Z7r9jZ1A7x9GE,2026-09-26,19:30:00,,onsale,WV,Wheeling,Z6r9jZdFde,Capitol Theatre - WV,40.072899000,-80.652397000,Arts & Theatre,,,K8vZ9171hpf,Jay Leno,,,,
Z7r9jZ1A7OEAo,West Virginia Mountaineers Football vs. Houston Cougars Football,https://www.ticketmaster.com/event/Z7r9jZ1A7OEAo,2026-11-21,,,onsale,WV,Morgantown,ZFr9jZdk7a,Mountaineer Field at Milan Puskar Stadium,39.637501000,-79.952797000,Sports,Football,College,K8vZ9171MHf,West Virginia Mountaineers,,,,
17AOv0G6GBBnalu,Mojo Brookzz: Outta Pocket,https://www.ticketmaster.com/mojo-brookzz-outta-pocket-huntington-west-virginia-09-24-2026/event/160064CEBAA89ACD,2026-09-24,19:30:00,America/New_York,onsale,WV,Huntington,KovZpa397e,Joan C Edwards Performing Arts Center,38.42186930,-82.42920230,Arts & Theatre,Comedy,Comedy,K8vZ917QlK0,Mojo Brookzz,PROMOTED BY VENUE,,,
17AOv0G6GS_ejoV,Graham Nash - Live on Tour 2026,https://www.ticketmaster.com/graham-nash-live-on-tour-2026-huntington-west-virginia-10-05-2026/event/160064CCD909C474,2026-10-05,19:30:00,America/New_York,onsale,WV,Huntington,KovZpa397e,Joan C Edwards Performing Arts Center,38.42186930,-82.42920230,Music,Rock,Pop,K8vZ9171uE0,Graham Nash,PROMOTED BY VENUE,,,
17AOv0G6GSMnru8,Waitress (Touring),https://www.ticketmaster.com/waitress-touring-huntington-west-virginia-02-03-2027/event/160064CCF7A9E350,2027-02-03,19:30:00,America/New_York,onsale,WV,Huntington,KovZpa397e,Joan C Edwards Performing Arts Center,38.42186930,-82.42920230,Arts & Theatre,Theatre,Musical,K8vZ9174wu7,Waitress (Touring),PROMOTED BY VENUE,,,
1AvbZ_6GkRfRu9o,Mamma Mania - Ultimate ABBA Tribute,https://www.ticketmaster.com/mamma-mania-ultimate-abba-tribute-charleston-west-virginia-11-05-2026/event/1600647BD4BCD5D1,2026-11-05,19:30:00,America/New_York,onsale,WV,Charleston,KovZ917AtkG,Charleston Theater,38.35665000,-81.64085000,Music,Rock,Pop,K8vZ917qMT0,Mamma Mania!,PROMOTED BY VENUE,,,
17AOv0G6uBUHQXo,Daniel In The Lions' Den,https://www.ticketmaster.com/daniel-in-the-lions-den-charleston-west-virginia-10-10-2026/event/160064DEB6F1AF91,2026-10-10,14:00:00,America/New_York,cancelled,WV,Charleston,KovZ917AtkG,Charleston Theater,38.35665000,-81.64085000,Arts & Theatre,Theatre,Musical,K8vZ917OrPV,Daniel In The Lions' Den,PROMOTED BY VENUE,,,
17AOv0G61SoI5db,Couples Therapy,https://www.ticketmaster.com/couples-therapy-charleston-west-virginia-04-24-2027/event/160064ACD1A0B0D8,2027-04-24,19:00:00,America/New_York,onsale,WV,Charleston,KovZ917AtkG,Charleston Theater,38.35665000,-81.64085000,Music,Rock,Alternative Rock,K8vZ917qVuf,Couples Therapy,PROMOTED BY VENUE,,,
17AOv0G6GSmPcPO,The Wiz (Touring),https://www.ticketmaster.com/the-wiz-touring-huntington-west-virginia-10-17-2026/event/160064CCEE96D960,2026-10-17,19:30:00,America/New_York,onsale,WV,Huntington,KovZpa397e,Joan C Edwards Performing Arts Center,38.42186930,-82.42920230,Arts & Theatre,Theatre,Musical,K8vZ917hpJ7,The Wiz (Touring),PROMOTED BY VENUE,,,
1ApZkfAGkegf9Pf,Uncle Kracker,https://www.ticketmaster.com/uncle-kracker-wheeling-west-virginia-10-10-2026/event/16006505B5517954,2026-10-10,21:00:00,America/New_York,onsale,WV,Wheeling,KovZpZAdE1kA,The Showroom at Wheeling Island,40.06349360,-80.72926480,Music,Rock,Alternative Rock,K8vZ9171wZf,Uncle Kracker,PROMOTED BY VENUE,,,
Z7r9jZ1A7-I0e,Marshall Thundering Herd Football vs. Appalachian State Mountaineers Football,https://www.ticketmaster.com/event/Z7r9jZ1A7-I0e,2026-11-14,,,onsale,WV,Huntington,ZFr9jZevev,Joan C Edwards Stadium,38.422199000,-82.420197000,Sports,Football,College,K8vZ91758af,Marshall University Thundering Herd,,,,
Z7r9jZ1A7Po80,The Vampire Circus - THE SCARIEST SIDE OF CIRQUE,https://www.ticketmaster.com/event/Z7r9jZ1A7Po80,2026-10-17,20:00:00,,onsale,WV,Wheeling,Z6r9jZdFde,Capitol Theatre - WV,40.072899000,-80.652397000,Arts & Theatre,Circus & Specialty Acts,Circus,K8vZ917osaV,The Vampire Circus,,,,
rZ7HnEZ1AfaMF0,Lotus,https://www.ticketweb.com/event/lotus-123-pleasant-street-tickets/14277224,2026-10-29,21:00:00,America/New_York,onsale,WV,Morgantown,rZ7HnEZae0H,123 Pleasant Street,39.6295396,-79.9579303,Music,Other,,K8vZ9175MB7,Lotus,OPUS ONE PRODUCTIONS,47.44,47.44,USD
rZ7HnEZ1Af143f,"Matthew West Come Home for Christmas Live on Tour - Parkersburg, WV",https://www.ticketweb.com/event/matthew-west-come-home-for-the-warehouse-church-tickets/14295494,2026-12-17,19:00:00,America/New_York,onsale,WV,Parkersburg,rZ7HnEZ17qdAS,The Warehouse Church,39.2851909,-81.5530576,Music,Religious,Gospel,K8vZ917Gn3f,Matthew West,,37.67,104.87,USD
17AOv0G6GSYBuRV,Mountain Stage,https://www.ticketmaster.com/mountain-stage-huntington-west-virginia-11-08-2026/event/160064CCF0E8DBF4,2026-11-08,19:00:00,America/New_York,onsale,WV,Huntington,KovZpa397e,Joan C Edwards Performing Arts Center,38.42186930,-82.42920230,Music,Folk,Indie Folk,K8vZ917uyGV,Mountain Stage,PROMOTED BY VENUE,,,
17AOv0G6GYqy3d5,Malcolm Gladwell,https://www.ticketmaster.com/malcolm-gladwell-huntington-west-virginia-03-31-2027/event/160064CC1DE520CB,2027-03-31,19:30:00,America/New_York,onsale,WV,Huntington,KovZpa397e,Joan C Edwards Performing Arts Center,38.42186930,-82.42920230,Miscellaneous,Community/Civic,Community/Civic,K8vZ917GN6f,Malcolm Gladwell,PROMOTED BY VENUE,,,
Z7r9jZ1A7-I0d,Marshall Thundering Herd Football vs. Georgia State Panthers Football,https://www.ticketmaster.com/event/Z7r9jZ1A7-I0d,2026-11-21,,,onsale,WV,Huntington,ZFr9jZevev,Joan C Edwards Stadium,38.422199000,-82.420197000,Sports,Football,College,K8vZ91758af,Marshall University Thundering Herd,,,,
17AOv0G6GYqVwe5,Malcolm Gladwell,https://www.ticketmaster.com/malcolm-gladwell-huntington-west-virginia-03-31-2027/event/160064CC1DD3208B,2027-03-31,16:00:00,America/New_York,onsale,WV,Huntington,KovZpa397e,Joan C Edwards Performing Arts Center,38.42186930,-82.42920230,Miscellaneous,Community/Civic,Community/Civic,K8vZ917GN6f,Malcolm Gladwell,PROMOTED BY VENUE,,,
17AOv0G6CJ5KN_l,Puffs,https://www.ticketmaster.com/puffs-huntington-west-virginia-04-23-2027/event/160064E98B4E366B,2027-04-23,19:30:00,America/New_York,onsale,WV,Huntington,KovZpa397e,Joan C Edwards Performing Arts Center,38.42186930,-82.42920230,Arts & Theatre,Comedy,Comedy,K8vZ917OXKV,Puffs,PROMOTED BY VENUE,,,
17AOv0G6GSlguhk,Daisy Fancourt,https://www.ticketmaster.com/daisy-fancourt-huntington-west-virginia-10-13-2026/event/160064CCEBD4D6C6,2026-10-13,19:30:00,America/New_York,onsale,WV,Huntington,KovZpa397e,Joan C Edwards Performing Arts Center,38.42186930,-82.42920230,Miscellaneous,Lecture/Seminar,Lecture/Seminar,K8vZ917Ot1f,Daisy Fancourt,PROMOTED BY VENUE,,,
17AOv0G6GXGJA6x,Marshall Artists Lecture Series 2 Events: Fancourt and Gladwell,https://www.ticketmaster.com/marshall-artists-lecture-series-2-events-huntington-west-virginia-10-13-2026/event/160064CF8C9851E2,2026-10-13,19:30:00,America/New_York,onsale,WV,Huntington,KovZpa397e,Joan C Edwards Performing Arts Center,38.42186930,-82.42920230,Miscellaneous,Lecture/Seminar,Lecture/Seminar,,,PROMOTED BY VENUE,,,
Z7r9jZ1A70ef6,West Virginia Mountaineers Womens Volleyball vs. UCF Knights Womens Volleyball,https://www.ticketmaster.com/event/Z7r9jZ1A70ef6,2026-11-15,13:00:00,,onsale,WV,Morgantown,ZFr9jZ7vFv,Hope Coliseum,39.637501000,-79.952797000,Sports,Miscellaneous,Miscellaneous,Z7r9jZa6zL,West Virginia Mountaineers Womens Volleyball,,,,
17AOv0G626c3ezz,Marshall University: Spring Dance Concert,https://www.ticketmaster.com/marshall-university-spring-dance-concert-huntington-west-virginia-03-27-2027/event/160064F1ED482E38,2027-03-27,19:30:00,America/New_York,onsale,WV,Huntington,KovZpa397e,Joan C Edwards Performing Arts Center,38.42186930,-82.42920230,Arts & Theatre,Dance,Dance,,,PROMOTED BY VENUE,,,
17AOv0G626cKwyu,Marshall University: Spring Dance Concert,https://www.ticketmaster.com/marshall-university-spring-dance-concert-huntington-west-virginia-03-28-2027/event/160064F1ED4F2E4D,2027-03-28,14:00:00,America/New_York,onsale,WV,Huntington,KovZpa397e,Joan C Edwards Performing Arts Center,38.42186930,-82.42920230,Arts & Theatre,Dance,Dance,,,PROMOTED BY VENUE,,,
17AOv0G6CJ54N_c,Puffs,https://www.ticketmaster.com/puffs-huntington-west-virginia-04-24-2027/event/160064E98B56366D,2027-04-24,19:30:00,America/New_York,onsale,WV,Huntington,KovZpa397e,Joan C Edwards Performing Arts Center,38.42186930,-82.42920230,Arts & Theatre,Comedy,Comedy,K8vZ917OXKV,Puffs,PROMOTED BY VENUE,,,
17AOv0G6CJ59S_Y,Puffs,https://www.ticketmaster.com/puffs-huntington-west-virginia-04-25-2027/event/160064E98B5F3670,2027-04-25,14:00:00,America/New_York,onsale,WV,Huntington,KovZpa397e,Joan C Edwards Performing Arts Center,38.42186930,-82.42920230,Arts & Theatre,Comedy,Comedy,K8vZ917OXKV,Puffs,PROMOTED BY VENUE,,,
Z7r9jZ1AAZ-o_,West Virginia Mountaineers Mens Soccer vs. UCF Knights Mens Soccer,https://www.ticketmaster.com/event/Z7r9jZ1AAZ-o_,2026-10-21,19:00:00,,onsale,WV,Morgantown,Z7r9jZa7Yd,Dick Dlesk Soccer Stadium,39.630501000,-79.954903000,Sports,Miscellaneous,Miscellaneous,Z7r9jZaagz,West Virginia Mountaineers Mens Soccer,,,,
17AOv0G6CJ1WdbT,Puffs,https://www.ticketmaster.com/puffs-huntington-west-virginia-04-21-2027/event/160064E98AF4363F,2027-04-21,19:30:00,America/New_York,onsale,WV,Huntington,KovZpa397e,Joan C Edwards Performing Arts Center,38.42186930,-82.42920230,Arts & Theatre,Comedy,Comedy,K8vZ917OXKV,Puffs,PROMOTED BY VENUE,,,
17AOv0G6CJ5od_L,Puffs,https://www.ticketmaster.com/puffs-huntington-west-virginia-04-22-2027/event/160064E98B44365F,2027-04-22,19:30:00,America/New_York,onsale,WV,Huntington,KovZpa397e,Joan C Edwards Performing Arts Center,38.42186930,-82.42920230,Arts & Theatre,Comedy,Comedy,K8vZ917OXKV,Puffs,PROMOTED BY VENUE,,,
Z7r9jZ1AAvsQk,Josiah & the Bonnevilles (18+ Event),https://www.ticketmaster.com/event/Z7r9jZ1AAvsQk,2026-10-18,20:00:00,,onsale,WV,Huntington,Z7r9jZaeBi,The Loud,38.369301000,-82.412300000,Music,Rock,Rock,K8vZ917fYhV,Josiah and the Bonnevilles,,,,
Z7r9jZ1A7-I0v,Marshall Thundering Herd Football vs. South Alabama Jaguars Football,https://www.ticketmaster.com/event/Z7r9jZ1A7-I0v,2026-10-20,,,onsale,WV,Huntington,ZFr9jZevev,Joan C Edwards Stadium,38.422199000,-82.420197000,Sports,Football,College,K8vZ91758af,Marshall University Thundering Herd,,,,
Z7r9jZ1A7-Ix_,Marshall Thundering Herd Football vs. Gardner Webb Bulldogs Football,https://www.ticketmaster.com/event/Z7r9jZ1A7-Ix_,2026-09-26,,,onsale,WV,Huntington,ZFr9jZevev,Joan C Edwards Stadium,38.422199000,-82.420197000,Sports,Football,College,K8vZ91758af,Marshall University Thundering Herd,,,,
Z7r9jZ1A7-I0Z,Marshall Thundering Herd Football vs. Coastal Carolina Chanticleers Football,https://www.ticketmaster.com/event/Z7r9jZ1A7-I0Z,2026-10-10,,,onsale,WV,Huntington,ZFr9jZevev,Joan C Edwards Stadium,38.422199000,-82.420197000,Sports,Football,College,K8vZ91758af,Marshall University Thundering Herd,,,,
Z7r9jZ1A7PKjk,CAIN: Live and In Worship,https://www.ticketmaster.com/event/Z7r9jZ1A7PKjk,2026-10-01,19:00:00,,onsale,WV,Wheeling,Z6r9jZdFde,Capitol Theatre - WV,40.072899000,-80.652397000,Music,Other,Other,K8vZfZ7tFAk,CAIN,,,,
17AOv0G626BikGS,Men On Boats,https://www.ticketmaster.com/men-on-boats-huntington-west-virginia-10-03-2026/event/160064F1FAB06333,2026-10-03,19:30:00,America/New_York,onsale,WV,Huntington,KovZpZAaIlvA,FRANCIS-BOOTH EXPERIMENTAL THEATRE,38.42043170,-82.42932410,Arts & Theatre,Theatre,Comedy,K8vZpZAAlvak,Men On Boats,PROMOTED BY VENUE,,,
Z7r9jZ1A70ef7,West Virginia Mountaineers Womens Volleyball vs. Cincinnati Bearcats Womens Volleyball,https://www.ticketmaster.com/event/Z7r9jZ1A70ef7,2026-10-16,18:00:00,,onsale,WV,Morgantown,ZFr9jZ7vFv,Hope Coliseum,39.637501000,-79.952797000,Sports,Miscellaneous,Miscellaneous,Z7r9jZa6zL,West Virginia Mountaineers Womens Volleyball,,,,
17AOv0G626BtU5S,Men On Boats,https://www.ticketmaster.com/men-on-boats-huntington-west-virginia-10-02-2026/event/160064F1FAA762F3,2026-10-02,19:30:00,America/New_York,onsale,WV,Huntington,KovZpZAaIlvA,FRANCIS-BOOTH EXPERIMENTAL THEATRE,38.42043170,-82.42932410,Arts & Theatre,Theatre,Comedy,K8vZpZAAlvak,Men On Boats,PROMOTED BY VENUE,,,
Z7r9jZ1A70efe,West Virginia Mountaineers Womens Volleyball vs. Arizona State Sun Devils Womens Volleyball,https://www.ticketmaster.com/event/Z7r9jZ1A70efe,2026-09-25,18:00:00,,onsale,WV,Morgantown,ZFr9jZ7vFv,Hope Coliseum,39.637501000,-79.952797000,Sports,Miscellaneous,Miscellaneous,Z7r9jZa6zL,West Virginia Mountaineers Womens Volleyball,,,,
Z7r9jZ1A70efd,West Virginia Mountaineers Womens Volleyball vs. TCU Horned Frogs Womens Volleyball,https://www.ticketmaster.com/event/Z7r9jZ1A70efd,2026-09-27,13:00:00,,onsale,WV,Morgantown,ZFr9jZ7vFv,Hope Coliseum,39.637501000,-79.952797000,Sports,Miscellaneous,Miscellaneous,Z7r9jZa6zL,West Virginia Mountaineers Womens Volleyball,,,,
Z7r9jZ1AAZ-oO,West Virginia Mountaineers Mens Soccer vs. Coastal Carolina Chanticleers Mens Soccer,https://www.ticketmaster.com/event/Z7r9jZ1AAZ-oO,2026-10-29,19:00:00,,onsale,WV,Morgantown,Z7r9jZa7Yd,Dick Dlesk Soccer Stadium,39.630501000,-79.954903000,Sports,Miscellaneous,Miscellaneous,Z7r9jZaagz,West Virginia Mountaineers Mens Soccer,,,,
17AOv0G62pHZIuu,TOMFOOLERY,https://www.ticketmaster.com/tomfoolery-huntington-west-virginia-11-20-2026/event/160064F5BC02834D,2026-11-20,19:30:00,America/New_York,onsale,WV,Huntington,KovZpZAaIlvA,FRANCIS-BOOTH EXPERIMENTAL THEATRE,38.42043170,-82.42932410,Arts & Theatre,Theatre,Musical,K8vZ917-6Y7,TOMFOOLERY,PROMOTED BY VENUE,,,
Z7r9jZ1AAZ-o9,West Virginia Mountaineers Mens Soccer vs. South Carolina Gamecocks Mens Soccer,https://www.ticketmaster.com/event/Z7r9jZ1AAZ-o9,2026-10-03,19:00:00,,onsale,WV,Morgantown,Z7r9jZa7Yd,Dick Dlesk Soccer Stadium,39.630501000,-79.954903000,Sports,Miscellaneous,Miscellaneous,Z7r9jZaagz,West Virginia Mountaineers Mens Soccer,,,,
17AOv0G626Bxp1_,Men On Boats,https://www.ticketmaster.com/men-on-boats-huntington-west-virginia-09-30-2026/event/160064F1FA896299,2026-09-30,19:30:00,America/New_York,onsale,WV,Huntington,KovZpZAaIlvA,FRANCIS-BOOTH EXPERIMENTAL THEATRE,38.42043170,-82.42932410,Arts & Theatre,Theatre,Comedy,K8vZpZAAlvak,Men On Boats,PROMOTED BY VENUE,,,
17AOv0G626BEU5K,Men On Boats,https://www.ticketmaster.com/men-on-boats-huntington-west-virginia-10-01-2026/event/160064F1FA9F62D3,2026-10-01,19:30:00,America/New_York,onsale,WV,Huntington,KovZpZAaIlvA,FRANCIS-BOOTH EXPERIMENTAL THEATRE,38.42043170,-82.42932410,Arts & Theatre,Theatre,Comedy,K8vZpZAAlvak,Men On Boats,PROMOTED BY VENUE,,,
17AOv0G626BRJuq,Men On Boats,https://www.ticketmaster.com/men-on-boats-huntington-west-virginia-10-04-2026/event/160064F1FABE635D,2026-10-04,14:00:00,America/New_York,onsale,WV,Huntington,KovZpZAaIlvA,FRANCIS-BOOTH EXPERIMENTAL THEATRE,38.42043170,-82.42932410,Arts & Theatre,Theatre,Comedy,K8vZpZAAlvak,Men On Boats,PROMOTED BY VENUE,,,
Z7r9jZ1A70efa,West Virginia Mountaineers Womens Volleyball vs. Texas Tech Red Raider Womens Volleyball,https://www.ticketmaster.com/event/Z7r9jZ1A70efa,2026-11-27,15:00:00,,onsale,WV,Morgantown,ZFr9jZ7vFv,Hope Coliseum,39.637501000,-79.952797000,Sports,Miscellaneous,Miscellaneous,Z7r9jZa6zL,West Virginia Mountaineers Womens Volleyball,,,,
17AOv0G62pDDIGr,TOMFOOLERY,https://www.ticketmaster.com/tomfoolery-huntington-west-virginia-11-18-2026/event/160064F5BBEE831E,2026-11-18,19:30:00,America/New_York,onsale,WV,Huntington,KovZpZAaIlvA,FRANCIS-BOOTH EXPERIMENTAL THEATRE,38.42043170,-82.42932410,Arts & Theatre,Theatre,Musical,K8vZ917-6Y7,TOMFOOLERY,PROMOTED BY VENUE,,,
17AOv0G62pDXzGi,TOMFOOLERY,https://www.ticketmaster.com/tomfoolery-huntington-west-virginia-11-19-2026/event/160064F5BBFB832C,2026-11-19,19:30:00,America/New_York,onsale,WV,Huntington,KovZpZAaIlvA,FRANCIS-BOOTH EXPERIMENTAL THEATRE,38.42043170,-82.42932410,Arts & Theatre,Theatre,Musical,K8vZ917-6Y7,TOMFOOLERY,PROMOTED BY VENUE,,,
17AOv0G62pH7Iu-,TOMFOOLERY,https://www.ticketmaster.com/tomfoolery-huntington-west-virginia-11-21-2026/event/160064F5BC128361,2026-11-21,19:30:00,America/New_York,onsale,WV,Huntington,KovZpZAaIlvA,FRANCIS-BOOTH EXPERIMENTAL THEATRE,38.42043170,-82.42932410,Arts & Theatre,Theatre,Musical,K8vZ917-6Y7,TOMFOOLERY,PROMOTED BY VENUE,,,
Z7r9jZ1AAZ_4N,Singalong Broadway,https://www.ticketmaster.com/event/Z7r9jZ1AAZ_4N,2026-09-30,19:30:00,,onsale,WV,Wheeling,Z6r9jZdFde,Capitol Theatre - WV,40.072899000,-80.652397000,Arts & Theatre,Theatre,Musical,K8vZ917-AD7,Singalong Broadway!,,,,
Z7r9jZ1AAZ-of,West Virginia Mountaineers Mens Soccer vs. Duquesne Dukes Mens Soccer,https://www.ticketmaster.com/event/Z7r9jZ1AAZ-of,2026-09-22,19:00:00,,onsale,WV,Morgantown,Z7r9jZa7Yd,Dick Dlesk Soccer Stadium,39.630501000,-79.954903000,Sports,Miscellaneous,Miscellaneous,Z7r9jZaagz,West Virginia Mountaineers Mens Soccer,,,,
Z7r9jZ1AAZ-ob,West Virginia Mountaineers Mens Soccer vs. Kentucky Wildcats Mens Soccer,https://www.ticketmaster.com/event/Z7r9jZ1AAZ-ob,2026-10-16,19:00:00,,onsale,WV,Morgantown,Z7r9jZa7Yd,Dick Dlesk Soccer Stadium,39.630501000,-79.954903000,Sports,Miscellaneous,Miscellaneous,Z7r9jZaagz,West Virginia Mountaineers Mens Soccer,,,,
Z7r9jZ1A70efA,West Virginia Mountaineers Womens Volleyball vs. Arizona Wildcats Womens Volleyball,https://www.ticketmaster.com/event/Z7r9jZ1A70efA,2026-10-23,18:00:00,,onsale,WV,Morgantown,ZFr9jZ7vFv,Hope Coliseum,39.637501000,-79.952797000,Sports,Miscellaneous,Miscellaneous,Z7r9jZa6zL,West Virginia Mountaineers Womens Volleyball,,,,
Z7r9jZ1A7x9Za,West Virginia Mountaineers Womens Volleyball vs. Houston Cougars Womens Volleyball,https://www.ticketmaster.com/event/Z7r9jZ1A7x9Za,2026-10-04,13:00:00,,onsale,WV,Morgantown,ZFr9jZ7vFv,Hope Coliseum,39.637501000,-79.952797000,Sports,Miscellaneous,Miscellaneous,Z7r9jZa6zL,West Virginia Mountaineers Womens Volleyball,,,,
1AvbZ_3GkzF1Wta,Alaska Thunderf*ck: The Revolution Tour,https://www.etix.com/ticket/p/33758145/alaska-5000-huntington-the-loud,2027-03-17,20:00:00,America/New_York,onsale,WV,Huntington,KovZ917AVRB,The Loud,38.41760400,-82.44492700,Music,Pop,Electro Pop,K8vZ917oOyf,Alaska Thunderfuck,LIVE NATION MUSIC,,,
LvZ18QEEUR8RN49peMYh9,"Dinosaur Adventure - Wheeling, WV 2026",https://www.universe.com/events/dinosaur-adventure-wheeling-wv-2026-tickets-KQ6VXH?ref=ticketmaster,2026-09-20,09:00:00,America/New_York,onsale,WV,Wheeling,KovZpZAJ7evA,WesBanco Arena,40.06542010,-80.72451880,Miscellaneous,Family,Other,K8vZ917bJ8f,Dinosaur Adventure,,,,
LvZ18QEEUR8RN49peMYhp,"Dinosaur Adventure - Wheeling, WV 2026",https://www.universe.com/events/dinosaur-adventure-wheeling-wv-2026-tickets-KQ6VXH?ref=ticketmaster,2026-09-19,09:00:00,America/New_York,onsale,WV,Wheeling,KovZpZAJ7evA,WesBanco Arena,40.06542010,-80.72451880,Miscellaneous,Family,Other,K8vZ917bJ8f,Dinosaur Adventure,,,,
rZ7HnEZ1AfJbPS,Genesis Retouched: The Essence of the Phil Collins Era of Genesis,https://www.ticketweb.com/event/genesis-retouched-the-essence-of-the-showroom-at-wheeling-island-tickets/14998973,2026-09-19,20:00:00,America/New_York,onsale,WV,Wheeling,rZ7HnEZ174oPz,The Showroom at Wheeling Island,40.0634936,-80.7292648,Music,Pop,Pop Rock,,,,25.0,25.0,USD
rZ7HnEZ1A4ZEAK,Meet Loaf - The Ultimate Meat Loaf Tribute Band,https://www.ticketweb.com/event/meet-loaf-the-the-showroom-at-wheeling-island-tickets/15027153,2026-10-03,20:00:00,America/New_York,onsale,WV,Wheeling,rZ7HnEZ174oPz,The Showroom at Wheeling Island,40.0634936,-80.7292648,Music,Rock,Arena Rock,,,,25.0,25.0,USD
rZ7HnEZ1A4vvAN,"SEU Worship: The Found In The Field Tour - Parkersburg, WV",https://www.ticketweb.com/event/seu-worship-the-found-in-the-warehouse-church-tickets/15041163,2026-10-10,19:00:00,America/New_York,onsale,WV,Parkersburg,rZ7HnEZ17qdAS,The Warehouse Church,39.2851909,-81.5530576,Music,Religious,Praise & Worship,K8vZ917LjV7,SEU Worship,,23.56,51.84,USD
rZ7HnEZ1AfG7f0,No Fences - The Ultimate Garth Brooks Tribute,https://www.ticketweb.com/event/no-fences-the-the-showroom-at-wheeling-island-tickets/14304524,2026-10-24,20:00:00,America/New_York,onsale,WV,Wheeling,rZ7HnEZ174oPz,The Showroom at Wheeling Island,40.0634936,-80.7292648,Music,Country,Country,,,,25.0,25.0,USD
Z7r9jZ1A70efk,West Virginia Mountaineers Womens Volleyball vs. Colorado Buffaloes Womens Volleyball,https://www.ticketmaster.com/event/Z7r9jZ1A70efk,2026-11-08,13:00:00,,onsale,WV,Morgantown,ZFr9jZ7vFv,Hope Coliseum,39.637501000,-79.952797000,Sports,Miscellaneous,Miscellaneous,Z7r9jZa6zL,West Virginia Mountaineers Womens Volleyball,,,,
Z7r9jZ1A70efF,West Virginia Mountaineers Womens Volleyball vs. Baylor Bears Womens Volleyball,https://www.ticketmaster.com/event/Z7r9jZ1A70efF,2026-11-25,14:00:00,,onsale,WV,Morgantown,ZFr9jZ7vFv,Hope Coliseum,39.637501000,-79.952797000,Sports,Miscellaneous,Miscellaneous,Z7r9jZa6zL,West Virginia Mountaineers Womens Volleyball,,,,
17AOv0G62rfFAEZ,Acts of Vengeance,https://www.ticketmaster.com/acts-of-vengeance-huntington-west-virginia-02-26-2027/event/160064F7942059C0,2027-02-26,19:30:00,America/New_York,onsale,WV,Huntington,KovZpZAaIlvA,FRANCIS-BOOTH EXPERIMENTAL THEATRE,38.42043170,-82.42932410,Arts & Theatre,Theatre,Comedy,,,PROMOTED BY VENUE,,,
17AOv0G62rfdPJa,Acts of Vengeance,https://www.ticketmaster.com/acts-of-vengeance-huntington-west-virginia-02-24-2027/event/160064F7940E5989,2027-02-24,19:30:00,America/New_York,onsale,WV,Huntington,KovZpZAaIlvA,FRANCIS-BOOTH EXPERIMENTAL THEATRE,38.42043170,-82.42932410,Arts & Theatre,Theatre,Comedy,,,PROMOTED BY VENUE,,,
17AOv0G62rfAgJw,Acts of Vengeance,https://www.ticketmaster.com/acts-of-vengeance-huntington-west-virginia-02-25-2027/event/160064F7941759B2,2027-02-25,19:30:00,America/New_York,onsale,WV,Huntington,KovZpZAaIlvA,FRANCIS-BOOTH EXPERIMENTAL THEATRE,38.42043170,-82.42932410,Arts & Theatre,Theatre,Comedy,,,PROMOTED BY VENUE,,,
17AOv0G62rfagE9,Acts of Vengeance,https://www.ticketmaster.com/acts-of-vengeance-huntington-west-virginia-02-27-2027/event/160064F7942759D7,2027-02-27,19:30:00,America/New_York,onsale,WV,Huntington,KovZpZAaIlvA,FRANCIS-BOOTH EXPERIMENTAL THEATRE,38.42043170,-82.42932410,Arts & Theatre,Theatre,Comedy,,,PROMOTED BY VENUE,,,
Z7r9jZ1AAvsZp,Alaska Thunderf*ck: The Revolution Tour (18+ Event),https://www.ticketmaster.com/event/Z7r9jZ1AAvsZp,2027-03-17,20:00:00,,onsale,WV,Huntington,Z7r9jZaeBi,The Loud,38.369301000,-82.412300000,Music,Other,Other,Z7r9jZauga,Alaska Thunderf**k,,,,
Z7r9jZ1AAZO17,West Virginia Mountaineers Womens Soccer vs. TCU Horned Frogs Womens Soccer,https://www.ticketmaster.com/event/Z7r9jZ1AAZO17,2026-10-30,19:00:00,,onsale,WV,Morgantown,Z7r9jZa7Yd,Dick Dlesk Soccer Stadium,39.630501000,-79.954903000,Undefined,,,Z7r9jZa3kg,West Virginia Mountaineers Womens Soccer,,,,
Z7r9jZ1AAZO1d,West Virginia Mountaineers Womens Soccer vs. UCF Knights Womens Soccer,https://www.ticketmaster.com/event/Z7r9jZ1AAZO1d,2026-10-16,15:00:00,,onsale,WV,Morgantown,Z7r9jZa7Yd,Dick Dlesk Soccer Stadium,39.630501000,-79.954903000,Undefined,,,Z7r9jZa3kg,West Virginia Mountaineers Womens Soccer,,,,
Z7r9jZ1AAZO1e,West Virginia Mountaineers Womens Soccer vs. Utah Utes Womens Soccer,https://www.ticketmaster.com/event/Z7r9jZ1AAZO1e,2026-10-11,12:00:00,,onsale,WV,Morgantown,Z7r9jZa7Yd,Dick Dlesk Soccer Stadium,39.630501000,-79.954903000,Undefined,,,Z7r9jZa3kg,West Virginia Mountaineers Womens Soccer,,,,
Z7r9jZ1AAZO1v,West Virginia Mountaineers Womens Soccer vs. BYU Cougars Womens Soccer,https://www.ticketmaster.com/event/Z7r9jZ1AAZO1v,2026-10-08,19:00:00,,onsale,WV,Morgantown,Z7r9jZa7Yd,Dick Dlesk Soccer Stadium,39.630501000,-79.954903000,Undefined,,,Z7r9jZa3kg,West Virginia Mountaineers Womens Soccer,,,,
Z7r9jZ1AAv9GE,Swan Lake - Symphony of Lights,https://www.ticketmaster.com/event/Z7r9jZ1AAv9GE,2026-10-02,19:00:00,,onsale,WV,Wheeling,Z6r9jZdFde,Capitol Theatre - WV,40.072899000,-80.652397000,Undefined,,,Z7r9jZ177Nft,Swan Lake - Symphony of Lights,,,,
Z7r9jZ1AAv9GY,Meredith Willson's THE MUSIC MAN,https://www.ticketmaster.com/event/Z7r9jZ1AAv9GY,2026-10-07,19:30:00,,onsale,WV,Wheeling,Z6r9jZdFde,Capitol Theatre - WV,40.072899000,-80.652397000,Undefined,,,Z7r9jZ1777GS,The Music Man,,,,
rZ7HnEZ1A4ZE7S,The Comedy Club Presents Dinner and Laughs with Kim Sherwood & Tyrone Davis,https://www.ticketweb.com/event/the-comedy-club-presents-dinner-the-comedy-club-at-wheeling-tickets/15027133,2026-09-25,20:00:00,America/New_York,onsale,WV,Wheeling,rZ7HnEZ174YqI,The Comedy Club at Wheeling Island,40.0634936,-80.7292648,Undefined,,,,,,10.0,34.99,USD
rZ7HnEZ1A4ZEkd,Eats and Beats Festival,https://www.ticketweb.com/event/eats-and-beats-festival-wheeling-island-festival-area-tickets/15027183,2026-10-10,13:00:00,America/New_York,onsale,WV,Wheeling,rZ7HnEZ17bK4I,Wheeling Island Festival Area,40.0634936,-80.7292648,Undefined,,,,,,,,
rZ7HnEZ1Af1FG0,The Comedy Club Presents Dinner and Laughs with The Real John King and Joey Zsa Zsa,https://www.ticketweb.com/event/the-comedy-club-presents-dinner-the-comedy-club-at-wheeling-tickets/14288324,2026-10-16,20:00:00,America/New_York,onsale,WV,Wheeling,rZ7HnEZ174YqI,The Comedy Club at Wheeling Island,40.0634936,-80.7292648,Undefined,,,,,,10.0,34.99,USD
